map_id,date,team1_id,team1,team2_id,team2,score1,score2,map,event,tier
210190,2026-04-08,125071,Tricked,137932,ex-RUBY,1,0,,CCT Europe Series #20 season 3 2026,b
210191,2026-04-08,125071,Tricked,137932,ex-RUBY,1,0,,CCT Europe Series #20 season 3 2026,b
210193,2026-04-08,137289,Team Nemesis,134815,RUSTEC,0,1,,CCT Europe Series #20 season 3 2026,b
210194,2026-04-08,137289,Team Nemesis,134815,RUSTEC,1,0,,CCT Europe Series #20 season 3 2026,b
210195,2026-04-08,137289,Team Nemesis,134815,RUSTEC,1,0,,CCT Europe Series #20 season 3 2026,b
210196,2026-04-08,3249,BIG,137701,Bebop,0,1,,CCT Europe Series #20 season 3 2026,b
210197,2026-04-08,3249,BIG,137701,Bebop,1,0,,CCT Europe Series #20 season 3 2026,b
210198,2026-04-08,3249,BIG,137701,Bebop,1,0,,CCT Europe Series #20 season 3 2026,b
212245,2026-04-08,137699,FOKUS,131189,EYEBALLERS,0,1,,PGL Bucharest 2026,a
212246,2026-04-08,137699,FOKUS,131189,EYEBALLERS,1,0,,PGL Bucharest 2026,a
212247,2026-04-08,137699,FOKUS,131189,EYEBALLERS,0,1,,PGL Bucharest 2026,a
212248,2026-04-08,129381,B8,133708,Legacy,1,0,,PGL Bucharest 2026,a
212249,2026-04-08,129381,B8,133708,Legacy,1,0,,PGL Bucharest 2026,a
212251,2026-04-08,133719,PARIVISION,135273,Wildcard,1,0,,PGL Bucharest 2026,a
212252,2026-04-08,133719,PARIVISION,135273,Wildcard,1,0,,PGL Bucharest 2026,a
210199,2026-04-09,136900,Ursa,3249,BIG,0,1,,CCT Europe Series #20 season 3 2026,b
210200,2026-04-09,136900,Ursa,3249,BIG,0,1,,CCT Europe Series #20 season 3 2026,b
210202,2026-04-09,137488,QWENTRY,137440,ASTRAL,1,0,,CCT Europe Series #20 season 3 2026,b
210203,2026-04-09,137488,QWENTRY,137440,ASTRAL,0,1,,CCT Europe Series #20 season 3 2026,b
210204,2026-04-09,137488,QWENTRY,137440,ASTRAL,1,0,,CCT Europe Series #20 season 3 2026,b
210205,2026-04-09,131189,EYEBALLERS,137289,Team Nemesis,0,1,,CCT Europe Series #20 season 3 2026,b
210206,2026-04-09,131189,EYEBALLERS,137289,Team Nemesis,0,1,,CCT Europe Series #20 season 3 2026,b
210208,2026-04-09,3266,ESC Gaming,125071,Tricked,0,1,,CCT Europe Series #20 season 3 2026,b
210209,2026-04-09,3266,ESC Gaming,125071,Tricked,1,0,,CCT Europe Series #20 season 3 2026,b
210210,2026-04-09,3266,ESC Gaming,125071,Tricked,1,0,,CCT Europe Series #20 season 3 2026,b
212254,2026-04-09,3250,MIBR,3318,3DMAX,1,0,,PGL Bucharest 2026,a
212255,2026-04-09,3250,MIBR,3318,3DMAX,0,1,,PGL Bucharest 2026,a
212256,2026-04-09,3250,MIBR,3318,3DMAX,0,1,,PGL Bucharest 2026,a
212257,2026-04-09,3209,Astralis,131189,EYEBALLERS,0,1,,PGL Bucharest 2026,a
212258,2026-04-09,3209,Astralis,131189,EYEBALLERS,1,0,,PGL Bucharest 2026,a
212259,2026-04-09,3209,Astralis,131189,EYEBALLERS,1,0,,PGL Bucharest 2026,a
212260,2026-04-09,136955,FUT Esports,129381,B8,1,0,,PGL Bucharest 2026,a
212261,2026-04-09,136955,FUT Esports,129381,B8,1,0,,PGL Bucharest 2026,a
212263,2026-04-09,3272,TheMongolz,133719,PARIVISION,0,1,,PGL Bucharest 2026,a
212264,2026-04-09,3272,TheMongolz,133719,PARIVISION,1,0,,PGL Bucharest 2026,a
212265,2026-04-09,3272,TheMongolz,133719,PARIVISION,1,0,,PGL Bucharest 2026,a
210211,2026-04-10,137488,QWENTRY,3249,BIG,0,1,,CCT Europe Series #20 season 3 2026,b
210212,2026-04-10,137488,QWENTRY,3249,BIG,0,1,,CCT Europe Series #20 season 3 2026,b
210214,2026-04-10,137289,Team Nemesis,3266,ESC Gaming,1,0,,CCT Europe Series #20 season 3 2026,b
210215,2026-04-10,137289,Team Nemesis,3266,ESC Gaming,1,0,,CCT Europe Series #20 season 3 2026,b
210217,2026-04-10,3249,BIG,137289,Team Nemesis,0,1,,CCT Europe Series #20 season 3 2026,b
210218,2026-04-10,3249,BIG,137289,Team Nemesis,0,1,,CCT Europe Series #20 season 3 2026,b
212266,2026-04-10,3318,3DMAX,3209,Astralis,0,1,,PGL Bucharest 2026,a
212267,2026-04-10,3318,3DMAX,3209,Astralis,0,1,,PGL Bucharest 2026,a
212269,2026-04-10,136955,FUT Esports,3272,TheMongolz,1,0,,PGL Bucharest 2026,a
212270,2026-04-10,136955,FUT Esports,3272,TheMongolz,1,0,,PGL Bucharest 2026,a
212272,2026-04-11,3209,Astralis,136955,FUT Esports,0,1,,PGL Bucharest 2026,a
212273,2026-04-11,3209,Astralis,136955,FUT Esports,0,1,,PGL Bucharest 2026,a
212274,2026-04-11,3209,Astralis,136955,FUT Esports,1,0,,PGL Bucharest 2026,a
212275,2026-04-11,3209,Astralis,136955,FUT Esports,0,1,,PGL Bucharest 2026,a
212277,2026-04-11,3318,3DMAX,3272,TheMongolz,0,1,,PGL Bucharest 2026,a
212278,2026-04-11,3318,3DMAX,3272,TheMongolz,0,1,,PGL Bucharest 2026,a
212408,2026-04-13,3455,Vitality,126227,RED Canids,1,0,,IEM Rio 2026,s
212409,2026-04-13,3455,Vitality,126227,RED Canids,1,0,,IEM Rio 2026,s
212411,2026-04-13,137296,Gentle Mates,3210,G2,1,0,,IEM Rio 2026,s
212412,2026-04-13,137296,Gentle Mates,3210,G2,0,1,,IEM Rio 2026,s
212413,2026-04-13,137296,Gentle Mates,3210,G2,0,1,,IEM Rio 2026,s
212414,2026-04-13,124523,Spirit,3213,Liquid,1,0,,IEM Rio 2026,s
212415,2026-04-13,124523,Spirit,3213,Liquid,1,0,,IEM Rio 2026,s
212417,2026-04-13,3318,3DMAX,130564,Team Falcons,0,1,,IEM Rio 2026,s
212418,2026-04-13,3318,3DMAX,130564,Team Falcons,0,1,,IEM Rio 2026,s
212420,2026-04-13,124530,FURIA,133686,Passion UA,1,0,,IEM Rio 2026,s
212421,2026-04-13,124530,FURIA,133686,Passion UA,1,0,,IEM Rio 2026,s
212423,2026-04-13,129381,B8,3216,Natus Vincere,0,1,,IEM Rio 2026,s
212424,2026-04-13,129381,B8,3216,Natus Vincere,1,0,,IEM Rio 2026,s
212425,2026-04-13,129381,B8,3216,Natus Vincere,0,1,,IEM Rio 2026,s
212426,2026-04-13,131505,Aurora Gaming,130569,HOTU,1,0,,IEM Rio 2026,s
212427,2026-04-13,131505,Aurora Gaming,130569,HOTU,1,0,,IEM Rio 2026,s
212429,2026-04-13,133708,Legacy,3240,MOUZ,1,0,,IEM Rio 2026,s
212430,2026-04-13,133708,Legacy,3240,MOUZ,0,1,,IEM Rio 2026,s
212431,2026-04-13,133708,Legacy,3240,MOUZ,0,1,,IEM Rio 2026,s
212958,2026-04-14,3455,Vitality,3210,G2,0,1,,IEM Rio 2026,s
212959,2026-04-14,3455,Vitality,3210,G2,1,0,,IEM Rio 2026,s
212960,2026-04-14,3455,Vitality,3210,G2,1,0,,IEM Rio 2026,s
212961,2026-04-14,126227,RED Canids,137296,Gentle Mates,1,0,,IEM Rio 2026,s
212962,2026-04-14,126227,RED Canids,137296,Gentle Mates,0,1,,IEM Rio 2026,s
212963,2026-04-14,126227,RED Canids,137296,Gentle Mates,1,0,,IEM Rio 2026,s
212964,2026-04-14,124523,Spirit,130564,Team Falcons,0,1,,IEM Rio 2026,s
212965,2026-04-14,124523,Spirit,130564,Team Falcons,0,1,,IEM Rio 2026,s
212967,2026-04-14,3213,Liquid,3318,3DMAX,0,1,,IEM Rio 2026,s
212968,2026-04-14,3213,Liquid,3318,3DMAX,0,1,,IEM Rio 2026,s
212970,2026-04-14,3216,Natus Vincere,124530,FURIA,1,0,,IEM Rio 2026,s
212971,2026-04-14,3216,Natus Vincere,124530,FURIA,0,1,,IEM Rio 2026,s
212972,2026-04-14,3216,Natus Vincere,124530,FURIA,0,1,,IEM Rio 2026,s
212973,2026-04-14,129381,B8,133686,Passion UA,1,0,,IEM Rio 2026,s
212974,2026-04-14,129381,B8,133686,Passion UA,1,0,,IEM Rio 2026,s
212976,2026-04-14,3240,MOUZ,131505,Aurora Gaming,1,0,,IEM Rio 2026,s
212977,2026-04-14,3240,MOUZ,131505,Aurora Gaming,1,0,,IEM Rio 2026,s
212979,2026-04-14,133708,Legacy,130569,HOTU,0,1,,IEM Rio 2026,s
212980,2026-04-14,133708,Legacy,130569,HOTU,0,1,,IEM Rio 2026,s
212982,2026-04-15,126227,RED Canids,124523,Spirit,1,0,,IEM Rio 2026,s
212983,2026-04-15,126227,RED Canids,124523,Spirit,0,1,,IEM Rio 2026,s
212984,2026-04-15,126227,RED Canids,124523,Spirit,0,1,,IEM Rio 2026,s
212985,2026-04-15,3210,G2,3318,3DMAX,1,0,,IEM Rio 2026,s
212986,2026-04-15,3210,G2,3318,3DMAX,1,0,,IEM Rio 2026,s
212988,2026-04-15,129381,B8,131505,Aurora Gaming,0,1,,IEM Rio 2026,s
212989,2026-04-15,129381,B8,131505,Aurora Gaming,0,1,,IEM Rio 2026,s
212991,2026-04-15,3216,Natus Vincere,130569,HOTU,1,0,,IEM Rio 2026,s
212992,2026-04-15,3216,Natus Vincere,130569,HOTU,1,0,,IEM Rio 2026,s
212994,2026-04-15,3455,Vitality,130564,Team Falcons,0,1,,IEM Rio 2026,s
212995,2026-04-15,3455,Vitality,130564,Team Falcons,1,0,,IEM Rio 2026,s
212996,2026-04-15,3455,Vitality,130564,Team Falcons,0,1,,IEM Rio 2026,s
212997,2026-04-15,124523,Spirit,3210,G2,1,0,,IEM Rio 2026,s
212998,2026-04-15,124523,Spirit,3210,G2,1,0,,IEM Rio 2026,s
213000,2026-04-15,124530,FURIA,3240,MOUZ,1,0,,IEM Rio 2026,s
213001,2026-04-15,124530,FURIA,3240,MOUZ,1,0,,IEM Rio 2026,s
213003,2026-04-15,3216,Natus Vincere,131505,Aurora Gaming,1,0,,IEM Rio 2026,s
213004,2026-04-15,3216,Natus Vincere,131505,Aurora Gaming,0,1,,IEM Rio 2026,s
213005,2026-04-15,3216,Natus Vincere,131505,Aurora Gaming,1,0,,IEM Rio 2026,s
213048,2026-04-17,124523,Spirit,3240,MOUZ,1,0,,IEM Rio 2026,s
213049,2026-04-17,124523,Spirit,3240,MOUZ,1,0,,IEM Rio 2026,s
213051,2026-04-17,3455,Vitality,3216,Natus Vincere,1,0,,IEM Rio 2026,s
213052,2026-04-17,3455,Vitality,3216,Natus Vincere,1,0,,IEM Rio 2026,s
213054,2026-04-18,130564,Team Falcons,124523,Spirit,0,1,,IEM Rio 2026,s
213055,2026-04-18,130564,Team Falcons,124523,Spirit,0,1,,IEM Rio 2026,s
213057,2026-04-18,124530,FURIA,3455,Vitality,0,1,,IEM Rio 2026,s
213058,2026-04-18,124530,FURIA,3455,Vitality,0,1,,IEM Rio 2026,s
213063,2026-04-19,130564,Team Falcons,124530,FURIA,1,0,,IEM Rio 2026,s
213064,2026-04-19,130564,Team Falcons,124530,FURIA,1,0,,IEM Rio 2026,s
213066,2026-04-19,124523,Spirit,3455,Vitality,0,1,,IEM Rio 2026,s
213067,2026-04-19,124523,Spirit,3455,Vitality,0,1,,IEM Rio 2026,s
213068,2026-04-19,124523,Spirit,3455,Vitality,0,1,,IEM Rio 2026,s
213817,2026-04-23,131441,Monte,135381,Betclic Apogee Esports,1,0,,CCT Global Finals Season 3 2026,b
213818,2026-04-23,131441,Monte,135381,Betclic Apogee Esports,1,0,,CCT Global Finals Season 3 2026,b
213820,2026-04-23,3218,NIP,3260,Sharks,1,0,,CCT Global Finals Season 3 2026,b
213821,2026-04-23,3218,NIP,3260,Sharks,1,0,,CCT Global Finals Season 3 2026,b
213829,2026-04-23,3249,BIG,126452,100 Thieves,1,0,,CCT Global Finals Season 3 2026,b
213830,2026-04-23,3249,BIG,126452,100 Thieves,0,1,,CCT Global Finals Season 3 2026,b
213831,2026-04-23,3249,BIG,126452,100 Thieves,1,0,,CCT Global Finals Season 3 2026,b
213835,2026-04-24,135381,Betclic Apogee Esports,3260,Sharks,0,1,,CCT Global Finals Season 3 2026,b
213836,2026-04-24,135381,Betclic Apogee Esports,3260,Sharks,0,1,,CCT Global Finals Season 3 2026,b
213838,2026-04-24,131441,Monte,3218,NIP,0,1,,CCT Global Finals Season 3 2026,b
213839,2026-04-24,131441,Monte,3218,NIP,1,0,,CCT Global Finals Season 3 2026,b
213840,2026-04-24,131441,Monte,3218,NIP,1,0,,CCT Global Finals Season 3 2026,b
213841,2026-04-24,3249,BIG,3246,Heroic,0,1,,CCT Global Finals Season 3 2026,b
213842,2026-04-24,3249,BIG,3246,Heroic,0,1,,CCT Global Finals Season 3 2026,b
213844,2026-04-25,3260,Sharks,3249,BIG,0,1,,CCT Global Finals Season 3 2026,b
213845,2026-04-25,3260,Sharks,3249,BIG,1,0,,CCT Global Finals Season 3 2026,b
213846,2026-04-25,3260,Sharks,3249,BIG,0,1,,CCT Global Finals Season 3 2026,b
213847,2026-04-25,126452,100 Thieves,3218,NIP,0,1,,CCT Global Finals Season 3 2026,b
213848,2026-04-25,126452,100 Thieves,3218,NIP,0,1,,CCT Global Finals Season 3 2026,b
213850,2026-04-25,3246,Heroic,131441,Monte,1,0,,CCT Global Finals Season 3 2026,b
213851,2026-04-25,3246,Heroic,131441,Monte,0,1,,CCT Global Finals Season 3 2026,b
213852,2026-04-25,3246,Heroic,131441,Monte,1,0,,CCT Global Finals Season 3 2026,b
213853,2026-04-25,3249,BIG,3218,NIP,0,1,,CCT Global Finals Season 3 2026,b
213854,2026-04-25,3249,BIG,3218,NIP,1,0,,CCT Global Finals Season 3 2026,b
213855,2026-04-25,3249,BIG,3218,NIP,0,1,,CCT Global Finals Season 3 2026,b
213856,2026-04-26,131441,Monte,3218,NIP,0,1,,CCT Global Finals Season 3 2026,b
213857,2026-04-26,131441,Monte,3218,NIP,1,0,,CCT Global Finals Season 3 2026,b
213858,2026-04-26,131441,Monte,3218,NIP,1,0,,CCT Global Finals Season 3 2026,b
213859,2026-04-26,3246,Heroic,131441,Monte,0,1,,CCT Global Finals Season 3 2026,b
213860,2026-04-26,3246,Heroic,131441,Monte,0,1,,CCT Global Finals Season 3 2026,b
213861,2026-04-26,3246,Heroic,131441,Monte,1,0,,CCT Global Finals Season 3 2026,b
215321,2026-04-26,3246,Heroic,131441,Monte,0,1,,CCT Global Finals Season 3 2026,b
213242,2026-04-29,3455,Vitality,136955,FUT Esports,1,0,,BLAST Rivals Spring 2026,s
213243,2026-04-29,3455,Vitality,136955,FUT Esports,0,1,,BLAST Rivals Spring 2026,s
213244,2026-04-29,3455,Vitality,136955,FUT Esports,1,0,,BLAST Rivals Spring 2026,s
213245,2026-04-29,3209,Astralis,3210,G2,0,1,,BLAST Rivals Spring 2026,s
213246,2026-04-29,3209,Astralis,3210,G2,0,1,,BLAST Rivals Spring 2026,s
213254,2026-04-29,3216,Natus Vincere,3212,FaZe,1,0,,BLAST Rivals Spring 2026,s
213255,2026-04-29,3216,Natus Vincere,3212,FaZe,1,0,,BLAST Rivals Spring 2026,s
213257,2026-04-29,124530,FURIA,125847,GamerLegion,1,0,,BLAST Rivals Spring 2026,s
213258,2026-04-29,124530,FURIA,125847,GamerLegion,0,1,,BLAST Rivals Spring 2026,s
213248,2026-04-30,3455,Vitality,3210,G2,1,0,,BLAST Rivals Spring 2026,s
213249,2026-04-30,3455,Vitality,3210,G2,0,1,,BLAST Rivals Spring 2026,s
213250,2026-04-30,3455,Vitality,3210,G2,1,0,,BLAST Rivals Spring 2026,s
213251,2026-04-30,136955,FUT Esports,3209,Astralis,0,1,,BLAST Rivals Spring 2026,s
213252,2026-04-30,136955,FUT Esports,3209,Astralis,0,1,,BLAST Rivals Spring 2026,s
213259,2026-04-30,124530,FURIA,125847,GamerLegion,0,1,,BLAST Rivals Spring 2026,s
213266,2026-04-30,3216,Natus Vincere,125847,GamerLegion,1,0,,BLAST Rivals Spring 2026,s
213269,2026-04-30,3212,FaZe,124530,FURIA,1,0,,BLAST Rivals Spring 2026,s
213270,2026-04-30,3212,FaZe,124530,FURIA,0,1,,BLAST Rivals Spring 2026,s
213271,2026-04-30,3212,FaZe,124530,FURIA,1,0,,BLAST Rivals Spring 2026,s
213267,2026-05-01,3216,Natus Vincere,125847,GamerLegion,1,0,,BLAST Rivals Spring 2026,s
213594,2026-05-01,3210,G2,3212,FaZe,0,1,,BLAST Rivals Spring 2026,s
213595,2026-05-01,3210,G2,3212,FaZe,1,0,,BLAST Rivals Spring 2026,s
213596,2026-05-01,3210,G2,3212,FaZe,0,1,,BLAST Rivals Spring 2026,s
213597,2026-05-01,3209,Astralis,125847,GamerLegion,0,1,,BLAST Rivals Spring 2026,s
213598,2026-05-02,3209,Astralis,125847,GamerLegion,0,1,,BLAST Rivals Spring 2026,s
213600,2026-05-02,3216,Natus Vincere,3212,FaZe,1,0,,BLAST Rivals Spring 2026,s
213601,2026-05-02,3216,Natus Vincere,3212,FaZe,1,0,,BLAST Rivals Spring 2026,s
213603,2026-05-02,3455,Vitality,125847,GamerLegion,1,0,,BLAST Rivals Spring 2026,s
213604,2026-05-02,3455,Vitality,125847,GamerLegion,1,0,,BLAST Rivals Spring 2026,s
213611,2026-05-03,3216,Natus Vincere,3455,Vitality,0,1,,BLAST Rivals Spring 2026,s
213612,2026-05-03,3216,Natus Vincere,3455,Vitality,0,1,,BLAST Rivals Spring 2026,s
213613,2026-05-03,3216,Natus Vincere,3455,Vitality,0,1,,BLAST Rivals Spring 2026,s
216508,2026-05-09,131505,Aurora Gaming,3246,Heroic,0,1,,PGL Astana 2026,a
216509,2026-05-09,131505,Aurora Gaming,3246,Heroic,0,1,,PGL Astana 2026,a
216511,2026-05-09,3210,G2,136002,Fisher College,1,0,,PGL Astana 2026,a
216512,2026-05-09,3210,G2,136002,Fisher College,1,0,,PGL Astana 2026,a
216514,2026-05-09,3240,MOUZ,137296,Gentle Mates,1,0,,PGL Astana 2026,a
216515,2026-05-09,3240,MOUZ,137296,Gentle Mates,0,1,,PGL Astana 2026,a
216516,2026-05-09,3240,MOUZ,137296,Gentle Mates,1,0,,PGL Astana 2026,a
216517,2026-05-09,3272,TheMongolz,137739,magic,1,0,,PGL Astana 2026,a
216518,2026-05-09,3272,TheMongolz,137739,magic,1,0,,PGL Astana 2026,a
216520,2026-05-09,124523,Spirit,133900,The Huns Esports,1,0,,PGL Astana 2026,a
216521,2026-05-09,124523,Spirit,133900,The Huns Esports,1,0,,PGL Astana 2026,a
216523,2026-05-09,130564,Team Falcons,135298,K27,1,0,,PGL Astana 2026,a
216524,2026-05-09,130564,Team Falcons,135298,K27,1,0,,PGL Astana 2026,a
216526,2026-05-09,133719,PARIVISION,126709,9z,0,1,,PGL Astana 2026,a
216527,2026-05-09,133719,PARIVISION,126709,9z,0,1,,PGL Astana 2026,a
216529,2026-05-09,124530,FURIA,131441,Monte,1,0,,PGL Astana 2026,a
216530,2026-05-09,124530,FURIA,131441,Monte,1,0,,PGL Astana 2026,a
216532,2026-05-10,3240,MOUZ,3210,G2,0,1,,PGL Astana 2026,a
216533,2026-05-10,3240,MOUZ,3210,G2,1,0,,PGL Astana 2026,a
216534,2026-05-10,3240,MOUZ,3210,G2,1,0,,PGL Astana 2026,a
216535,2026-05-10,135298,K27,137296,Gentle Mates,0,1,,PGL Astana 2026,a
216536,2026-05-10,135298,K27,137296,Gentle Mates,1,0,,PGL Astana 2026,a
216537,2026-05-10,135298,K27,137296,Gentle Mates,0,1,,PGL Astana 2026,a
216538,2026-05-10,3272,TheMongolz,124523,Spirit,0,1,,PGL Astana 2026,a
216539,2026-05-10,3272,TheMongolz,124523,Spirit,0,1,,PGL Astana 2026,a
216541,2026-05-10,131505,Aurora Gaming,133900,The Huns Esports,1,0,,PGL Astana 2026,a
216542,2026-05-10,131505,Aurora Gaming,133900,The Huns Esports,1,0,,PGL Astana 2026,a
216544,2026-05-10,124530,FURIA,3246,Heroic,1,0,,PGL Astana 2026,a
216545,2026-05-10,124530,FURIA,3246,Heroic,1,0,,PGL Astana 2026,a
216547,2026-05-10,133719,PARIVISION,136002,Fisher College,1,0,,PGL Astana 2026,a
216548,2026-05-10,133719,PARIVISION,136002,Fisher College,1,0,,PGL Astana 2026,a
216550,2026-05-10,130564,Team Falcons,126709,9z,0,1,,PGL Astana 2026,a
216551,2026-05-10,130564,Team Falcons,126709,9z,1,0,,PGL Astana 2026,a
216552,2026-05-10,130564,Team Falcons,126709,9z,0,1,,PGL Astana 2026,a
216553,2026-05-10,131441,Monte,137739,magic,1,0,,PGL Astana 2026,a
216554,2026-05-10,131441,Monte,137739,magic,1,0,,PGL Astana 2026,a
216460,2026-05-11,3455,Vitality,135177,BC.Game Esports,1,0,,IEM Atlanta 2026,s
216461,2026-05-11,3455,Vitality,135177,BC.Game Esports,1,0,,IEM Atlanta 2026,s
216463,2026-05-11,129381,B8,133458,BetBoom Team,1,0,,IEM Atlanta 2026,s
216464,2026-05-11,129381,B8,133458,BetBoom Team,0,1,,IEM Atlanta 2026,s
216465,2026-05-11,129381,B8,133458,BetBoom Team,0,1,,IEM Atlanta 2026,s
216466,2026-05-11,3256,NRG,136955,FUT Esports,0,1,,IEM Atlanta 2026,s
216467,2026-05-11,3256,NRG,136955,FUT Esports,0,1,,IEM Atlanta 2026,s
216469,2026-05-11,125751,paiN,3212,FaZe,1,0,,IEM Atlanta 2026,s
216470,2026-05-11,125751,paiN,3212,FaZe,1,0,,IEM Atlanta 2026,s
216472,2026-05-11,3216,Natus Vincere,133686,Passion UA,1,0,,IEM Atlanta 2026,s
216473,2026-05-11,3216,Natus Vincere,133686,Passion UA,1,0,,IEM Atlanta 2026,s
216475,2026-05-11,127014,Sinners,125847,GamerLegion,1,0,,IEM Atlanta 2026,s
216476,2026-05-11,127014,Sinners,125847,GamerLegion,0,1,,IEM Atlanta 2026,s
216477,2026-05-11,127014,Sinners,125847,GamerLegion,0,1,,IEM Atlanta 2026,s
216481,2026-05-11,3213,Liquid,3209,Astralis,0,1,,IEM Atlanta 2026,s
216482,2026-05-11,3213,Liquid,3209,Astralis,0,1,,IEM Atlanta 2026,s
216556,2026-05-11,133719,PARIVISION,131505,Aurora Gaming,0,1,,PGL Astana 2026,a
216557,2026-05-11,133719,PARIVISION,131505,Aurora Gaming,0,1,,PGL Astana 2026,a
216559,2026-05-11,3246,Heroic,137296,Gentle Mates,0,1,,PGL Astana 2026,a
216560,2026-05-11,3246,Heroic,137296,Gentle Mates,0,1,,PGL Astana 2026,a
216562,2026-05-11,130564,Team Falcons,131441,Monte,1,0,,PGL Astana 2026,a
216563,2026-05-11,130564,Team Falcons,131441,Monte,1,0,,PGL Astana 2026,a
216565,2026-05-11,3272,TheMongolz,3210,G2,1,0,,PGL Astana 2026,a
216566,2026-05-11,3272,TheMongolz,3210,G2,1,0,,PGL Astana 2026,a
216568,2026-05-11,3240,MOUZ,126709,9z,0,1,,PGL Astana 2026,a
216569,2026-05-11,3240,MOUZ,126709,9z,1,0,,PGL Astana 2026,a
216570,2026-05-11,3240,MOUZ,126709,9z,0,1,,PGL Astana 2026,a
216571,2026-05-11,135298,K27,137739,magic,0,1,,PGL Astana 2026,a
216572,2026-05-11,135298,K27,137739,magic,0,1,,PGL Astana 2026,a
216574,2026-05-11,124530,FURIA,124523,Spirit,0,1,,PGL Astana 2026,a
216575,2026-05-11,124530,FURIA,124523,Spirit,1,0,,PGL Astana 2026,a
216576,2026-05-11,124530,FURIA,124523,Spirit,0,1,,PGL Astana 2026,a
216577,2026-05-11,133900,The Huns Esports,136002,Fisher College,1,0,,PGL Astana 2026,a
216578,2026-05-11,133900,The Huns Esports,136002,Fisher College,1,0,,PGL Astana 2026,a
216055,2026-05-12,136659,SPARTA,133994,Oxuji Esports,0,1,,CCT Europe Series #1 2026,b
216056,2026-05-12,136659,SPARTA,133994,Oxuji Esports,1,0,,CCT Europe Series #1 2026,b
216057,2026-05-12,136659,SPARTA,133994,Oxuji Esports,1,0,,CCT Europe Series #1 2026,b
216058,2026-05-12,3217,fnatic,125774,HAVU,1,0,,CCT Europe Series #1 2026,b
216059,2026-05-12,3217,fnatic,125774,HAVU,1,0,,CCT Europe Series #1 2026,b
216061,2026-05-12,137708,BET-M 33,138610,Walczaki,0,1,,CCT Europe Series #1 2026,b
216062,2026-05-12,137708,BET-M 33,138610,Walczaki,0,1,,CCT Europe Series #1 2026,b
216064,2026-05-12,130569,HOTU,138617,INOX Division,0,1,,CCT Europe Series #1 2026,b
216065,2026-05-12,130569,HOTU,138617,INOX Division,1,0,,CCT Europe Series #1 2026,b
216066,2026-05-12,130569,HOTU,138617,INOX Division,1,0,,CCT Europe Series #1 2026,b
216478,2026-05-12,133708,Legacy,133435,M80,1,0,,IEM Atlanta 2026,s
216479,2026-05-12,133708,Legacy,133435,M80,1,0,,IEM Atlanta 2026,s
216580,2026-05-12,3240,MOUZ,131505,Aurora Gaming,1,0,,PGL Astana 2026,a
216581,2026-05-12,3240,MOUZ,131505,Aurora Gaming,1,0,,PGL Astana 2026,a
216583,2026-05-12,3246,Heroic,137739,magic,0,1,,PGL Astana 2026,a
216584,2026-05-12,3246,Heroic,137739,magic,1,0,,PGL Astana 2026,a
216585,2026-05-12,3246,Heroic,137739,magic,0,1,,PGL Astana 2026,a
216586,2026-05-12,3272,TheMongolz,130564,Team Falcons,0,1,,PGL Astana 2026,a
216587,2026-05-12,3272,TheMongolz,130564,Team Falcons,1,0,,PGL Astana 2026,a
216588,2026-05-12,3272,TheMongolz,130564,Team Falcons,0,1,,PGL Astana 2026,a
216589,2026-05-12,131441,Monte,133900,The Huns Esports,1,0,,PGL Astana 2026,a
216590,2026-05-12,131441,Monte,133900,The Huns Esports,0,1,,PGL Astana 2026,a
216591,2026-05-12,131441,Monte,133900,The Huns Esports,1,0,,PGL Astana 2026,a
216592,2026-05-12,124530,FURIA,137296,Gentle Mates,1,0,,PGL Astana 2026,a
216593,2026-05-12,124530,FURIA,137296,Gentle Mates,0,1,,PGL Astana 2026,a
216594,2026-05-12,124530,FURIA,137296,Gentle Mates,1,0,,PGL Astana 2026,a
216595,2026-05-12,133719,PARIVISION,3210,G2,0,1,,PGL Astana 2026,a
216596,2026-05-12,133719,PARIVISION,3210,G2,1,0,,PGL Astana 2026,a
216597,2026-05-12,133719,PARIVISION,3210,G2,0,1,,PGL Astana 2026,a
216633,2026-05-12,133458,BetBoom Team,3455,Vitality,1,0,,IEM Atlanta 2026,s
216634,2026-05-12,133458,BetBoom Team,3455,Vitality,0,1,,IEM Atlanta 2026,s
216635,2026-05-12,133458,BetBoom Team,3455,Vitality,1,0,,IEM Atlanta 2026,s
216636,2026-05-12,129381,B8,135177,BC.Game Esports,1,0,,IEM Atlanta 2026,s
216637,2026-05-12,129381,B8,135177,BC.Game Esports,1,0,,IEM Atlanta 2026,s
216639,2026-05-12,125751,paiN,136955,FUT Esports,1,0,,IEM Atlanta 2026,s
216640,2026-05-12,125751,paiN,136955,FUT Esports,0,1,,IEM Atlanta 2026,s
216641,2026-05-12,125751,paiN,136955,FUT Esports,1,0,,IEM Atlanta 2026,s
216642,2026-05-12,3212,FaZe,3256,NRG,1,0,,IEM Atlanta 2026,s
216643,2026-05-12,3212,FaZe,3256,NRG,1,0,,IEM Atlanta 2026,s
216645,2026-05-12,3216,Natus Vincere,125847,GamerLegion,1,0,,IEM Atlanta 2026,s
216646,2026-05-12,3216,Natus Vincere,125847,GamerLegion,0,1,,IEM Atlanta 2026,s
216647,2026-05-12,3216,Natus Vincere,125847,GamerLegion,1,0,,IEM Atlanta 2026,s
216648,2026-05-12,133686,Passion UA,127014,Sinners,1,0,,IEM Atlanta 2026,s
216649,2026-05-12,133686,Passion UA,127014,Sinners,0,1,,IEM Atlanta 2026,s
216651,2026-05-12,3209,Astralis,133708,Legacy,0,1,,IEM Atlanta 2026,s
216067,2026-05-13,124522,Nemiga,137932,ex-RUBY,1,0,,CCT Europe Series #1 2026,b
216068,2026-05-13,124522,Nemiga,137932,ex-RUBY,0,1,,CCT Europe Series #1 2026,b
216069,2026-05-13,124522,Nemiga,137932,ex-RUBY,1,0,,CCT Europe Series #1 2026,b
216070,2026-05-13,126452,100 Thieves,138370,Lavked,0,1,,CCT Europe Series #1 2026,b
216071,2026-05-13,126452,100 Thieves,138370,Lavked,0,1,,CCT Europe Series #1 2026,b
216073,2026-05-13,137112,KOLESIE,137948,TDK,0,1,,CCT Europe Series #1 2026,b
216074,2026-05-13,137112,KOLESIE,137948,TDK,0,1,,CCT Europe Series #1 2026,b
216076,2026-05-13,135381,Betclic Apogee Esports,137416,TNC,0,1,,CCT Europe Series #1 2026,b
216077,2026-05-13,135381,Betclic Apogee Esports,137416,TNC,1,0,,CCT Europe Series #1 2026,b
216078,2026-05-13,135381,Betclic Apogee Esports,137416,TNC,0,1,,CCT Europe Series #1 2026,b
216598,2026-05-13,137296,Gentle Mates,137739,magic,0,1,,PGL Astana 2026,a
216599,2026-05-13,137296,Gentle Mates,137739,magic,0,1,,PGL Astana 2026,a
216601,2026-05-13,131441,Monte,3210,G2,0,1,,PGL Astana 2026,a
216602,2026-05-13,131441,Monte,3210,G2,0,1,,PGL Astana 2026,a
216604,2026-05-13,3272,TheMongolz,131505,Aurora Gaming,0,1,,PGL Astana 2026,a
216605,2026-05-13,3272,TheMongolz,131505,Aurora Gaming,0,1,,PGL Astana 2026,a
216650,2026-05-13,133686,Passion UA,127014,Sinners,0,1,,IEM Atlanta 2026,s
216652,2026-05-13,3209,Astralis,133708,Legacy,0,1,,IEM Atlanta 2026,s
216654,2026-05-13,3213,Liquid,133435,M80,0,1,,IEM Atlanta 2026,s
216655,2026-05-13,3213,Liquid,133435,M80,1,0,,IEM Atlanta 2026,s
216656,2026-05-13,3213,Liquid,133435,M80,1,0,,IEM Atlanta 2026,s
216657,2026-05-13,129381,B8,136955,FUT Esports,1,0,,IEM Atlanta 2026,s
216658,2026-05-13,129381,B8,136955,FUT Esports,1,0,,IEM Atlanta 2026,s
216660,2026-05-13,3212,FaZe,3455,Vitality,0,1,,IEM Atlanta 2026,s
216661,2026-05-13,3212,FaZe,3455,Vitality,0,1,,IEM Atlanta 2026,s
216663,2026-05-13,127014,Sinners,3209,Astralis,0,1,,IEM Atlanta 2026,s
216664,2026-05-13,127014,Sinners,3209,Astralis,0,1,,IEM Atlanta 2026,s
216666,2026-05-13,125847,GamerLegion,3213,Liquid,1,0,,IEM Atlanta 2026,s
216667,2026-05-13,125847,GamerLegion,3213,Liquid,1,0,,IEM Atlanta 2026,s
216669,2026-05-13,133458,BetBoom Team,125751,paiN,1,0,,IEM Atlanta 2026,s
216670,2026-05-13,133458,BetBoom Team,125751,paiN,0,1,,IEM Atlanta 2026,s
216671,2026-05-13,133458,BetBoom Team,125751,paiN,1,0,,IEM Atlanta 2026,s
216672,2026-05-13,129381,B8,3455,Vitality,0,1,,IEM Atlanta 2026,s
216673,2026-05-13,129381,B8,3455,Vitality,0,1,,IEM Atlanta 2026,s
216675,2026-05-13,3216,Natus Vincere,133708,Legacy,0,1,,IEM Atlanta 2026,s
216678,2026-05-13,125847,GamerLegion,3209,Astralis,1,0,,IEM Atlanta 2026,s
216679,2026-05-13,125847,GamerLegion,3209,Astralis,1,0,,IEM Atlanta 2026,s
216079,2026-05-14,130569,HOTU,138610,Walczaki,0,1,,CCT Europe Series #1 2026,b
216080,2026-05-14,130569,HOTU,138610,Walczaki,1,0,,CCT Europe Series #1 2026,b
216081,2026-05-14,130569,HOTU,138610,Walczaki,0,1,,CCT Europe Series #1 2026,b
216082,2026-05-14,136659,SPARTA,124522,Nemiga,0,1,,CCT Europe Series #1 2026,b
216083,2026-05-14,136659,SPARTA,124522,Nemiga,0,1,,CCT Europe Series #1 2026,b
216085,2026-05-14,138370,Lavked,137416,TNC,1,0,,CCT Europe Series #1 2026,b
216086,2026-05-14,138370,Lavked,137416,TNC,0,1,,CCT Europe Series #1 2026,b
216087,2026-05-14,138370,Lavked,137416,TNC,1,0,,CCT Europe Series #1 2026,b
216088,2026-05-14,3217,fnatic,137948,TDK,0,1,,CCT Europe Series #1 2026,b
216089,2026-05-14,3217,fnatic,137948,TDK,1,0,,CCT Europe Series #1 2026,b
216090,2026-05-14,3217,fnatic,137948,TDK,1,0,,CCT Europe Series #1 2026,b
216676,2026-05-14,3216,Natus Vincere,133708,Legacy,1,0,,IEM Atlanta 2026,s
216677,2026-05-14,3216,Natus Vincere,133708,Legacy,0,1,,IEM Atlanta 2026,s
216091,2026-05-15,138610,Walczaki,124522,Nemiga,0,1,,CCT Europe Series #1 2026,b
216092,2026-05-15,138610,Walczaki,124522,Nemiga,1,0,,CCT Europe Series #1 2026,b
216093,2026-05-15,138610,Walczaki,124522,Nemiga,0,1,,CCT Europe Series #1 2026,b
216094,2026-05-15,138370,Lavked,3217,fnatic,1,0,,CCT Europe Series #1 2026,b
216095,2026-05-15,138370,Lavked,3217,fnatic,1,0,,CCT Europe Series #1 2026,b
216097,2026-05-15,138370,Lavked,124522,Nemiga,0,1,,CCT Europe Series #1 2026,b
216098,2026-05-15,138370,Lavked,124522,Nemiga,0,1,,CCT Europe Series #1 2026,b
216607,2026-05-15,3240,MOUZ,131505,Aurora Gaming,1,0,,PGL Astana 2026,a
216608,2026-05-15,3240,MOUZ,131505,Aurora Gaming,1,0,,PGL Astana 2026,a
216610,2026-05-15,124523,Spirit,3210,G2,1,0,,PGL Astana 2026,a
216611,2026-05-15,124523,Spirit,3210,G2,1,0,,PGL Astana 2026,a
216613,2026-05-15,126709,9z,137739,magic,0,1,,PGL Astana 2026,a
216614,2026-05-15,126709,9z,137739,magic,1,0,,PGL Astana 2026,a
216615,2026-05-15,126709,9z,137739,magic,0,1,,PGL Astana 2026,a
216616,2026-05-15,124530,FURIA,130564,Team Falcons,1,0,,PGL Astana 2026,a
216617,2026-05-15,124530,FURIA,130564,Team Falcons,0,1,,PGL Astana 2026,a
216618,2026-05-15,124530,FURIA,130564,Team Falcons,0,1,,PGL Astana 2026,a
216681,2026-05-15,125751,paiN,125847,GamerLegion,1,0,,IEM Atlanta 2026,s
216682,2026-05-15,125751,paiN,125847,GamerLegion,0,1,,IEM Atlanta 2026,s
216683,2026-05-15,125751,paiN,125847,GamerLegion,0,1,,IEM Atlanta 2026,s
216684,2026-05-15,3216,Natus Vincere,3455,Vitality,0,1,,IEM Atlanta 2026,s
216685,2026-05-15,3216,Natus Vincere,3455,Vitality,1,0,,IEM Atlanta 2026,s
216686,2026-05-15,3216,Natus Vincere,3455,Vitality,1,0,,IEM Atlanta 2026,s
216619,2026-05-16,3240,MOUZ,124523,Spirit,0,1,,PGL Astana 2026,a
216620,2026-05-16,3240,MOUZ,124523,Spirit,0,1,,PGL Astana 2026,a
216622,2026-05-16,137739,magic,130564,Team Falcons,0,1,,PGL Astana 2026,a
216623,2026-05-16,137739,magic,130564,Team Falcons,0,1,,PGL Astana 2026,a
216687,2026-05-16,133458,BetBoom Team,3216,Natus Vincere,0,1,,IEM Atlanta 2026,s
216688,2026-05-16,133458,BetBoom Team,3216,Natus Vincere,0,1,,IEM Atlanta 2026,s
216690,2026-05-16,133708,Legacy,125847,GamerLegion,0,1,,IEM Atlanta 2026,s
216691,2026-05-16,133708,Legacy,125847,GamerLegion,1,0,,IEM Atlanta 2026,s
216692,2026-05-16,133708,Legacy,125847,GamerLegion,0,1,,IEM Atlanta 2026,s
216625,2026-05-17,3240,MOUZ,137739,magic,1,0,,PGL Astana 2026,a
216626,2026-05-17,3240,MOUZ,137739,magic,1,0,,PGL Astana 2026,a
216628,2026-05-17,124523,Spirit,130564,Team Falcons,1,0,,PGL Astana 2026,a
216629,2026-05-17,124523,Spirit,130564,Team Falcons,1,0,,PGL Astana 2026,a
216630,2026-05-17,124523,Spirit,130564,Team Falcons,1,0,,PGL Astana 2026,a
216696,2026-05-17,133708,Legacy,133458,BetBoom Team,1,0,,IEM Atlanta 2026,s
216697,2026-05-17,133708,Legacy,133458,BetBoom Team,1,0,,IEM Atlanta 2026,s
216699,2026-05-17,125847,GamerLegion,3216,Natus Vincere,0,1,,IEM Atlanta 2026,s
216700,2026-05-17,125847,GamerLegion,3216,Natus Vincere,0,1,,IEM Atlanta 2026,s
216701,2026-05-17,125847,GamerLegion,3216,Natus Vincere,0,1,,IEM Atlanta 2026,s
216897,2026-05-20,130564,Team Falcons,135177,BC.Game Esports,1,0,,CS Asia Championships 2026,a
216900,2026-05-20,125751,paiN,133435,M80,0,1,,CS Asia Championships 2026,a
216901,2026-05-20,133708,Legacy,3256,NRG,1,0,,CS Asia Championships 2026,a
216902,2026-05-20,3240,MOUZ,3248,TYLOO,0,1,,CS Asia Championships 2026,a
216903,2026-05-20,3272,TheMongolz,126439,Lynn Vision,1,0,,CS Asia Championships 2026,a
216904,2026-05-20,129381,B8,3218,NIP,1,0,,CS Asia Championships 2026,a
216905,2026-05-20,3318,3DMAX,3250,MIBR,0,1,,CS Asia Championships 2026,a
216906,2026-05-20,133719,PARIVISION,3213,Liquid,1,0,,CS Asia Championships 2026,a
216907,2026-05-20,130564,Team Falcons,133435,M80,1,0,,CS Asia Championships 2026,a
216908,2026-05-20,130564,Team Falcons,133435,M80,1,0,,CS Asia Championships 2026,a
216910,2026-05-20,133708,Legacy,3248,TYLOO,1,0,,CS Asia Championships 2026,a
216911,2026-05-20,133708,Legacy,3248,TYLOO,1,0,,CS Asia Championships 2026,a
216934,2026-05-20,3272,TheMongolz,129381,B8,0,1,,CS Asia Championships 2026,a
216935,2026-05-20,3272,TheMongolz,129381,B8,1,0,,CS Asia Championships 2026,a
216936,2026-05-20,3272,TheMongolz,129381,B8,0,1,,CS Asia Championships 2026,a
216937,2026-05-20,3250,MIBR,133719,PARIVISION,1,0,,CS Asia Championships 2026,a
216938,2026-05-20,3250,MIBR,133719,PARIVISION,1,0,,CS Asia Championships 2026,a
216919,2026-05-21,135177,BC.Game Esports,125751,paiN,0,1,,CS Asia Championships 2026,a
216920,2026-05-21,135177,BC.Game Esports,125751,paiN,0,1,,CS Asia Championships 2026,a
216922,2026-05-21,3256,NRG,3240,MOUZ,1,0,,CS Asia Championships 2026,a
216923,2026-05-21,3256,NRG,3240,MOUZ,0,1,,CS Asia Championships 2026,a
216924,2026-05-21,3256,NRG,3240,MOUZ,0,1,,CS Asia Championships 2026,a
216925,2026-05-21,3248,TYLOO,125751,paiN,0,1,,CS Asia Championships 2026,a
216926,2026-05-21,3248,TYLOO,125751,paiN,1,0,,CS Asia Championships 2026,a
216927,2026-05-21,3248,TYLOO,125751,paiN,0,1,,CS Asia Championships 2026,a
216928,2026-05-21,133435,M80,3240,MOUZ,0,1,,CS Asia Championships 2026,a
216929,2026-05-21,133435,M80,3240,MOUZ,1,0,,CS Asia Championships 2026,a
216930,2026-05-21,133435,M80,3240,MOUZ,0,1,,CS Asia Championships 2026,a
216943,2026-05-21,126439,Lynn Vision,3218,NIP,1,0,,CS Asia Championships 2026,a
216944,2026-05-21,126439,Lynn Vision,3218,NIP,0,1,,CS Asia Championships 2026,a
216945,2026-05-21,126439,Lynn Vision,3218,NIP,1,0,,CS Asia Championships 2026,a
216946,2026-05-21,3318,3DMAX,3213,Liquid,0,1,,CS Asia Championships 2026,a
216947,2026-05-21,3318,3DMAX,3213,Liquid,1,0,,CS Asia Championships 2026,a
216948,2026-05-21,3318,3DMAX,3213,Liquid,0,1,,CS Asia Championships 2026,a
216949,2026-05-21,133719,PARIVISION,126439,Lynn Vision,1,0,,CS Asia Championships 2026,a
216950,2026-05-21,133719,PARIVISION,126439,Lynn Vision,1,0,,CS Asia Championships 2026,a
216952,2026-05-21,3272,TheMongolz,3213,Liquid,0,1,,CS Asia Championships 2026,a
216953,2026-05-21,3272,TheMongolz,3213,Liquid,1,0,,CS Asia Championships 2026,a
216954,2026-05-21,3272,TheMongolz,3213,Liquid,1,0,,CS Asia Championships 2026,a
216916,2026-05-22,130564,Team Falcons,133708,Legacy,1,0,,CS Asia Championships 2026,a
216917,2026-05-22,130564,Team Falcons,133708,Legacy,1,0,,CS Asia Championships 2026,a
216931,2026-05-22,3240,MOUZ,125751,paiN,1,0,,CS Asia Championships 2026,a
216932,2026-05-22,3240,MOUZ,125751,paiN,1,0,,CS Asia Championships 2026,a
216940,2026-05-22,3250,MIBR,129381,B8,1,0,,CS Asia Championships 2026,a
216941,2026-05-22,3250,MIBR,129381,B8,0,1,,CS Asia Championships 2026,a
216942,2026-05-22,3250,MIBR,129381,B8,1,0,,CS Asia Championships 2026,a
216955,2026-05-22,3272,TheMongolz,133719,PARIVISION,1,0,,CS Asia Championships 2026,a
216956,2026-05-22,3272,TheMongolz,133719,PARIVISION,1,0,,CS Asia Championships 2026,a
216958,2026-05-22,129381,B8,3240,MOUZ,0,1,,CS Asia Championships 2026,a
216959,2026-05-22,129381,B8,3240,MOUZ,0,1,,CS Asia Championships 2026,a
216961,2026-05-22,133708,Legacy,3272,TheMongolz,1,0,,CS Asia Championships 2026,a
216962,2026-05-22,133708,Legacy,3272,TheMongolz,0,1,,CS Asia Championships 2026,a
216963,2026-05-22,133708,Legacy,3272,TheMongolz,1,0,,CS Asia Championships 2026,a
216964,2026-05-23,130564,Team Falcons,3240,MOUZ,0,1,,CS Asia Championships 2026,a
216965,2026-05-23,130564,Team Falcons,3240,MOUZ,1,0,,CS Asia Championships 2026,a
216966,2026-05-23,130564,Team Falcons,3240,MOUZ,1,0,,CS Asia Championships 2026,a
216967,2026-05-23,3250,MIBR,133708,Legacy,0,1,,CS Asia Championships 2026,a
216968,2026-05-23,3250,MIBR,133708,Legacy,0,1,,CS Asia Championships 2026,a
216975,2026-05-24,130564,Team Falcons,133708,Legacy,1,0,,CS Asia Championships 2026,a
216976,2026-05-24,130564,Team Falcons,133708,Legacy,0,1,,CS Asia Championships 2026,a
216977,2026-05-24,130564,Team Falcons,133708,Legacy,0,1,,CS Asia Championships 2026,a
216978,2026-05-24,130564,Team Falcons,133708,Legacy,0,1,,CS Asia Championships 2026,a
216980,2026-05-24,3240,MOUZ,3250,MIBR,1,0,,CS Asia Championships 2026,a
216981,2026-05-24,3240,MOUZ,3250,MIBR,1,0,,CS Asia Championships 2026,a
216849,2026-05-27,3318,3DMAX,137739,magic,0,1,,Stake Ranked Episode 2 2026,b
216850,2026-05-27,3318,3DMAX,137739,magic,0,1,,Stake Ranked Episode 2 2026,b
216852,2026-05-27,3212,FaZe,133725,Alliance,1,0,,Stake Ranked Episode 2 2026,b
216853,2026-05-27,3212,FaZe,133725,Alliance,1,0,,Stake Ranked Episode 2 2026,b
216855,2026-05-27,3246,Heroic,3218,NIP,0,1,,Stake Ranked Episode 2 2026,b
216856,2026-05-27,3246,Heroic,3218,NIP,0,1,,Stake Ranked Episode 2 2026,b
216858,2026-05-27,126709,9z,3260,Sharks,0,1,,Stake Ranked Episode 2 2026,b
216859,2026-05-27,126709,9z,3260,Sharks,1,0,,Stake Ranked Episode 2 2026,b
216860,2026-05-27,126709,9z,3260,Sharks,0,1,,Stake Ranked Episode 2 2026,b
217794,2026-05-27,134188,Johnny Speeds,136560,Phantom,1,0,,CCT Europe Series #2 2026,b
217795,2026-05-27,134188,Johnny Speeds,136560,Phantom,1,0,,CCT Europe Series #2 2026,b
217797,2026-05-27,124522,Nemiga,137458,Oramond,1,0,,CCT Europe Series #2 2026,b
217798,2026-05-27,124522,Nemiga,137458,Oramond,1,0,,CCT Europe Series #2 2026,b
217800,2026-05-27,137296,Gentle Mates,136539,ALGO Esports,1,0,,CCT Europe Series #2 2026,b
217801,2026-05-27,137296,Gentle Mates,136539,ALGO Esports,1,0,,CCT Europe Series #2 2026,b
217803,2026-05-27,129413,Eternal Fire,3217,fnatic,1,0,,CCT Europe Series #2 2026,b
217804,2026-05-27,129413,Eternal Fire,3217,fnatic,0,1,,CCT Europe Series #2 2026,b
217805,2026-05-27,129413,Eternal Fire,3217,fnatic,1,0,,CCT Europe Series #2 2026,b
216861,2026-05-28,137739,magic,3212,FaZe,0,1,,Stake Ranked Episode 2 2026,b
216862,2026-05-28,137739,magic,3212,FaZe,1,0,,Stake Ranked Episode 2 2026,b
216863,2026-05-28,137739,magic,3212,FaZe,1,0,,Stake Ranked Episode 2 2026,b
216864,2026-05-28,3260,Sharks,3218,NIP,0,1,,Stake Ranked Episode 2 2026,b
216865,2026-05-28,3260,Sharks,3218,NIP,0,1,,Stake Ranked Episode 2 2026,b
216885,2026-05-28,3318,3DMAX,133725,Alliance,0,1,,Stake Ranked Episode 2 2026,b
216886,2026-05-28,3318,3DMAX,133725,Alliance,1,0,,Stake Ranked Episode 2 2026,b
216887,2026-05-28,3318,3DMAX,133725,Alliance,0,1,,Stake Ranked Episode 2 2026,b
216888,2026-05-28,126709,9z,3246,Heroic,1,0,,Stake Ranked Episode 2 2026,b
216889,2026-05-28,126709,9z,3246,Heroic,0,1,,Stake Ranked Episode 2 2026,b
216890,2026-05-28,126709,9z,3246,Heroic,1,0,,Stake Ranked Episode 2 2026,b
217806,2026-05-28,135381,Betclic Apogee Esports,128519,GenOne,0,1,,CCT Europe Series #2 2026,b
217807,2026-05-28,135381,Betclic Apogee Esports,128519,GenOne,1,0,,CCT Europe Series #2 2026,b
217808,2026-05-28,135381,Betclic Apogee Esports,128519,GenOne,0,1,,CCT Europe Series #2 2026,b
217809,2026-05-28,125071,Tricked,138406,Just Players,0,1,,CCT Europe Series #2 2026,b
217810,2026-05-28,125071,Tricked,138406,Just Players,1,0,,CCT Europe Series #2 2026,b
217811,2026-05-28,125071,Tricked,138406,Just Players,0,1,,CCT Europe Series #2 2026,b
217812,2026-05-28,126944,1WIN,136817,AM Gaming,0,1,,CCT Europe Series #2 2026,b
217813,2026-05-28,126944,1WIN,136817,AM Gaming,0,1,,CCT Europe Series #2 2026,b
217815,2026-05-28,135497,WW Team,137932,ex-RUBY,1,0,,CCT Europe Series #2 2026,b
217816,2026-05-28,135497,WW Team,137932,ex-RUBY,0,1,,CCT Europe Series #2 2026,b
217817,2026-05-28,135497,WW Team,137932,ex-RUBY,1,0,,CCT Europe Series #2 2026,b
216867,2026-05-29,137739,magic,3218,NIP,1,0,,Stake Ranked Episode 2 2026,b
216868,2026-05-29,137739,magic,3218,NIP,1,0,,Stake Ranked Episode 2 2026,b
216876,2026-05-29,3212,FaZe,3260,Sharks,1,0,,Stake Ranked Episode 2 2026,b
216877,2026-05-29,3212,FaZe,3260,Sharks,1,0,,Stake Ranked Episode 2 2026,b
216879,2026-05-29,133725,Alliance,3260,Sharks,0,1,,Stake Ranked Episode 2 2026,b
216880,2026-05-29,133725,Alliance,3260,Sharks,0,1,,Stake Ranked Episode 2 2026,b
216882,2026-05-29,126709,9z,3212,FaZe,0,1,,Stake Ranked Episode 2 2026,b
216883,2026-05-29,126709,9z,3212,FaZe,1,0,,Stake Ranked Episode 2 2026,b
216884,2026-05-29,126709,9z,3212,FaZe,0,1,,Stake Ranked Episode 2 2026,b
217818,2026-05-29,137296,Gentle Mates,129413,Eternal Fire,1,0,,CCT Europe Series #2 2026,b
217819,2026-05-29,137296,Gentle Mates,129413,Eternal Fire,0,1,,CCT Europe Series #2 2026,b
217820,2026-05-29,137296,Gentle Mates,129413,Eternal Fire,1,0,,CCT Europe Series #2 2026,b
217821,2026-05-29,138406,Just Players,128519,GenOne,0,1,,CCT Europe Series #2 2026,b
217822,2026-05-29,138406,Just Players,128519,GenOne,0,1,,CCT Europe Series #2 2026,b
217824,2026-05-29,124522,Nemiga,135497,WW Team,1,0,,CCT Europe Series #2 2026,b
217825,2026-05-29,124522,Nemiga,135497,WW Team,0,1,,CCT Europe Series #2 2026,b
217826,2026-05-29,124522,Nemiga,135497,WW Team,0,1,,CCT Europe Series #2 2026,b
217827,2026-05-29,136817,AM Gaming,134188,Johnny Speeds,0,1,,CCT Europe Series #2 2026,b
217828,2026-05-29,136817,AM Gaming,134188,Johnny Speeds,1,0,,CCT Europe Series #2 2026,b
217829,2026-05-29,136817,AM Gaming,134188,Johnny Speeds,0,1,,CCT Europe Series #2 2026,b
216870,2026-05-30,137739,magic,3218,NIP,0,1,,Stake Ranked Episode 2 2026,b
216871,2026-05-30,137739,magic,3218,NIP,1,0,,Stake Ranked Episode 2 2026,b
216872,2026-05-30,137739,magic,3218,NIP,0,1,,Stake Ranked Episode 2 2026,b
216873,2026-05-30,3218,NIP,3212,FaZe,1,0,,Stake Ranked Episode 2 2026,b
216874,2026-05-30,3218,NIP,3212,FaZe,1,0,,Stake Ranked Episode 2 2026,b
217830,2026-05-30,137296,Gentle Mates,128519,GenOne,1,0,,CCT Europe Series #2 2026,b
217831,2026-05-30,137296,Gentle Mates,128519,GenOne,1,0,,CCT Europe Series #2 2026,b
217833,2026-05-30,134188,Johnny Speeds,135497,WW Team,0,1,,CCT Europe Series #2 2026,b
217834,2026-05-30,134188,Johnny Speeds,135497,WW Team,1,0,,CCT Europe Series #2 2026,b
217835,2026-05-30,134188,Johnny Speeds,135497,WW Team,0,1,,CCT Europe Series #2 2026,b
217836,2026-05-30,135497,WW Team,137296,Gentle Mates,0,1,,CCT Europe Series #2 2026,b
217837,2026-05-30,135497,WW Team,137296,Gentle Mates,0,1,,CCT Europe Series #2 2026,b
218041,2026-06-02,125847,GamerLegion,3256,NRG,1,0,,IEM Cologne Major 2026,s
218042,2026-06-02,129381,B8,3248,TYLOO,1,0,,IEM Cologne Major 2026,s
218043,2026-06-02,133458,BetBoom Team,130566,Gaimin Gladiators,1,0,,IEM Cologne Major 2026,s
218044,2026-06-02,3249,BIG,3213,Liquid,0,1,,IEM Cologne Major 2026,s
218045,2026-06-02,133435,M80,126439,Lynn Vision,1,0,,IEM Cologne Major 2026,s
218046,2026-06-02,127014,Sinners,134746,FlyQuest,0,1,,IEM Cologne Major 2026,s
218047,2026-06-02,3250,MIBR,137594,THUNDER dOWNUNDER,0,1,,IEM Cologne Major 2026,s
218048,2026-06-02,3246,Heroic,3260,Sharks,0,1,,IEM Cologne Major 2026,s
219439,2026-06-02,3246,Heroic,126439,Lynn Vision,0,1,,IEM Cologne Major 2026,s
219440,2026-06-02,125847,GamerLegion,134746,FlyQuest,1,0,,IEM Cologne Major 2026,s
219441,2026-06-02,129381,B8,137594,THUNDER dOWNUNDER,1,0,,IEM Cologne Major 2026,s
219442,2026-06-02,3250,MIBR,3248,TYLOO,1,0,,IEM Cologne Major 2026,s
219443,2026-06-02,127014,Sinners,3256,NRG,0,1,,IEM Cologne Major 2026,s
219444,2026-06-02,133435,M80,3260,Sharks,1,0,,IEM Cologne Major 2026,s
219445,2026-06-02,133458,BetBoom Team,3213,Liquid,1,0,,IEM Cologne Major 2026,s
219446,2026-06-02,3249,BIG,130566,Gaimin Gladiators,1,0,,IEM Cologne Major 2026,s
219150,2026-06-03,137511,illwill,137703,ex-Zero Tenacity,1,0,,CCT Europe Series #3 2026,b
219151,2026-06-03,137511,illwill,137703,ex-Zero Tenacity,0,1,,CCT Europe Series #3 2026,b
219152,2026-06-03,137511,illwill,137703,ex-Zero Tenacity,0,1,,CCT Europe Series #3 2026,b
219153,2026-06-03,126944,1WIN,138370,Lavked,1,0,,CCT Europe Series #3 2026,b
219154,2026-06-03,126944,1WIN,138370,Lavked,0,1,,CCT Europe Series #3 2026,b
219155,2026-06-03,126944,1WIN,138370,Lavked,1,0,,CCT Europe Series #3 2026,b
219156,2026-06-03,134188,Johnny Speeds,137416,TNC,1,0,,CCT Europe Series #3 2026,b
219157,2026-06-03,134188,Johnny Speeds,137416,TNC,1,0,,CCT Europe Series #3 2026,b
219159,2026-06-03,125071,Tricked,136560,Phantom,0,1,,CCT Europe Series #3 2026,b
219160,2026-06-03,125071,Tricked,136560,Phantom,0,1,,CCT Europe Series #3 2026,b
219447,2026-06-03,3256,NRG,134746,FlyQuest,1,0,,IEM Cologne Major 2026,s
219448,2026-06-03,3260,Sharks,126439,Lynn Vision,0,1,,IEM Cologne Major 2026,s
219449,2026-06-03,3213,Liquid,3250,MIBR,0,1,,IEM Cologne Major 2026,s
219450,2026-06-03,137594,THUNDER dOWNUNDER,3249,BIG,0,1,,IEM Cologne Major 2026,s
219451,2026-06-03,125847,GamerLegion,133458,BetBoom Team,0,1,,IEM Cologne Major 2026,s
219452,2026-06-03,3248,TYLOO,127014,Sinners,1,0,,IEM Cologne Major 2026,s
219453,2026-06-03,133435,M80,129381,B8,0,1,,IEM Cologne Major 2026,s
219454,2026-06-03,130566,Gaimin Gladiators,3246,Heroic,0,1,,IEM Cologne Major 2026,s
219455,2026-06-03,133435,M80,129381,B8,0,1,,IEM Cologne Major 2026,s
219457,2026-06-03,130566,Gaimin Gladiators,3246,Heroic,0,1,,IEM Cologne Major 2026,s
219459,2026-06-03,3248,TYLOO,127014,Sinners,1,0,,IEM Cologne Major 2026,s
219461,2026-06-03,125847,GamerLegion,133458,BetBoom Team,0,1,,IEM Cologne Major 2026,s
219163,2026-06-04,124522,Nemiga,136934,Bushido Wildcats,0,1,,CCT Europe Series #3 2026,b
219165,2026-06-04,135381,Betclic Apogee Esports,137112,KOLESIE,1,0,,CCT Europe Series #3 2026,b
219166,2026-06-04,135381,Betclic Apogee Esports,137112,KOLESIE,1,0,,CCT Europe Series #3 2026,b
219168,2026-06-04,126452,100 Thieves,136900,Ursa,1,0,,CCT Europe Series #3 2026,b
219169,2026-06-04,126452,100 Thieves,136900,Ursa,1,0,,CCT Europe Series #3 2026,b
219171,2026-06-04,136817,AM Gaming,137932,ex-RUBY,0,1,,CCT Europe Series #3 2026,b
219172,2026-06-04,136817,AM Gaming,137932,ex-RUBY,0,1,,CCT Europe Series #3 2026,b
219463,2026-06-04,3248,TYLOO,3260,Sharks,0,1,,IEM Cologne Major 2026,s
219464,2026-06-04,3248,TYLOO,3260,Sharks,1,0,,IEM Cologne Major 2026,s
219465,2026-06-04,3248,TYLOO,3260,Sharks,1,0,,IEM Cologne Major 2026,s
219466,2026-06-04,137594,THUNDER dOWNUNDER,134746,FlyQuest,0,1,,IEM Cologne Major 2026,s
219467,2026-06-04,137594,THUNDER dOWNUNDER,134746,FlyQuest,0,1,,IEM Cologne Major 2026,s
219469,2026-06-04,125847,GamerLegion,3249,BIG,1,0,,IEM Cologne Major 2026,s
219470,2026-06-04,125847,GamerLegion,3249,BIG,1,0,,IEM Cologne Major 2026,s
219472,2026-06-04,3250,MIBR,126439,Lynn Vision,1,0,,IEM Cologne Major 2026,s
219473,2026-06-04,3250,MIBR,126439,Lynn Vision,1,0,,IEM Cologne Major 2026,s
219475,2026-06-04,3213,Liquid,3246,Heroic,1,0,,IEM Cologne Major 2026,s
219476,2026-06-04,3213,Liquid,3246,Heroic,1,0,,IEM Cologne Major 2026,s
219478,2026-06-04,133435,M80,3256,NRG,1,0,,IEM Cologne Major 2026,s
219479,2026-06-04,133435,M80,3256,NRG,1,0,,IEM Cologne Major 2026,s
219174,2026-06-05,136934,Bushido Wildcats,137932,ex-RUBY,0,1,,CCT Europe Series #3 2026,b
219175,2026-06-05,136934,Bushido Wildcats,137932,ex-RUBY,0,1,,CCT Europe Series #3 2026,b
219177,2026-06-05,136560,Phantom,126452,100 Thieves,0,1,,CCT Europe Series #3 2026,b
219178,2026-06-05,136560,Phantom,126452,100 Thieves,0,1,,CCT Europe Series #3 2026,b
219180,2026-06-05,137703,ex-Zero Tenacity,134188,Johnny Speeds,0,1,,CCT Europe Series #3 2026,b
219181,2026-06-05,137703,ex-Zero Tenacity,134188,Johnny Speeds,0,1,,CCT Europe Series #3 2026,b
219183,2026-06-05,126944,1WIN,135381,Betclic Apogee Esports,1,0,,CCT Europe Series #3 2026,b
219184,2026-06-05,126944,1WIN,135381,Betclic Apogee Esports,1,0,,CCT Europe Series #3 2026,b
219484,2026-06-05,3248,TYLOO,126439,Lynn Vision,1,0,,IEM Cologne Major 2026,s
219485,2026-06-05,3248,TYLOO,126439,Lynn Vision,1,0,,IEM Cologne Major 2026,s
219487,2026-06-05,3213,Liquid,134746,FlyQuest,0,1,,IEM Cologne Major 2026,s
219488,2026-06-05,3213,Liquid,134746,FlyQuest,0,1,,IEM Cologne Major 2026,s
219490,2026-06-05,3256,NRG,3249,BIG,0,1,,IEM Cologne Major 2026,s
219491,2026-06-05,3256,NRG,3249,BIG,1,0,,IEM Cologne Major 2026,s
219492,2026-06-05,3256,NRG,3249,BIG,0,1,,IEM Cologne Major 2026,s
219186,2026-06-06,137932,ex-RUBY,126452,100 Thieves,0,1,,CCT Europe Series #3 2026,b
219187,2026-06-06,137932,ex-RUBY,126452,100 Thieves,0,1,,CCT Europe Series #3 2026,b
219189,2026-06-06,134188,Johnny Speeds,126944,1WIN,1,0,,CCT Europe Series #3 2026,b
219190,2026-06-06,134188,Johnny Speeds,126944,1WIN,1,0,,CCT Europe Series #3 2026,b
219192,2026-06-06,134188,Johnny Speeds,126452,100 Thieves,1,0,,CCT Europe Series #3 2026,b
219193,2026-06-06,134188,Johnny Speeds,126452,100 Thieves,0,1,,CCT Europe Series #3 2026,b
219194,2026-06-06,134188,Johnny Speeds,126452,100 Thieves,0,1,,CCT Europe Series #3 2026,b
219493,2026-06-06,124523,Spirit,133458,BetBoom Team,1,0,,IEM Cologne Major 2026,s
219494,2026-06-06,3209,Astralis,125847,GamerLegion,1,0,,IEM Cologne Major 2026,s
219495,2026-06-06,3210,G2,133435,M80,1,0,,IEM Cologne Major 2026,s
219496,2026-06-06,136955,FUT Esports,129381,B8,1,0,,IEM Cologne Major 2026,s
219497,2026-06-06,133708,Legacy,3250,MIBR,0,1,,IEM Cologne Major 2026,s
219498,2026-06-06,126709,9z,134746,FlyQuest,1,0,,IEM Cologne Major 2026,s
219499,2026-06-06,125751,paiN,3248,TYLOO,0,1,,IEM Cologne Major 2026,s
219500,2026-06-06,131441,Monte,3249,BIG,1,0,,IEM Cologne Major 2026,s
219501,2026-06-06,136955,FUT Esports,3248,TYLOO,1,0,,IEM Cologne Major 2026,s
219502,2026-06-06,3209,Astralis,126709,9z,0,1,,IEM Cologne Major 2026,s
219503,2026-06-06,3210,G2,131441,Monte,1,0,,IEM Cologne Major 2026,s
219504,2026-06-06,133708,Legacy,134746,FlyQuest,1,0,,IEM Cologne Major 2026,s
219505,2026-06-06,129381,B8,133435,M80,0,1,,IEM Cologne Major 2026,s
219506,2026-06-06,125751,paiN,3249,BIG,0,1,,IEM Cologne Major 2026,s
219507,2026-06-06,133458,BetBoom Team,125847,GamerLegion,1,0,,IEM Cologne Major 2026,s
219508,2026-06-06,124523,Spirit,3250,MIBR,1,0,,IEM Cologne Major 2026,s
219509,2026-06-07,131441,Monte,133708,Legacy,1,0,,IEM Cologne Major 2026,s
219510,2026-06-07,3209,Astralis,3248,TYLOO,0,1,,IEM Cologne Major 2026,s
219511,2026-06-07,133458,BetBoom Team,133435,M80,1,0,,IEM Cologne Major 2026,s
219512,2026-06-07,3250,MIBR,3249,BIG,0,1,,IEM Cologne Major 2026,s
219513,2026-06-07,129381,B8,125847,GamerLegion,1,0,,IEM Cologne Major 2026,s
219514,2026-06-07,134746,FlyQuest,125751,paiN,0,1,,IEM Cologne Major 2026,s
219515,2026-06-07,3210,G2,136955,FUT Esports,0,1,,IEM Cologne Major 2026,s
219516,2026-06-07,3210,G2,136955,FUT Esports,1,0,,IEM Cologne Major 2026,s
219517,2026-06-07,3210,G2,136955,FUT Esports,0,1,,IEM Cologne Major 2026,s
219518,2026-06-07,124523,Spirit,126709,9z,1,0,,IEM Cologne Major 2026,s
219519,2026-06-07,124523,Spirit,126709,9z,1,0,,IEM Cologne Major 2026,s
219521,2026-06-07,134746,FlyQuest,125751,paiN,0,1,,IEM Cologne Major 2026,s
219523,2026-06-07,129381,B8,125847,GamerLegion,0,1,,IEM Cologne Major 2026,s
219524,2026-06-07,129381,B8,125847,GamerLegion,1,0,,IEM Cologne Major 2026,s
219529,2026-06-08,3209,Astralis,125751,paiN,0,1,,IEM Cologne Major 2026,s
219530,2026-06-08,3209,Astralis,125751,paiN,0,1,,IEM Cologne Major 2026,s
219532,2026-06-08,3250,MIBR,129381,B8,1,0,,IEM Cologne Major 2026,s
219533,2026-06-08,3250,MIBR,129381,B8,0,1,,IEM Cologne Major 2026,s
219534,2026-06-08,3250,MIBR,129381,B8,0,1,,IEM Cologne Major 2026,s
219535,2026-06-08,131441,Monte,133458,BetBoom Team,0,1,,IEM Cologne Major 2026,s
219536,2026-06-08,131441,Monte,133458,BetBoom Team,1,0,,IEM Cologne Major 2026,s
219537,2026-06-08,131441,Monte,133458,BetBoom Team,0,1,,IEM Cologne Major 2026,s
219538,2026-06-08,3248,TYLOO,126709,9z,0,1,,IEM Cologne Major 2026,s
219539,2026-06-08,3248,TYLOO,126709,9z,0,1,,IEM Cologne Major 2026,s
219541,2026-06-08,3210,G2,3249,BIG,1,0,,IEM Cologne Major 2026,s
219542,2026-06-08,3210,G2,3249,BIG,1,0,,IEM Cologne Major 2026,s
219544,2026-06-08,133435,M80,133708,Legacy,0,1,,IEM Cologne Major 2026,s
219545,2026-06-08,133435,M80,133708,Legacy,0,1,,IEM Cologne Major 2026,s
219547,2026-06-09,131441,Monte,125751,paiN,1,0,,IEM Cologne Major 2026,s
219548,2026-06-09,131441,Monte,125751,paiN,1,0,,IEM Cologne Major 2026,s
219550,2026-06-09,3248,TYLOO,133708,Legacy,0,1,,IEM Cologne Major 2026,s
219551,2026-06-09,3248,TYLOO,133708,Legacy,0,1,,IEM Cologne Major 2026,s
219553,2026-06-09,3249,BIG,129381,B8,1,0,,IEM Cologne Major 2026,s
219554,2026-06-09,3249,BIG,129381,B8,0,1,,IEM Cologne Major 2026,s
219555,2026-06-09,3249,BIG,129381,B8,0,1,,IEM Cologne Major 2026,s
219793,2026-06-11,3455,Vitality,136955,FUT Esports,0,1,,IEM Cologne Major 2026,s
219794,2026-06-11,3455,Vitality,136955,FUT Esports,1,0,,IEM Cologne Major 2026,s
219795,2026-06-11,3455,Vitality,136955,FUT Esports,1,0,,IEM Cologne Major 2026,s
219796,2026-06-11,130564,Team Falcons,3210,G2,0,1,,IEM Cologne Major 2026,s
219797,2026-06-11,130564,Team Falcons,3210,G2,1,0,,IEM Cologne Major 2026,s
219798,2026-06-11,130564,Team Falcons,3210,G2,1,0,,IEM Cologne Major 2026,s
219799,2026-06-11,3216,Natus Vincere,124523,Spirit,0,1,,IEM Cologne Major 2026,s
219800,2026-06-11,3216,Natus Vincere,124523,Spirit,0,1,,IEM Cologne Major 2026,s
219802,2026-06-11,124530,FURIA,129381,B8,1,0,,IEM Cologne Major 2026,s
219803,2026-06-11,124530,FURIA,129381,B8,1,0,,IEM Cologne Major 2026,s
219805,2026-06-11,131505,Aurora Gaming,131441,Monte,1,0,,IEM Cologne Major 2026,s
219806,2026-06-11,131505,Aurora Gaming,131441,Monte,1,0,,IEM Cologne Major 2026,s
219808,2026-06-11,133719,PARIVISION,126709,9z,0,1,,IEM Cologne Major 2026,s
219809,2026-06-11,133719,PARIVISION,126709,9z,1,0,,IEM Cologne Major 2026,s
219810,2026-06-11,133719,PARIVISION,126709,9z,0,1,,IEM Cologne Major 2026,s
219811,2026-06-11,3272,TheMongolz,133458,BetBoom Team,1,0,,IEM Cologne Major 2026,s
219812,2026-06-11,3272,TheMongolz,133458,BetBoom Team,0,1,,IEM Cologne Major 2026,s
219813,2026-06-11,3272,TheMongolz,133458,BetBoom Team,0,1,,IEM Cologne Major 2026,s
219814,2026-06-11,3240,MOUZ,133708,Legacy,1,0,,IEM Cologne Major 2026,s
219815,2026-06-11,3240,MOUZ,133708,Legacy,1,0,,IEM Cologne Major 2026,s
219817,2026-06-12,124530,FURIA,3240,MOUZ,1,0,,IEM Cologne Major 2026,s
219818,2026-06-12,124530,FURIA,3240,MOUZ,0,1,,IEM Cologne Major 2026,s
219819,2026-06-12,124530,FURIA,3240,MOUZ,1,0,,IEM Cologne Major 2026,s
219820,2026-06-12,3272,TheMongolz,129381,B8,1,0,,IEM Cologne Major 2026,s
219821,2026-06-12,3272,TheMongolz,129381,B8,1,0,,IEM Cologne Major 2026,s
219823,2026-06-12,136955,FUT Esports,3210,G2,0,1,,IEM Cologne Major 2026,s
219824,2026-06-12,136955,FUT Esports,3210,G2,1,0,,IEM Cologne Major 2026,s
219825,2026-06-12,136955,FUT Esports,3210,G2,0,1,,IEM Cologne Major 2026,s
219826,2026-06-12,133719,PARIVISION,131441,Monte,1,0,,IEM Cologne Major 2026,s
219827,2026-06-12,133719,PARIVISION,131441,Monte,0,1,,IEM Cologne Major 2026,s
219828,2026-06-12,133719,PARIVISION,131441,Monte,0,1,,IEM Cologne Major 2026,s
219829,2026-06-12,3216,Natus Vincere,133708,Legacy,1,0,,IEM Cologne Major 2026,s
219830,2026-06-12,3216,Natus Vincere,133708,Legacy,1,0,,IEM Cologne Major 2026,s
219832,2026-06-12,130564,Team Falcons,133458,BetBoom Team,0,1,,IEM Cologne Major 2026,s
219833,2026-06-12,130564,Team Falcons,133458,BetBoom Team,0,1,,IEM Cologne Major 2026,s
219835,2026-06-12,131505,Aurora Gaming,124523,Spirit,1,0,,IEM Cologne Major 2026,s
219836,2026-06-12,131505,Aurora Gaming,124523,Spirit,0,1,,IEM Cologne Major 2026,s
219837,2026-06-12,131505,Aurora Gaming,124523,Spirit,0,1,,IEM Cologne Major 2026,s
219838,2026-06-12,3455,Vitality,126709,9z,1,0,,IEM Cologne Major 2026,s
219839,2026-06-12,3455,Vitality,126709,9z,0,1,,IEM Cologne Major 2026,s
219840,2026-06-12,3455,Vitality,126709,9z,0,1,,IEM Cologne Major 2026,s
219841,2026-06-13,3216,Natus Vincere,3272,TheMongolz,0,1,,IEM Cologne Major 2026,s
219842,2026-06-13,3216,Natus Vincere,3272,TheMongolz,1,0,,IEM Cologne Major 2026,s
219843,2026-06-13,3216,Natus Vincere,3272,TheMongolz,1,0,,IEM Cologne Major 2026,s
219844,2026-06-13,129381,B8,136955,FUT Esports,1,0,,IEM Cologne Major 2026,s
219845,2026-06-13,129381,B8,136955,FUT Esports,0,1,,IEM Cologne Major 2026,s
219846,2026-06-13,129381,B8,136955,FUT Esports,0,1,,IEM Cologne Major 2026,s
219847,2026-06-13,131505,Aurora Gaming,3210,G2,1,0,,IEM Cologne Major 2026,s
219848,2026-06-13,131505,Aurora Gaming,3210,G2,1,0,,IEM Cologne Major 2026,s
219850,2026-06-13,130564,Team Falcons,131441,Monte,1,0,,IEM Cologne Major 2026,s
219851,2026-06-13,130564,Team Falcons,131441,Monte,0,1,,IEM Cologne Major 2026,s
219852,2026-06-13,130564,Team Falcons,131441,Monte,1,0,,IEM Cologne Major 2026,s
219853,2026-06-13,3455,Vitality,3240,MOUZ,1,0,,IEM Cologne Major 2026,s
219854,2026-06-13,3455,Vitality,3240,MOUZ,0,1,,IEM Cologne Major 2026,s
219855,2026-06-13,3455,Vitality,3240,MOUZ,1,0,,IEM Cologne Major 2026,s
219856,2026-06-13,133719,PARIVISION,133708,Legacy,0,1,,IEM Cologne Major 2026,s
219857,2026-06-13,133719,PARIVISION,133708,Legacy,0,1,,IEM Cologne Major 2026,s
219859,2026-06-13,133458,BetBoom Team,124530,FURIA,0,1,,IEM Cologne Major 2026,s
219860,2026-06-13,133458,BetBoom Team,124530,FURIA,0,1,,IEM Cologne Major 2026,s
219862,2026-06-13,124523,Spirit,126709,9z,0,1,,IEM Cologne Major 2026,s
219863,2026-06-13,124523,Spirit,126709,9z,1,0,,IEM Cologne Major 2026,s
219864,2026-06-13,124523,Spirit,126709,9z,1,0,,IEM Cologne Major 2026,s
219865,2026-06-14,3240,MOUZ,136955,FUT Esports,0,1,,IEM Cologne Major 2026,s
219866,2026-06-14,3240,MOUZ,136955,FUT Esports,1,0,,IEM Cologne Major 2026,s
219867,2026-06-14,3240,MOUZ,136955,FUT Esports,0,1,,IEM Cologne Major 2026,s
219868,2026-06-14,3272,TheMongolz,131441,Monte,0,1,,IEM Cologne Major 2026,s
219869,2026-06-14,3272,TheMongolz,131441,Monte,1,0,,IEM Cologne Major 2026,s
219870,2026-06-14,3272,TheMongolz,131441,Monte,1,0,,IEM Cologne Major 2026,s
219871,2026-06-14,133458,BetBoom Team,3455,Vitality,0,1,,IEM Cologne Major 2026,s
219872,2026-06-14,133458,BetBoom Team,3455,Vitality,0,1,,IEM Cologne Major 2026,s
219874,2026-06-14,131505,Aurora Gaming,126709,9z,1,0,,IEM Cologne Major 2026,s
219875,2026-06-14,131505,Aurora Gaming,126709,9z,1,0,,IEM Cologne Major 2026,s
219877,2026-06-14,3216,Natus Vincere,130564,Team Falcons,0,1,,IEM Cologne Major 2026,s
219878,2026-06-14,3216,Natus Vincere,130564,Team Falcons,1,0,,IEM Cologne Major 2026,s
219879,2026-06-14,3216,Natus Vincere,130564,Team Falcons,0,1,,IEM Cologne Major 2026,s
219880,2026-06-14,3210,G2,133708,Legacy,1,0,,IEM Cologne Major 2026,s
219881,2026-06-14,3210,G2,133708,Legacy,1,0,,IEM Cologne Major 2026,s
219883,2026-06-15,126709,9z,3272,TheMongolz,1,0,,IEM Cologne Major 2026,s
219884,2026-06-15,126709,9z,3272,TheMongolz,1,0,,IEM Cologne Major 2026,s
219886,2026-06-15,133458,BetBoom Team,136955,FUT Esports,1,0,,IEM Cologne Major 2026,s
219887,2026-06-15,133458,BetBoom Team,136955,FUT Esports,1,0,,IEM Cologne Major 2026,s
219889,2026-06-15,3216,Natus Vincere,3210,G2,1,0,,IEM Cologne Major 2026,s
219890,2026-06-15,3216,Natus Vincere,3210,G2,0,1,,IEM Cologne Major 2026,s
219891,2026-06-15,3216,Natus Vincere,3210,G2,0,1,,IEM Cologne Major 2026,s
219892,2026-06-18,131505,Aurora Gaming,133458,BetBoom Team,1,0,,IEM Cologne Major 2026,s
219893,2026-06-18,131505,Aurora Gaming,133458,BetBoom Team,1,0,,IEM Cologne Major 2026,s
219895,2026-06-18,124530,FURIA,126709,9z,0,1,,IEM Cologne Major 2026,s
219896,2026-06-18,124530,FURIA,126709,9z,1,0,,IEM Cologne Major 2026,s
219897,2026-06-18,124530,FURIA,126709,9z,1,0,,IEM Cologne Major 2026,s
220389,2026-06-18,126452,100 Thieves,133269,Leo Team,0,1,,CCT Europe Series #4 2026,b
220390,2026-06-18,126452,100 Thieves,133269,Leo Team,1,0,,CCT Europe Series #4 2026,b
220391,2026-06-18,126452,100 Thieves,133269,Leo Team,1,0,,CCT Europe Series #4 2026,b
220392,2026-06-18,130569,HOTU,128519,GenOne,0,1,,CCT Europe Series #4 2026,b
220393,2026-06-18,130569,HOTU,128519,GenOne,0,1,,CCT Europe Series #4 2026,b
220395,2026-06-18,137296,Gentle Mates,137112,KOLESIE,1,0,,CCT Europe Series #4 2026,b
220396,2026-06-18,137296,Gentle Mates,137112,KOLESIE,1,0,,CCT Europe Series #4 2026,b
220399,2026-06-18,137948,TDK,136900,Ursa,1,0,,CCT Europe Series #4 2026,b
219898,2026-06-19,124523,Spirit,3210,G2,0,1,,IEM Cologne Major 2026,s
219899,2026-06-19,124523,Spirit,3210,G2,1,0,,IEM Cologne Major 2026,s
219900,2026-06-19,124523,Spirit,3210,G2,1,0,,IEM Cologne Major 2026,s
219901,2026-06-19,3455,Vitality,130564,Team Falcons,0,1,,IEM Cologne Major 2026,s
219902,2026-06-19,3455,Vitality,130564,Team Falcons,1,0,,IEM Cologne Major 2026,s
219903,2026-06-19,3455,Vitality,130564,Team Falcons,0,1,,IEM Cologne Major 2026,s
220377,2026-06-19,135298,K27,3288,Virtus.pro,0,1,,CCT Europe Series #4 2026,b
220378,2026-06-19,135298,K27,3288,Virtus.pro,1,0,,CCT Europe Series #4 2026,b
220379,2026-06-19,135298,K27,3288,Virtus.pro,0,1,,CCT Europe Series #4 2026,b
220380,2026-06-19,126944,1WIN,138617,INOX Division,1,0,,CCT Europe Series #4 2026,b
220381,2026-06-19,126944,1WIN,138617,INOX Division,0,1,,CCT Europe Series #4 2026,b
220382,2026-06-19,126944,1WIN,138617,INOX Division,1,0,,CCT Europe Series #4 2026,b
220383,2026-06-19,127976,Infinite,137932,ex-RUBY,0,1,,CCT Europe Series #4 2026,b
220384,2026-06-19,127976,Infinite,137932,ex-RUBY,0,1,,CCT Europe Series #4 2026,b
219904,2026-06-20,124523,Spirit,130564,Team Falcons,0,1,,IEM Cologne Major 2026,s
219905,2026-06-20,124523,Spirit,130564,Team Falcons,1,0,,IEM Cologne Major 2026,s
219906,2026-06-20,124523,Spirit,130564,Team Falcons,0,1,,IEM Cologne Major 2026,s
219907,2026-06-20,131505,Aurora Gaming,124530,FURIA,0,1,,IEM Cologne Major 2026,s
219908,2026-06-20,131505,Aurora Gaming,124530,FURIA,0,1,,IEM Cologne Major 2026,s
220365,2026-06-20,137296,Gentle Mates,137932,ex-RUBY,1,0,,CCT Europe Series #4 2026,b
220366,2026-06-20,137296,Gentle Mates,137932,ex-RUBY,0,1,,CCT Europe Series #4 2026,b
220367,2026-06-20,137296,Gentle Mates,137932,ex-RUBY,0,1,,CCT Europe Series #4 2026,b
220368,2026-06-20,126944,1WIN,3288,Virtus.pro,1,0,,CCT Europe Series #4 2026,b
220369,2026-06-20,126944,1WIN,3288,Virtus.pro,0,1,,CCT Europe Series #4 2026,b
220370,2026-06-20,126944,1WIN,3288,Virtus.pro,0,1,,CCT Europe Series #4 2026,b
220371,2026-06-20,128519,GenOne,126452,100 Thieves,0,1,,CCT Europe Series #4 2026,b
220372,2026-06-20,128519,GenOne,126452,100 Thieves,0,1,,CCT Europe Series #4 2026,b
220374,2026-06-20,137289,Team Nemesis,137948,TDK,1,0,,CCT Europe Series #4 2026,b
220375,2026-06-20,137289,Team Nemesis,137948,TDK,0,1,,CCT Europe Series #4 2026,b
220376,2026-06-20,137289,Team Nemesis,137948,TDK,0,1,,CCT Europe Series #4 2026,b
219920,2026-06-21,124530,FURIA,130564,Team Falcons,0,1,,IEM Cologne Major 2026,s
219921,2026-06-21,124530,FURIA,130564,Team Falcons,0,1,,IEM Cologne Major 2026,s
219922,2026-06-21,124530,FURIA,130564,Team Falcons,0,1,,IEM Cologne Major 2026,s
220353,2026-06-21,137932,ex-RUBY,137948,TDK,0,1,,CCT Europe Series #4 2026,b
220354,2026-06-21,137932,ex-RUBY,137948,TDK,0,1,,CCT Europe Series #4 2026,b
220359,2026-06-21,3288,Virtus.pro,137932,ex-RUBY,0,1,,CCT Europe Series #4 2026,b
220360,2026-06-21,3288,Virtus.pro,137932,ex-RUBY,0,1,,CCT Europe Series #4 2026,b
220362,2026-06-21,137948,TDK,126452,100 Thieves,1,0,,CCT Europe Series #4 2026,b
220363,2026-06-21,137948,TDK,126452,100 Thieves,1,0,,CCT Europe Series #4 2026,b
220838,2026-07-01,3212,FaZe,3248,TYLOO,0,1,,XSE Pro League 2026,a
220839,2026-07-01,3318,3DMAX,3218,NIP,1,0,,XSE Pro League 2026,a
220840,2026-07-01,126709,9z,131189,EYEBALLERS,0,1,,XSE Pro League 2026,a
220841,2026-07-01,3228,Luminosity,137289,Team Nemesis,0,1,,XSE Pro League 2026,a
220842,2026-07-01,133719,PARIVISION,133725,Alliance,1,0,,XSE Pro League 2026,a
220843,2026-07-01,133458,BetBoom Team,127014,Sinners,1,0,,XSE Pro League 2026,a
220844,2026-07-01,3249,BIG,126439,Lynn Vision,1,0,,XSE Pro League 2026,a
220845,2026-07-01,129381,B8,3250,MIBR,1,0,,XSE Pro League 2026,a
221618,2026-07-02,3318,3DMAX,131189,EYEBALLERS,0,1,,XSE Pro League 2026,a
221619,2026-07-02,133725,Alliance,3218,NIP,1,0,,XSE Pro League 2026,a
221620,2026-07-02,3228,Luminosity,126439,Lynn Vision,0,1,,XSE Pro League 2026,a
221621,2026-07-02,3212,FaZe,3250,MIBR,0,1,,XSE Pro League 2026,a
221622,2026-07-02,126709,9z,127014,Sinners,1,0,,XSE Pro League 2026,a
221623,2026-07-02,133458,BetBoom Team,3249,BIG,1,0,,XSE Pro League 2026,a
221624,2026-07-02,133719,PARIVISION,3248,TYLOO,0,1,,XSE Pro League 2026,a
221625,2026-07-02,129381,B8,137289,Team Nemesis,0,1,,XSE Pro League 2026,a
221626,2026-07-03,131189,EYEBALLERS,3248,TYLOO,0,1,,XSE Pro League 2026,a
221627,2026-07-03,131189,EYEBALLERS,3248,TYLOO,0,1,,XSE Pro League 2026,a
221629,2026-07-03,3228,Luminosity,3218,NIP,1,0,,XSE Pro League 2026,a
221630,2026-07-03,3228,Luminosity,3218,NIP,0,1,,XSE Pro League 2026,a
221631,2026-07-03,3228,Luminosity,3218,NIP,0,1,,XSE Pro League 2026,a
221632,2026-07-03,133719,PARIVISION,126439,Lynn Vision,1,0,,XSE Pro League 2026,a
221633,2026-07-03,3249,BIG,3250,MIBR,0,1,,XSE Pro League 2026,a
221634,2026-07-03,129381,B8,133725,Alliance,0,1,,XSE Pro League 2026,a
221635,2026-07-03,3318,3DMAX,126709,9z,0,1,,XSE Pro League 2026,a
221636,2026-07-03,133458,BetBoom Team,137289,Team Nemesis,0,1,,XSE Pro League 2026,a
221637,2026-07-03,133458,BetBoom Team,137289,Team Nemesis,1,0,,XSE Pro League 2026,a
221638,2026-07-03,133458,BetBoom Team,137289,Team Nemesis,1,0,,XSE Pro League 2026,a
221639,2026-07-03,3212,FaZe,127014,Sinners,1,0,,XSE Pro League 2026,a
221640,2026-07-03,3212,FaZe,127014,Sinners,1,0,,XSE Pro League 2026,a
221642,2026-07-04,133719,PARIVISION,3250,MIBR,0,1,,XSE Pro League 2026,a
221643,2026-07-04,133719,PARIVISION,3250,MIBR,1,0,,XSE Pro League 2026,a
221644,2026-07-04,133719,PARIVISION,3250,MIBR,1,0,,XSE Pro League 2026,a
221645,2026-07-04,129381,B8,126439,Lynn Vision,1,0,,XSE Pro League 2026,a
221646,2026-07-04,129381,B8,126439,Lynn Vision,1,0,,XSE Pro League 2026,a
221648,2026-07-04,133725,Alliance,126709,9z,1,0,,XSE Pro League 2026,a
221649,2026-07-04,133725,Alliance,126709,9z,1,0,,XSE Pro League 2026,a
221651,2026-07-04,3249,BIG,3218,NIP,1,0,,XSE Pro League 2026,a
221652,2026-07-04,3249,BIG,3218,NIP,0,1,,XSE Pro League 2026,a
221653,2026-07-04,3249,BIG,3218,NIP,1,0,,XSE Pro League 2026,a
221654,2026-07-04,131189,EYEBALLERS,137289,Team Nemesis,0,1,,XSE Pro League 2026,a
221655,2026-07-04,131189,EYEBALLERS,137289,Team Nemesis,1,0,,XSE Pro League 2026,a
221656,2026-07-04,131189,EYEBALLERS,137289,Team Nemesis,0,1,,XSE Pro League 2026,a
221657,2026-07-04,3212,FaZe,3318,3DMAX,1,0,,XSE Pro League 2026,a
221658,2026-07-04,3212,FaZe,3318,3DMAX,1,0,,XSE Pro League 2026,a
221660,2026-07-05,3250,MIBR,126709,9z,0,1,,XSE Pro League 2026,a
221661,2026-07-05,3250,MIBR,126709,9z,0,1,,XSE Pro League 2026,a
221663,2026-07-05,129381,B8,3249,BIG,0,1,,XSE Pro League 2026,a
221664,2026-07-05,129381,B8,3249,BIG,0,1,,XSE Pro League 2026,a
221666,2026-07-05,131189,EYEBALLERS,3212,FaZe,1,0,,XSE Pro League 2026,a
221667,2026-07-05,131189,EYEBALLERS,3212,FaZe,0,1,,XSE Pro League 2026,a
221668,2026-07-05,131189,EYEBALLERS,3212,FaZe,0,1,,XSE Pro League 2026,a
221669,2026-07-09,3248,TYLOO,126709,9z,0,1,,XSE Pro League 2026,a
221670,2026-07-09,3248,TYLOO,126709,9z,1,0,,XSE Pro League 2026,a
221671,2026-07-09,3248,TYLOO,126709,9z,0,1,,XSE Pro League 2026,a
221672,2026-07-09,133725,Alliance,137289,Team Nemesis,0,1,,XSE Pro League 2026,a
221673,2026-07-09,133725,Alliance,137289,Team Nemesis,1,0,,XSE Pro League 2026,a
221674,2026-07-09,133725,Alliance,137289,Team Nemesis,1,0,,XSE Pro League 2026,a
221675,2026-07-10,133719,PARIVISION,3249,BIG,0,1,,XSE Pro League 2026,a
221676,2026-07-10,133719,PARIVISION,3249,BIG,1,0,,XSE Pro League 2026,a
221677,2026-07-10,133719,PARIVISION,3249,BIG,1,0,,XSE Pro League 2026,a
221678,2026-07-10,3212,FaZe,133458,BetBoom Team,1,0,,XSE Pro League 2026,a
221679,2026-07-10,3212,FaZe,133458,BetBoom Team,1,0,,XSE Pro League 2026,a
221681,2026-07-11,126709,9z,133725,Alliance,1,0,,XSE Pro League 2026,a
221682,2026-07-11,126709,9z,133725,Alliance,0,1,,XSE Pro League 2026,a
221683,2026-07-11,126709,9z,133725,Alliance,1,0,,XSE Pro League 2026,a
221684,2026-07-11,133719,PARIVISION,3212,FaZe,0,1,,XSE Pro League 2026,a
221685,2026-07-11,133719,PARIVISION,3212,FaZe,1,0,,XSE Pro League 2026,a
221686,2026-07-11,133719,PARIVISION,3212,FaZe,1,0,,XSE Pro League 2026,a
221687,2026-07-12,126709,9z,133719,PARIVISION,1,0,,XSE Pro League 2026,a
221688,2026-07-12,126709,9z,133719,PARIVISION,1,0,,XSE Pro League 2026,a
221689,2026-07-12,126709,9z,133719,PARIVISION,1,0,,XSE Pro League 2026,a
223444,2026-07-21,135673,Nuclear TigeRES,3240,MOUZ,0,1,,BLAST Bounty Summer 2026,a
223445,2026-07-21,135673,Nuclear TigeRES,3240,MOUZ,0,1,,BLAST Bounty Summer 2026,a
223456,2026-07-21,137289,Team Nemesis,3209,Astralis,1,0,,BLAST Bounty Summer 2026,a
223457,2026-07-21,137289,Team Nemesis,3209,Astralis,0,1,,BLAST Bounty Summer 2026,a
223458,2026-07-21,137289,Team Nemesis,3209,Astralis,0,1,,BLAST Bounty Summer 2026,a
223477,2026-07-21,133435,M80,3218,NIP,0,1,,BLAST Bounty Summer 2026,a
223478,2026-07-21,133435,M80,3218,NIP,0,1,,BLAST Bounty Summer 2026,a
223480,2026-07-21,133725,Alliance,135273,Wildcard,0,1,,BLAST Bounty Summer 2026,a
223481,2026-07-21,133725,Alliance,135273,Wildcard,0,1,,BLAST Bounty Summer 2026,a
223441,2026-07-22,130564,Team Falcons,126452,100 Thieves,1,0,,BLAST Bounty Summer 2026,a
223442,2026-07-22,130564,Team Falcons,126452,100 Thieves,0,1,,BLAST Bounty Summer 2026,a
223443,2026-07-22,130564,Team Falcons,126452,100 Thieves,0,1,,BLAST Bounty Summer 2026,a
223453,2026-07-22,130569,HOTU,125847,GamerLegion,1,0,,BLAST Bounty Summer 2026,a
223454,2026-07-22,130569,HOTU,125847,GamerLegion,1,0,,BLAST Bounty Summer 2026,a
223465,2026-07-22,124522,Nemiga,3210,G2,1,0,,BLAST Bounty Summer 2026,a
223466,2026-07-22,124522,Nemiga,3210,G2,0,1,,BLAST Bounty Summer 2026,a
223467,2026-07-22,124522,Nemiga,3210,G2,0,1,,BLAST Bounty Summer 2026,a
223474,2026-07-22,131189,EYEBALLERS,3212,FaZe,0,1,,BLAST Bounty Summer 2026,a
223475,2026-07-22,131189,EYEBALLERS,3212,FaZe,0,1,,BLAST Bounty Summer 2026,a
223438,2026-07-23,124523,Spirit,126584,OG,1,0,,BLAST Bounty Summer 2026,a
223439,2026-07-23,124523,Spirit,126584,OG,0,1,,BLAST Bounty Summer 2026,a
223440,2026-07-23,124523,Spirit,126584,OG,1,0,,BLAST Bounty Summer 2026,a
223450,2026-07-23,131505,Aurora Gaming,137699,FOKUS,0,1,,BLAST Bounty Summer 2026,a
223451,2026-07-23,131505,Aurora Gaming,137699,FOKUS,1,0,,BLAST Bounty Summer 2026,a
223452,2026-07-23,131505,Aurora Gaming,137699,FOKUS,0,1,,BLAST Bounty Summer 2026,a
223462,2026-07-23,127014,Sinners,136955,FUT Esports,1,0,,BLAST Bounty Summer 2026,a
223463,2026-07-23,127014,Sinners,136955,FUT Esports,0,1,,BLAST Bounty Summer 2026,a
223464,2026-07-23,127014,Sinners,136955,FUT Esports,0,1,,BLAST Bounty Summer 2026,a
223471,2026-07-23,137296,Gentle Mates,125751,paiN,0,1,,BLAST Bounty Summer 2026,a
223472,2026-07-23,137296,Gentle Mates,125751,paiN,0,1,,BLAST Bounty Summer 2026,a
223435,2026-07-24,3213,Liquid,3455,Vitality,1,0,,BLAST Bounty Summer 2026,a
223436,2026-07-24,3213,Liquid,3455,Vitality,1,0,,BLAST Bounty Summer 2026,a
223447,2026-07-24,3246,Heroic,3272,TheMongolz,1,0,,BLAST Bounty Summer 2026,a
223448,2026-07-24,3246,Heroic,3272,TheMongolz,0,1,,BLAST Bounty Summer 2026,a
223449,2026-07-24,3246,Heroic,3272,TheMongolz,0,1,,BLAST Bounty Summer 2026,a
223459,2026-07-24,138988,DENDELE CS,124530,FURIA,1,0,,BLAST Bounty Summer 2026,a
223460,2026-07-24,138988,DENDELE CS,124530,FURIA,0,1,,BLAST Bounty Summer 2026,a
223461,2026-07-24,138988,DENDELE CS,124530,FURIA,1,0,,BLAST Bounty Summer 2026,a
223468,2026-07-24,137739,magic,3318,3DMAX,1,0,,BLAST Bounty Summer 2026,a
223469,2026-07-24,137739,magic,3318,3DMAX,0,1,,BLAST Bounty Summer 2026,a
223470,2026-07-24,137739,magic,3318,3DMAX,0,1,,BLAST Bounty Summer 2026,a
223483,2026-07-25,138988,DENDELE CS,3212,FaZe,0,1,,BLAST Bounty Summer 2026,a
223484,2026-07-25,138988,DENDELE CS,3212,FaZe,1,0,,BLAST Bounty Summer 2026,a
223485,2026-07-25,138988,DENDELE CS,3212,FaZe,0,1,,BLAST Bounty Summer 2026,a
223486,2026-07-25,3213,Liquid,3210,G2,1,0,,BLAST Bounty Summer 2026,a
223487,2026-07-25,3213,Liquid,3210,G2,1,0,,BLAST Bounty Summer 2026,a
223489,2026-07-25,130569,HOTU,3209,Astralis,0,1,,BLAST Bounty Summer 2026,a
223490,2026-07-25,130569,HOTU,3209,Astralis,1,0,,BLAST Bounty Summer 2026,a
223491,2026-07-25,130569,HOTU,3209,Astralis,0,1,,BLAST Bounty Summer 2026,a
223492,2026-07-25,137699,FOKUS,3240,MOUZ,0,1,,BLAST Bounty Summer 2026,a
223493,2026-07-25,137699,FOKUS,3240,MOUZ,0,1,,BLAST Bounty Summer 2026,a
223501,2026-07-26,3218,NIP,125751,paiN,0,1,,BLAST Bounty Summer 2026,a
223502,2026-07-26,3218,NIP,125751,paiN,0,1,,BLAST Bounty Summer 2026,a
223504,2026-07-26,3318,3DMAX,136955,FUT Esports,1,0,,BLAST Bounty Summer 2026,a
223505,2026-07-26,3318,3DMAX,136955,FUT Esports,1,0,,BLAST Bounty Summer 2026,a
223507,2026-07-26,135273,Wildcard,3272,TheMongolz,0,1,,BLAST Bounty Summer 2026,a
223508,2026-07-26,135273,Wildcard,3272,TheMongolz,0,1,,BLAST Bounty Summer 2026,a
223510,2026-07-26,126452,100 Thieves,124523,Spirit,0,1,,BLAST Bounty Summer 2026,a
223511,2026-07-26,126452,100 Thieves,124523,Spirit,1,0,,BLAST Bounty Summer 2026,a
223512,2026-07-26,126452,100 Thieves,124523,Spirit,0,1,,BLAST Bounty Summer 2026,a
223311,2026-07-30,139016,Nordic Partners Gaming ,138617,INOX Division,1,0,,CCT Europe Series #5 2026,b
223312,2026-07-30,139016,Nordic Partners Gaming ,138617,INOX Division,0,1,,CCT Europe Series #5 2026,b
223313,2026-07-30,139016,Nordic Partners Gaming ,138617,INOX Division,0,1,,CCT Europe Series #5 2026,b
223315,2026-07-30,126944,1WIN,138975,Butterfly,0,1,,CCT Europe Series #5 2026,b
223316,2026-07-30,126944,1WIN,138975,Butterfly,0,1,,CCT Europe Series #5 2026,b
223317,2026-07-30,138610,Walczaki,138974,ex-RUSTEC,0,1,,CCT Europe Series #5 2026,b
223318,2026-07-30,138610,Walczaki,138974,ex-RUSTEC,0,1,,CCT Europe Series #5 2026,b
223321,2026-07-30,131010,Sashi Esport,138685,Esport Academy Copenhagen,1,0,,CCT Europe Series #5 2026,b
223523,2026-07-30,3318,3DMAX,3240,MOUZ,1,0,,BLAST Bounty Summer 2026,a
223524,2026-07-30,3318,3DMAX,3240,MOUZ,0,1,,BLAST Bounty Summer 2026,a
223525,2026-07-30,3318,3DMAX,3240,MOUZ,0,1,,BLAST Bounty Summer 2026,a
223526,2026-07-30,3213,Liquid,124523,Spirit,0,1,,BLAST Bounty Summer 2026,a
223527,2026-07-30,3213,Liquid,124523,Spirit,0,1,,BLAST Bounty Summer 2026,a
223323,2026-07-31,127976,Infinite,136659,SPARTA,0,1,,CCT Europe Series #5 2026,b
223324,2026-07-31,127976,Infinite,136659,SPARTA,0,1,,CCT Europe Series #5 2026,b
223326,2026-07-31,127014,Sinners,132927,Rune Eaters,1,0,,CCT Europe Series #5 2026,b
223327,2026-07-31,127014,Sinners,132927,Rune Eaters,1,0,,CCT Europe Series #5 2026,b
223329,2026-07-31,135298,K27,138406,Just Players,0,1,,CCT Europe Series #5 2026,b
223330,2026-07-31,135298,K27,138406,Just Players,1,0,,CCT Europe Series #5 2026,b
223331,2026-07-31,135298,K27,138406,Just Players,0,1,,CCT Europe Series #5 2026,b
223332,2026-07-31,126994,JiJieHao,138963,Black Phoenix,1,0,,CCT Europe Series #5 2026,b
223333,2026-07-31,126994,JiJieHao,138963,Black Phoenix,0,1,,CCT Europe Series #5 2026,b
223334,2026-07-31,126994,JiJieHao,138963,Black Phoenix,0,1,,CCT Europe Series #5 2026,b
223517,2026-07-31,125751,paiN,3209,Astralis,1,0,,BLAST Bounty Summer 2026,a
223518,2026-07-31,125751,paiN,3209,Astralis,0,1,,BLAST Bounty Summer 2026,a
223519,2026-07-31,125751,paiN,3209,Astralis,0,1,,BLAST Bounty Summer 2026,a
223520,2026-07-31,3212,FaZe,3272,TheMongolz,1,0,,BLAST Bounty Summer 2026,a
223521,2026-07-31,3212,FaZe,3272,TheMongolz,0,1,,BLAST Bounty Summer 2026,a
223522,2026-07-31,3212,FaZe,3272,TheMongolz,1,0,,BLAST Bounty Summer 2026,a
223335,2026-08-01,138617,INOX Division,127014,Sinners,1,0,,CCT Europe Series #5 2026,b
223336,2026-08-01,138617,INOX Division,127014,Sinners,0,1,,CCT Europe Series #5 2026,b
223337,2026-08-01,138617,INOX Division,127014,Sinners,0,1,,CCT Europe Series #5 2026,b
223338,2026-08-01,138974,ex-RUSTEC,136659,SPARTA,0,1,,CCT Europe Series #5 2026,b
223339,2026-08-01,138974,ex-RUSTEC,136659,SPARTA,0,1,,CCT Europe Series #5 2026,b
223341,2026-08-01,131010,Sashi Esport,138406,Just Players,1,0,,CCT Europe Series #5 2026,b
223342,2026-08-01,131010,Sashi Esport,138406,Just Players,0,1,,CCT Europe Series #5 2026,b
223343,2026-08-01,131010,Sashi Esport,138406,Just Players,1,0,,CCT Europe Series #5 2026,b
223344,2026-08-01,138975,Butterfly,138963,Black Phoenix,0,1,,CCT Europe Series #5 2026,b
223345,2026-08-01,138975,Butterfly,138963,Black Phoenix,1,0,,CCT Europe Series #5 2026,b
223346,2026-08-01,138975,Butterfly,138963,Black Phoenix,0,1,,CCT Europe Series #5 2026,b
223529,2026-08-01,3212,FaZe,124523,Spirit,0,1,,BLAST Bounty Summer 2026,a
223530,2026-08-01,3212,FaZe,124523,Spirit,1,0,,BLAST Bounty Summer 2026,a
223531,2026-08-01,3212,FaZe,124523,Spirit,0,1,,BLAST Bounty Summer 2026,a
223532,2026-08-01,3209,Astralis,3240,MOUZ,1,0,,BLAST Bounty Summer 2026,a
223533,2026-08-01,3209,Astralis,3240,MOUZ,0,1,,BLAST Bounty Summer 2026,a
223534,2026-08-01,3209,Astralis,3240,MOUZ,0,1,,BLAST Bounty Summer 2026,a
223347,2026-08-02,127014,Sinners,136659,SPARTA,0,1,,CCT Europe Series #5 2026,b
223348,2026-08-02,127014,Sinners,136659,SPARTA,1,0,,CCT Europe Series #5 2026,b
223349,2026-08-02,127014,Sinners,136659,SPARTA,1,0,,CCT Europe Series #5 2026,b
223350,2026-08-02,131010,Sashi Esport,138963,Black Phoenix,1,0,,CCT Europe Series #5 2026,b
223351,2026-08-02,131010,Sashi Esport,138963,Black Phoenix,0,1,,CCT Europe Series #5 2026,b
223352,2026-08-02,131010,Sashi Esport,138963,Black Phoenix,1,0,,CCT Europe Series #5 2026,b
223353,2026-08-02,131010,Sashi Esport,127014,Sinners,0,1,,CCT Europe Series #5 2026,b
223354,2026-08-02,131010,Sashi Esport,127014,Sinners,1,0,,CCT Europe Series #5 2026,b
223355,2026-08-02,131010,Sashi Esport,127014,Sinners,1,0,,CCT Europe Series #5 2026,b
223535,2026-08-02,124523,Spirit,3240,MOUZ,0,1,,BLAST Bounty Summer 2026,a
223536,2026-08-02,124523,Spirit,3240,MOUZ,0,1,,BLAST Bounty Summer 2026,a
223537,2026-08-02,124523,Spirit,3240,MOUZ,1,0,,BLAST Bounty Summer 2026,a
223538,2026-08-02,124523,Spirit,3240,MOUZ,0,1,,BLAST Bounty Summer 2026,a
223861,2026-08-05,130360,ARCRED,138406,Just Players,1,0,,CCT Europe Series #6 2026,b
223862,2026-08-05,130360,ARCRED,138406,Just Players,0,1,,CCT Europe Series #6 2026,b
223863,2026-08-05,130360,ARCRED,138406,Just Players,0,1,,CCT Europe Series #6 2026,b
223864,2026-08-05,138975,Butterfly,132927,Rune Eaters,1,0,,CCT Europe Series #6 2026,b
223865,2026-08-05,138975,Butterfly,132927,Rune Eaters,1,0,,CCT Europe Series #6 2026,b
223867,2026-08-05,139016,Nordic Partners Gaming ,128519,GenOne,0,1,,CCT Europe Series #6 2026,b
223868,2026-08-05,139016,Nordic Partners Gaming ,128519,GenOne,0,1,,CCT Europe Series #6 2026,b
223870,2026-08-05,133542,CYBERSHOKE Esports,127837,los kogutos,1,0,,CCT Europe Series #6 2026,b
223871,2026-08-05,133542,CYBERSHOKE Esports,127837,los kogutos,0,1,,CCT Europe Series #6 2026,b
223872,2026-08-05,133542,CYBERSHOKE Esports,127837,los kogutos,1,0,,CCT Europe Series #6 2026,b
223873,2026-08-06,138370,Lavked,138963,Black Phoenix,0,1,,CCT Europe Series #6 2026,b
223874,2026-08-06,138370,Lavked,138963,Black Phoenix,1,0,,CCT Europe Series #6 2026,b
223875,2026-08-06,138370,Lavked,138963,Black Phoenix,0,1,,CCT Europe Series #6 2026,b
223876,2026-08-06,137708,BET-M 33,136659,SPARTA,1,0,,CCT Europe Series #6 2026,b
223877,2026-08-06,137708,BET-M 33,136659,SPARTA,0,1,,CCT Europe Series #6 2026,b
223878,2026-08-06,137708,BET-M 33,136659,SPARTA,1,0,,CCT Europe Series #6 2026,b
223879,2026-08-06,138610,Walczaki,133063,UNiTY esports,1,0,,CCT Europe Series #6 2026,b
223880,2026-08-06,138610,Walczaki,133063,UNiTY esports,1,0,,CCT Europe Series #6 2026,b
223882,2026-08-06,135497,WW Team,138974,ex-RUSTEC,0,1,,CCT Europe Series #6 2026,b
223883,2026-08-06,135497,WW Team,138974,ex-RUSTEC,0,1,,CCT Europe Series #6 2026,b
223885,2026-08-07,138406,Just Players,138975,Butterfly,1,0,,CCT Europe Series #6 2026,b
223886,2026-08-07,138406,Just Players,138975,Butterfly,0,1,,CCT Europe Series #6 2026,b
223887,2026-08-07,138406,Just Players,138975,Butterfly,0,1,,CCT Europe Series #6 2026,b
223888,2026-08-07,133542,CYBERSHOKE Esports,128519,GenOne,1,0,,CCT Europe Series #6 2026,b
223889,2026-08-07,133542,CYBERSHOKE Esports,128519,GenOne,1,0,,CCT Europe Series #6 2026,b
223891,2026-08-07,138974,ex-RUSTEC,137708,BET-M 33,0,1,,CCT Europe Series #6 2026,b
223892,2026-08-07,138974,ex-RUSTEC,137708,BET-M 33,0,1,,CCT Europe Series #6 2026,b
223894,2026-08-07,138610,Walczaki,138963,Black Phoenix,0,1,,CCT Europe Series #6 2026,b
223895,2026-08-07,138610,Walczaki,138963,Black Phoenix,1,0,,CCT Europe Series #6 2026,b
223896,2026-08-07,138610,Walczaki,138963,Black Phoenix,0,1,,CCT Europe Series #6 2026,b
223897,2026-08-08,138963,Black Phoenix,133542,CYBERSHOKE Esports,1,0,,CCT Europe Series #6 2026,b
223898,2026-08-08,138963,Black Phoenix,133542,CYBERSHOKE Esports,0,1,,CCT Europe Series #6 2026,b
223899,2026-08-08,138963,Black Phoenix,133542,CYBERSHOKE Esports,0,1,,CCT Europe Series #6 2026,b
223900,2026-08-08,138975,Butterfly,137708,BET-M 33,0,1,,CCT Europe Series #6 2026,b
223901,2026-08-08,138975,Butterfly,137708,BET-M 33,1,0,,CCT Europe Series #6 2026,b
223902,2026-08-08,138975,Butterfly,137708,BET-M 33,1,0,,CCT Europe Series #6 2026,b
223903,2026-08-08,138975,Butterfly,133542,CYBERSHOKE Esports,1,0,,CCT Europe Series #6 2026,b
223904,2026-08-08,138975,Butterfly,133542,CYBERSHOKE Esports,0,1,,CCT Europe Series #6 2026,b
223905,2026-08-08,138975,Butterfly,133542,CYBERSHOKE Esports,0,1,,CCT Europe Series #6 2026,b
225452,2026-08-09,135298,K27,126738,SAW,0,1,,Esports World Cup Open Qualifier 2026,b
225453,2026-08-09,135298,K27,126738,SAW,1,0,,Esports World Cup Open Qualifier 2026,b
225454,2026-08-09,135298,K27,126738,SAW,1,0,,Esports World Cup Open Qualifier 2026,b
225455,2026-08-09,127014,Sinners,131189,EYEBALLERS,1,0,,Esports World Cup Open Qualifier 2026,b
225456,2026-08-09,127014,Sinners,131189,EYEBALLERS,0,1,,Esports World Cup Open Qualifier 2026,b
225457,2026-08-09,127014,Sinners,131189,EYEBALLERS,0,1,,Esports World Cup Open Qualifier 2026,b
225458,2026-08-09,3246,Heroic,137440,ASTRAL,1,0,,Esports World Cup Open Qualifier 2026,b
225459,2026-08-09,3246,Heroic,137440,ASTRAL,1,0,,Esports World Cup Open Qualifier 2026,b
225461,2026-08-09,137992,Fluxo W7M,3217,fnatic,0,1,,Esports World Cup Open Qualifier 2026,b
225462,2026-08-09,137992,Fluxo W7M,3217,fnatic,0,1,,Esports World Cup Open Qualifier 2026,b
225464,2026-08-09,3288,Virtus.pro,131010,Sashi Esport,1,0,,Esports World Cup Open Qualifier 2026,b
225465,2026-08-09,3288,Virtus.pro,131010,Sashi Esport,0,1,,Esports World Cup Open Qualifier 2026,b
225466,2026-08-09,3288,Virtus.pro,131010,Sashi Esport,0,1,,Esports World Cup Open Qualifier 2026,b
225467,2026-08-09,136846,Prestige,135381,Betclic Apogee Esports,0,1,,Esports World Cup Open Qualifier 2026,b
225468,2026-08-09,136846,Prestige,135381,Betclic Apogee Esports,0,1,,Esports World Cup Open Qualifier 2026,b
225470,2026-08-09,138830,ECHO,128519,GenOne,0,1,,Esports World Cup Open Qualifier 2026,b
225471,2026-08-09,138830,ECHO,128519,GenOne,1,0,,Esports World Cup Open Qualifier 2026,b
225472,2026-08-09,138830,ECHO,128519,GenOne,0,1,,Esports World Cup Open Qualifier 2026,b
225473,2026-08-09,129413,Eternal Fire,3249,BIG,0,1,,Esports World Cup Open Qualifier 2026,b
225474,2026-08-09,129413,Eternal Fire,3249,BIG,0,1,,Esports World Cup Open Qualifier 2026,b
225476,2026-08-09,3256,NRG,136560,Phantom,0,1,,Esports World Cup Open Qualifier 2026,b
225477,2026-08-09,3256,NRG,136560,Phantom,1,0,,Esports World Cup Open Qualifier 2026,b
225478,2026-08-09,3256,NRG,136560,Phantom,0,1,,Esports World Cup Open Qualifier 2026,b
225479,2026-08-09,126994,JiJieHao,138988,DENDELE CS,1,0,,Esports World Cup Open Qualifier 2026,b
225480,2026-08-09,126994,JiJieHao,138988,DENDELE CS,0,1,,Esports World Cup Open Qualifier 2026,b
225481,2026-08-09,126994,JiJieHao,138988,DENDELE CS,1,0,,Esports World Cup Open Qualifier 2026,b
225482,2026-08-09,136497,Inner Circle Esports,136319,Iberian Soul,1,0,,Esports World Cup Open Qualifier 2026,b
225483,2026-08-09,136497,Inner Circle Esports,136319,Iberian Soul,0,1,,Esports World Cup Open Qualifier 2026,b
225484,2026-08-09,136497,Inner Circle Esports,136319,Iberian Soul,1,0,,Esports World Cup Open Qualifier 2026,b
225485,2026-08-09,126408,9INE,130569,HOTU,0,1,,Esports World Cup Open Qualifier 2026,b
225486,2026-08-09,126408,9INE,130569,HOTU,0,1,,Esports World Cup Open Qualifier 2026,b
225488,2026-08-09,137699,FOKUS,137546,Acend,0,1,,Esports World Cup Open Qualifier 2026,b
225489,2026-08-09,137699,FOKUS,137546,Acend,1,0,,Esports World Cup Open Qualifier 2026,b
225490,2026-08-09,137699,FOKUS,137546,Acend,0,1,,Esports World Cup Open Qualifier 2026,b
225491,2026-08-09,126944,1WIN,3213,Liquid,1,0,,Esports World Cup Open Qualifier 2026,b
225492,2026-08-09,126944,1WIN,3213,Liquid,0,1,,Esports World Cup Open Qualifier 2026,b
225493,2026-08-09,126944,1WIN,3213,Liquid,1,0,,Esports World Cup Open Qualifier 2026,b
225494,2026-08-09,135177,BC.Game Esports,126584,OG,1,0,,Esports World Cup Open Qualifier 2026,b
225495,2026-08-09,135177,BC.Game Esports,126584,OG,1,0,,Esports World Cup Open Qualifier 2026,b
225497,2026-08-09,127976,Infinite,126452,100 Thieves,0,1,,Esports World Cup Open Qualifier 2026,b
225498,2026-08-09,127976,Infinite,126452,100 Thieves,0,1,,Esports World Cup Open Qualifier 2026,b
225500,2026-08-09,131189,EYEBALLERS,135298,K27,0,1,,Esports World Cup Open Qualifier 2026,b
225501,2026-08-09,131189,EYEBALLERS,135298,K27,0,1,,Esports World Cup Open Qualifier 2026,b
225503,2026-08-09,3246,Heroic,3217,fnatic,0,1,,Esports World Cup Open Qualifier 2026,b
225504,2026-08-09,3246,Heroic,3217,fnatic,0,1,,Esports World Cup Open Qualifier 2026,b
225506,2026-08-09,135381,Betclic Apogee Esports,131010,Sashi Esport,0,1,,Esports World Cup Open Qualifier 2026,b
225507,2026-08-09,135381,Betclic Apogee Esports,131010,Sashi Esport,0,1,,Esports World Cup Open Qualifier 2026,b
225509,2026-08-09,3249,BIG,128519,GenOne,1,0,,Esports World Cup Open Qualifier 2026,b
225510,2026-08-09,3249,BIG,128519,GenOne,1,0,,Esports World Cup Open Qualifier 2026,b
225512,2026-08-09,136560,Phantom,126994,JiJieHao,0,1,,Esports World Cup Open Qualifier 2026,b
225513,2026-08-09,136560,Phantom,126994,JiJieHao,1,0,,Esports World Cup Open Qualifier 2026,b
225514,2026-08-09,136560,Phantom,126994,JiJieHao,0,1,,Esports World Cup Open Qualifier 2026,b
225515,2026-08-09,130569,HOTU,136497,Inner Circle Esports,1,0,,Esports World Cup Open Qualifier 2026,b
225516,2026-08-09,130569,HOTU,136497,Inner Circle Esports,0,1,,Esports World Cup Open Qualifier 2026,b
225517,2026-08-09,130569,HOTU,136497,Inner Circle Esports,1,0,,Esports World Cup Open Qualifier 2026,b
225518,2026-08-09,126944,1WIN,137546,Acend,1,0,,Esports World Cup Open Qualifier 2026,b
225519,2026-08-09,126944,1WIN,137546,Acend,0,1,,Esports World Cup Open Qualifier 2026,b
225520,2026-08-09,126944,1WIN,137546,Acend,1,0,,Esports World Cup Open Qualifier 2026,b
225521,2026-08-09,126452,100 Thieves,135177,BC.Game Esports,0,1,,Esports World Cup Open Qualifier 2026,b
225522,2026-08-09,126452,100 Thieves,135177,BC.Game Esports,1,0,,Esports World Cup Open Qualifier 2026,b
225523,2026-08-09,126452,100 Thieves,135177,BC.Game Esports,1,0,,Esports World Cup Open Qualifier 2026,b
225524,2026-08-09,3217,fnatic,135298,K27,1,0,,Esports World Cup Open Qualifier 2026,b
225525,2026-08-09,3217,fnatic,135298,K27,0,1,,Esports World Cup Open Qualifier 2026,b
225526,2026-08-09,3217,fnatic,135298,K27,0,1,,Esports World Cup Open Qualifier 2026,b
225527,2026-08-09,131010,Sashi Esport,3249,BIG,0,1,,Esports World Cup Open Qualifier 2026,b
225528,2026-08-09,131010,Sashi Esport,3249,BIG,1,0,,Esports World Cup Open Qualifier 2026,b
225529,2026-08-09,131010,Sashi Esport,3249,BIG,0,1,,Esports World Cup Open Qualifier 2026,b
225530,2026-08-09,130569,HOTU,126994,JiJieHao,1,0,,Esports World Cup Open Qualifier 2026,b
225531,2026-08-09,130569,HOTU,126994,JiJieHao,0,1,,Esports World Cup Open Qualifier 2026,b
225532,2026-08-09,130569,HOTU,126994,JiJieHao,0,1,,Esports World Cup Open Qualifier 2026,b
225533,2026-08-09,126452,100 Thieves,126944,1WIN,1,0,,Esports World Cup Open Qualifier 2026,b
225534,2026-08-09,126452,100 Thieves,126944,1WIN,1,0,,Esports World Cup Open Qualifier 2026,b
225565,2026-08-12,124523,Spirit,126994,JiJieHao,0,1,,Esports World Cup 2026,s
225566,2026-08-12,3228,Luminosity,125847,GamerLegion,0,1,,Esports World Cup 2026,s
225567,2026-08-12,3210,G2,133435,M80,1,0,,Esports World Cup 2026,s
225568,2026-08-12,3249,BIG,131505,Aurora Gaming,1,0,,Esports World Cup 2026,s
225587,2026-08-12,130564,Team Falcons,135298,K27,1,0,,Esports World Cup 2026,s
225588,2026-08-12,3250,MIBR,3209,Astralis,0,1,,Esports World Cup 2026,s
225589,2026-08-12,133458,BetBoom Team,3212,FaZe,0,1,,Esports World Cup 2026,s
225590,2026-08-12,3218,NIP,133708,Legacy,0,1,,Esports World Cup 2026,s
225609,2026-08-12,3455,Vitality,126452,100 Thieves,1,0,,Esports World Cup 2026,s
225610,2026-08-12,133719,PARIVISION,129381,B8,0,1,,Esports World Cup 2026,s
225611,2026-08-12,136955,FUT Esports,3248,TYLOO,1,0,,Esports World Cup 2026,s
225612,2026-08-12,126439,Lynn Vision,3240,MOUZ,0,1,,Esports World Cup 2026,s
225631,2026-08-12,3216,Natus Vincere,3318,3DMAX,1,0,,Esports World Cup 2026,s
225632,2026-08-12,137739,magic,3272,TheMongolz,0,1,,Esports World Cup 2026,s
225633,2026-08-12,126709,9z,125751,paiN,1,0,,Esports World Cup 2026,s
225634,2026-08-12,135273,Wildcard,124530,FURIA,0,1,,Esports World Cup 2026,s
225569,2026-08-13,125847,GamerLegion,126994,JiJieHao,1,0,,Esports World Cup 2026,s
225570,2026-08-13,125847,GamerLegion,126994,JiJieHao,1,0,,Esports World Cup 2026,s
225572,2026-08-13,3249,BIG,3210,G2,0,1,,Esports World Cup 2026,s
225573,2026-08-13,3249,BIG,3210,G2,1,0,,Esports World Cup 2026,s
225574,2026-08-13,3249,BIG,3210,G2,0,1,,Esports World Cup 2026,s
225575,2026-08-13,3228,Luminosity,124523,Spirit,0,1,,Esports World Cup 2026,s
225576,2026-08-13,3228,Luminosity,124523,Spirit,0,1,,Esports World Cup 2026,s
225578,2026-08-13,131505,Aurora Gaming,133435,M80,1,0,,Esports World Cup 2026,s
225579,2026-08-13,131505,Aurora Gaming,133435,M80,1,0,,Esports World Cup 2026,s
225591,2026-08-13,130564,Team Falcons,3209,Astralis,1,0,,Esports World Cup 2026,s
225592,2026-08-13,130564,Team Falcons,3209,Astralis,1,0,,Esports World Cup 2026,s
225594,2026-08-13,133708,Legacy,3212,FaZe,0,1,,Esports World Cup 2026,s
225595,2026-08-13,133708,Legacy,3212,FaZe,0,1,,Esports World Cup 2026,s
225597,2026-08-14,135298,K27,3250,MIBR,0,1,,Esports World Cup 2026,s
225598,2026-08-14,135298,K27,3250,MIBR,0,1,,Esports World Cup 2026,s
225600,2026-08-14,3218,NIP,133458,BetBoom Team,1,0,,Esports World Cup 2026,s
225601,2026-08-14,3218,NIP,133458,BetBoom Team,1,0,,Esports World Cup 2026,s
225613,2026-08-14,129381,B8,3455,Vitality,0,1,,Esports World Cup 2026,s
225614,2026-08-14,129381,B8,3455,Vitality,1,0,,Esports World Cup 2026,s
225615,2026-08-14,129381,B8,3455,Vitality,1,0,,Esports World Cup 2026,s
225616,2026-08-14,136955,FUT Esports,3240,MOUZ,1,0,,Esports World Cup 2026,s
225617,2026-08-14,136955,FUT Esports,3240,MOUZ,0,1,,Esports World Cup 2026,s
225618,2026-08-14,136955,FUT Esports,3240,MOUZ,1,0,,Esports World Cup 2026,s
225619,2026-08-14,133719,PARIVISION,126452,100 Thieves,1,0,,Esports World Cup 2026,s
225620,2026-08-14,133719,PARIVISION,126452,100 Thieves,1,0,,Esports World Cup 2026,s
225622,2026-08-14,3248,TYLOO,126439,Lynn Vision,0,1,,Esports World Cup 2026,s
225623,2026-08-14,3248,TYLOO,126439,Lynn Vision,0,1,,Esports World Cup 2026,s
225581,2026-08-15,3249,BIG,124523,Spirit,1,0,,Esports World Cup 2026,s
225582,2026-08-15,3249,BIG,124523,Spirit,0,1,,Esports World Cup 2026,s
225583,2026-08-15,3249,BIG,124523,Spirit,0,1,,Esports World Cup 2026,s
225584,2026-08-15,126994,JiJieHao,131505,Aurora Gaming,0,1,,Esports World Cup 2026,s
225585,2026-08-15,126994,JiJieHao,131505,Aurora Gaming,0,1,,Esports World Cup 2026,s
225635,2026-08-15,3272,TheMongolz,3216,Natus Vincere,0,1,,Esports World Cup 2026,s
225636,2026-08-15,3272,TheMongolz,3216,Natus Vincere,1,0,,Esports World Cup 2026,s
225637,2026-08-15,3272,TheMongolz,3216,Natus Vincere,0,1,,Esports World Cup 2026,s
225638,2026-08-15,124530,FURIA,126709,9z,1,0,,Esports World Cup 2026,s
225639,2026-08-15,124530,FURIA,126709,9z,0,1,,Esports World Cup 2026,s
225640,2026-08-15,124530,FURIA,126709,9z,1,0,,Esports World Cup 2026,s
225641,2026-08-15,137739,magic,3318,3DMAX,1,0,,Esports World Cup 2026,s
225642,2026-08-15,137739,magic,3318,3DMAX,1,0,,Esports World Cup 2026,s
225644,2026-08-15,135273,Wildcard,125751,paiN,1,0,,Esports World Cup 2026,s
225645,2026-08-15,135273,Wildcard,125751,paiN,0,1,,Esports World Cup 2026,s
225646,2026-08-15,135273,Wildcard,125751,paiN,0,1,,Esports World Cup 2026,s
225603,2026-08-16,133708,Legacy,3250,MIBR,1,0,,Esports World Cup 2026,s
225604,2026-08-16,133708,Legacy,3250,MIBR,1,0,,Esports World Cup 2026,s
225606,2026-08-16,3209,Astralis,3218,NIP,1,0,,Esports World Cup 2026,s
225607,2026-08-16,3209,Astralis,3218,NIP,0,1,,Esports World Cup 2026,s
225608,2026-08-16,3209,Astralis,3218,NIP,1,0,,Esports World Cup 2026,s
225625,2026-08-16,3240,MOUZ,133719,PARIVISION,1,0,,Esports World Cup 2026,s
225626,2026-08-16,3240,MOUZ,133719,PARIVISION,1,0,,Esports World Cup 2026,s
225628,2026-08-16,3455,Vitality,126439,Lynn Vision,1,0,,Esports World Cup 2026,s
225629,2026-08-16,3455,Vitality,126439,Lynn Vision,1,0,,Esports World Cup 2026,s
225647,2026-08-16,126709,9z,137739,magic,0,1,,Esports World Cup 2026,s
225648,2026-08-16,126709,9z,137739,magic,1,0,,Esports World Cup 2026,s
225649,2026-08-16,126709,9z,137739,magic,0,1,,Esports World Cup 2026,s
225650,2026-08-16,3272,TheMongolz,125751,paiN,1,0,,Esports World Cup 2026,s
225651,2026-08-16,3272,TheMongolz,125751,paiN,1,0,,Esports World Cup 2026,s
225653,2026-08-19,3210,G2,3209,Astralis,0,1,,Esports World Cup 2026,s
225654,2026-08-19,3210,G2,3209,Astralis,1,0,,Esports World Cup 2026,s
225655,2026-08-19,3210,G2,3209,Astralis,1,0,,Esports World Cup 2026,s
225656,2026-08-19,124530,FURIA,131505,Aurora Gaming,1,0,,Esports World Cup 2026,s
225657,2026-08-19,124530,FURIA,131505,Aurora Gaming,0,1,,Esports World Cup 2026,s
225658,2026-08-19,124530,FURIA,131505,Aurora Gaming,1,0,,Esports World Cup 2026,s
225659,2026-08-19,136955,FUT Esports,137739,magic,0,1,,Esports World Cup 2026,s
225660,2026-08-19,136955,FUT Esports,137739,magic,1,0,,Esports World Cup 2026,s
225661,2026-08-19,136955,FUT Esports,137739,magic,1,0,,Esports World Cup 2026,s
225662,2026-08-19,125847,GamerLegion,3240,MOUZ,0,1,,Esports World Cup 2026,s
225663,2026-08-19,125847,GamerLegion,3240,MOUZ,1,0,,Esports World Cup 2026,s
225664,2026-08-19,125847,GamerLegion,3240,MOUZ,0,1,,Esports World Cup 2026,s
225665,2026-08-20,3216,Natus Vincere,133708,Legacy,0,1,,Esports World Cup 2026,s
225666,2026-08-20,3216,Natus Vincere,133708,Legacy,0,1,,Esports World Cup 2026,s
225668,2026-08-20,130564,Team Falcons,3272,TheMongolz,1,0,,Esports World Cup 2026,s
225669,2026-08-20,130564,Team Falcons,3272,TheMongolz,1,0,,Esports World Cup 2026,s
225671,2026-08-20,3212,FaZe,3455,Vitality,0,1,,Esports World Cup 2026,s
225672,2026-08-20,3212,FaZe,3455,Vitality,0,1,,Esports World Cup 2026,s
225674,2026-08-20,129381,B8,124523,Spirit,0,1,,Esports World Cup 2026,s
225675,2026-08-20,129381,B8,124523,Spirit,0,1,,Esports World Cup 2026,s
225677,2026-08-20,3210,G2,124530,FURIA,0,1,,Esports World Cup 2026,s
225678,2026-08-20,3210,G2,124530,FURIA,1,0,,Esports World Cup 2026,s
225679,2026-08-20,3210,G2,124530,FURIA,0,1,,Esports World Cup 2026,s
225680,2026-08-21,136955,FUT Esports,3240,MOUZ,1,0,,Esports World Cup 2026,s
225681,2026-08-21,136955,FUT Esports,3240,MOUZ,1,0,,Esports World Cup 2026,s
225683,2026-08-21,133708,Legacy,130564,Team Falcons,1,0,,Esports World Cup 2026,s
225684,2026-08-21,133708,Legacy,130564,Team Falcons,1,0,,Esports World Cup 2026,s
225686,2026-08-21,3455,Vitality,124523,Spirit,0,1,,Esports World Cup 2026,s
225687,2026-08-21,3455,Vitality,124523,Spirit,1,0,,Esports World Cup 2026,s
225688,2026-08-21,3455,Vitality,124523,Spirit,0,1,,Esports World Cup 2026,s
225689,2026-08-22,124530,FURIA,136955,FUT Esports,0,1,,Esports World Cup 2026,s
225690,2026-08-22,124530,FURIA,136955,FUT Esports,1,0,,Esports World Cup 2026,s
225691,2026-08-22,124530,FURIA,136955,FUT Esports,0,1,,Esports World Cup 2026,s
225692,2026-08-22,133708,Legacy,124523,Spirit,0,1,,Esports World Cup 2026,s
225693,2026-08-22,133708,Legacy,124523,Spirit,0,1,,Esports World Cup 2026,s
225695,2026-08-23,124530,FURIA,133708,Legacy,1,0,,Esports World Cup 2026,s
225696,2026-08-23,124530,FURIA,133708,Legacy,0,1,,Esports World Cup 2026,s
225697,2026-08-23,124530,FURIA,133708,Legacy,0,1,,Esports World Cup 2026,s
225698,2026-08-23,136955,FUT Esports,124523,Spirit,1,0,,Esports World Cup 2026,s
225699,2026-08-23,136955,FUT Esports,124523,Spirit,0,1,,Esports World Cup 2026,s
225700,2026-08-23,136955,FUT Esports,124523,Spirit,0,1,,Esports World Cup 2026,s
225701,2026-08-23,136955,FUT Esports,124523,Spirit,0,1,,Esports World Cup 2026,s
227028,2026-08-26,131505,Aurora Gaming,3210,G2,0,1,,BLAST Open Porto Fall 2026,a
227029,2026-08-26,131505,Aurora Gaming,3210,G2,0,1,,BLAST Open Porto Fall 2026,a
227031,2026-08-26,124523,Spirit,138988,DENDELE CS,1,0,,BLAST Open Porto Fall 2026,a
227032,2026-08-26,124523,Spirit,138988,DENDELE CS,1,0,,BLAST Open Porto Fall 2026,a
227034,2026-08-26,3216,Natus Vincere,133435,M80,1,0,,BLAST Open Porto Fall 2026,a
227035,2026-08-26,3216,Natus Vincere,133435,M80,0,1,,BLAST Open Porto Fall 2026,a
227036,2026-08-26,3216,Natus Vincere,133435,M80,0,1,,BLAST Open Porto Fall 2026,a
227037,2026-08-26,124530,FURIA,125751,paiN,1,0,,BLAST Open Porto Fall 2026,a
227038,2026-08-26,124530,FURIA,125751,paiN,1,0,,BLAST Open Porto Fall 2026,a
226005,2026-08-27,137861,STATE,128519,GenOne,0,1,,CCT Europe Series #7 2026,b
226006,2026-08-27,137861,STATE,128519,GenOne,1,0,,CCT Europe Series #7 2026,b
226007,2026-08-27,137861,STATE,128519,GenOne,0,1,,CCT Europe Series #7 2026,b
226008,2026-08-27,124522,Nemiga,138963,Black Phoenix,1,0,,CCT Europe Series #7 2026,b
226009,2026-08-27,124522,Nemiga,138963,Black Phoenix,1,0,,CCT Europe Series #7 2026,b
226011,2026-08-27,137546,Acend,133063,UNiTY esports,1,0,,CCT Europe Series #7 2026,b
226012,2026-08-27,137546,Acend,133063,UNiTY esports,1,0,,CCT Europe Series #7 2026,b
226014,2026-08-27,138617,INOX Division,138406,Just Players,0,1,,CCT Europe Series #7 2026,b
226015,2026-08-27,138617,INOX Division,138406,Just Players,1,0,,CCT Europe Series #7 2026,b
226016,2026-08-27,138617,INOX Division,138406,Just Players,1,0,,CCT Europe Series #7 2026,b
227064,2026-08-27,3455,Vitality,136497,Inner Circle Esports,0,1,,BLAST Open Porto Fall 2026,a
227065,2026-08-27,3455,Vitality,136497,Inner Circle Esports,0,1,,BLAST Open Porto Fall 2026,a
227067,2026-08-27,3240,MOUZ,126709,9z,1,0,,BLAST Open Porto Fall 2026,a
227068,2026-08-27,3240,MOUZ,126709,9z,1,0,,BLAST Open Porto Fall 2026,a
227070,2026-08-27,133708,Legacy,136955,FUT Esports,1,0,,BLAST Open Porto Fall 2026,a
227071,2026-08-27,133708,Legacy,136955,FUT Esports,1,0,,BLAST Open Porto Fall 2026,a
227073,2026-08-27,130564,Team Falcons,126439,Lynn Vision,1,0,,BLAST Open Porto Fall 2026,a
227074,2026-08-27,130564,Team Falcons,126439,Lynn Vision,0,1,,BLAST Open Porto Fall 2026,a
227075,2026-08-27,130564,Team Falcons,126439,Lynn Vision,1,0,,BLAST Open Porto Fall 2026,a
226017,2026-08-28,131010,Sashi Esport,138974,ex-RUSTEC,0,1,,CCT Europe Series #7 2026,b
226018,2026-08-28,131010,Sashi Esport,138974,ex-RUSTEC,1,0,,CCT Europe Series #7 2026,b
226019,2026-08-28,131010,Sashi Esport,138974,ex-RUSTEC,0,1,,CCT Europe Series #7 2026,b
226020,2026-08-28,126584,OG,137703,ex-Zero Tenacity,0,1,,CCT Europe Series #7 2026,b
226021,2026-08-28,126584,OG,137703,ex-Zero Tenacity,0,1,,CCT Europe Series #7 2026,b
226023,2026-08-28,136560,Phantom,133269,Leo Team,0,1,,CCT Europe Series #7 2026,b
226024,2026-08-28,136560,Phantom,133269,Leo Team,1,0,,CCT Europe Series #7 2026,b
226025,2026-08-28,136560,Phantom,133269,Leo Team,1,0,,CCT Europe Series #7 2026,b
226026,2026-08-28,127014,Sinners,136934,Bushido Wildcats,0,1,,CCT Europe Series #7 2026,b
226027,2026-08-28,127014,Sinners,136934,Bushido Wildcats,1,0,,CCT Europe Series #7 2026,b
226028,2026-08-28,127014,Sinners,136934,Bushido Wildcats,1,0,,CCT Europe Series #7 2026,b
227040,2026-08-28,3210,G2,124523,Spirit,0,1,,BLAST Open Porto Fall 2026,a
227041,2026-08-28,3210,G2,124523,Spirit,0,1,,BLAST Open Porto Fall 2026,a
227043,2026-08-28,133435,M80,124530,FURIA,0,1,,BLAST Open Porto Fall 2026,a
227044,2026-08-28,133435,M80,124530,FURIA,0,1,,BLAST Open Porto Fall 2026,a
227049,2026-08-28,131505,Aurora Gaming,138988,DENDELE CS,1,0,,BLAST Open Porto Fall 2026,a
227050,2026-08-28,131505,Aurora Gaming,138988,DENDELE CS,1,0,,BLAST Open Porto Fall 2026,a
227052,2026-08-28,3216,Natus Vincere,125751,paiN,1,0,,BLAST Open Porto Fall 2026,a
227053,2026-08-28,3216,Natus Vincere,125751,paiN,1,0,,BLAST Open Porto Fall 2026,a
226029,2026-08-29,137546,Acend,128519,GenOne,0,1,,CCT Europe Series #7 2026,b
226030,2026-08-29,137546,Acend,128519,GenOne,0,1,,CCT Europe Series #7 2026,b
226032,2026-08-29,138974,ex-RUSTEC,138617,INOX Division,0,1,,CCT Europe Series #7 2026,b
226033,2026-08-29,138974,ex-RUSTEC,138617,INOX Division,0,1,,CCT Europe Series #7 2026,b
226035,2026-08-29,127014,Sinners,137703,ex-Zero Tenacity,0,1,,CCT Europe Series #7 2026,b
226036,2026-08-29,127014,Sinners,137703,ex-Zero Tenacity,0,1,,CCT Europe Series #7 2026,b
226038,2026-08-29,124522,Nemiga,136560,Phantom,0,1,,CCT Europe Series #7 2026,b
226039,2026-08-29,124522,Nemiga,136560,Phantom,1,0,,CCT Europe Series #7 2026,b
226040,2026-08-29,124522,Nemiga,136560,Phantom,0,1,,CCT Europe Series #7 2026,b
227076,2026-08-29,136497,Inner Circle Esports,3240,MOUZ,0,1,,BLAST Open Porto Fall 2026,a
227077,2026-08-29,136497,Inner Circle Esports,3240,MOUZ,0,1,,BLAST Open Porto Fall 2026,a
227079,2026-08-29,133708,Legacy,130564,Team Falcons,0,1,,BLAST Open Porto Fall 2026,a
227080,2026-08-29,133708,Legacy,130564,Team Falcons,1,0,,BLAST Open Porto Fall 2026,a
227081,2026-08-29,133708,Legacy,130564,Team Falcons,0,1,,BLAST Open Porto Fall 2026,a
227085,2026-08-29,3455,Vitality,126709,9z,1,0,,BLAST Open Porto Fall 2026,a
227086,2026-08-29,3455,Vitality,126709,9z,1,0,,BLAST Open Porto Fall 2026,a
227088,2026-08-29,136955,FUT Esports,126439,Lynn Vision,0,1,,BLAST Open Porto Fall 2026,a
227089,2026-08-29,136955,FUT Esports,126439,Lynn Vision,1,0,,BLAST Open Porto Fall 2026,a
227090,2026-08-29,136955,FUT Esports,126439,Lynn Vision,1,0,,BLAST Open Porto Fall 2026,a
226041,2026-08-30,128519,GenOne,138617,INOX Division,0,1,,CCT Europe Series #7 2026,b
226042,2026-08-30,128519,GenOne,138617,INOX Division,0,1,,CCT Europe Series #7 2026,b
226044,2026-08-30,137703,ex-Zero Tenacity,136560,Phantom,1,0,,CCT Europe Series #7 2026,b
226045,2026-08-30,137703,ex-Zero Tenacity,136560,Phantom,1,0,,CCT Europe Series #7 2026,b
226047,2026-08-30,138617,INOX Division,137703,ex-Zero Tenacity,1,0,,CCT Europe Series #7 2026,b
226048,2026-08-30,138617,INOX Division,137703,ex-Zero Tenacity,1,0,,CCT Europe Series #7 2026,b
227055,2026-08-30,133435,M80,131505,Aurora Gaming,0,1,,BLAST Open Porto Fall 2026,a
227056,2026-08-30,133435,M80,131505,Aurora Gaming,0,1,,BLAST Open Porto Fall 2026,a
227058,2026-08-30,3210,G2,3216,Natus Vincere,1,0,,BLAST Open Porto Fall 2026,a
227059,2026-08-30,3210,G2,3216,Natus Vincere,1,0,,BLAST Open Porto Fall 2026,a
227091,2026-08-30,3455,Vitality,133708,Legacy,1,0,,BLAST Open Porto Fall 2026,a
227092,2026-08-30,3455,Vitality,133708,Legacy,0,1,,BLAST Open Porto Fall 2026,a
227093,2026-08-30,3455,Vitality,133708,Legacy,1,0,,BLAST Open Porto Fall 2026,a
227094,2026-08-30,136497,Inner Circle Esports,136955,FUT Esports,0,1,,BLAST Open Porto Fall 2026,a
227095,2026-08-30,136497,Inner Circle Esports,136955,FUT Esports,0,1,,BLAST Open Porto Fall 2026,a
227046,2026-08-31,124523,Spirit,124530,FURIA,1,0,,BLAST Open Porto Fall 2026,a
227047,2026-08-31,124523,Spirit,124530,FURIA,1,0,,BLAST Open Porto Fall 2026,a
227061,2026-08-31,3210,G2,131505,Aurora Gaming,0,1,,BLAST Open Porto Fall 2026,a
227062,2026-08-31,3210,G2,131505,Aurora Gaming,1,0,,BLAST Open Porto Fall 2026,a
227063,2026-08-31,3210,G2,131505,Aurora Gaming,1,0,,BLAST Open Porto Fall 2026,a
227082,2026-08-31,3240,MOUZ,130564,Team Falcons,0,1,,BLAST Open Porto Fall 2026,a
227083,2026-08-31,3240,MOUZ,130564,Team Falcons,1,0,,BLAST Open Porto Fall 2026,a
227084,2026-08-31,3240,MOUZ,130564,Team Falcons,1,0,,BLAST Open Porto Fall 2026,a
227097,2026-08-31,136955,FUT Esports,3455,Vitality,0,1,,BLAST Open Porto Fall 2026,a
227098,2026-08-31,136955,FUT Esports,3455,Vitality,0,1,,BLAST Open Porto Fall 2026,a
227100,2026-09-04,130564,Team Falcons,3210,G2,1,0,,BLAST Open Porto Fall 2026,a
227101,2026-09-04,130564,Team Falcons,3210,G2,1,0,,BLAST Open Porto Fall 2026,a
227103,2026-09-04,124530,FURIA,3455,Vitality,1,0,,BLAST Open Porto Fall 2026,a
227104,2026-09-04,124530,FURIA,3455,Vitality,0,1,,BLAST Open Porto Fall 2026,a
227105,2026-09-04,124530,FURIA,3455,Vitality,0,1,,BLAST Open Porto Fall 2026,a
227106,2026-09-05,124523,Spirit,130564,Team Falcons,1,0,,BLAST Open Porto Fall 2026,a
227107,2026-09-05,124523,Spirit,130564,Team Falcons,1,0,,BLAST Open Porto Fall 2026,a
227109,2026-09-05,3240,MOUZ,3455,Vitality,1,0,,BLAST Open Porto Fall 2026,a
227110,2026-09-05,3240,MOUZ,3455,Vitality,1,0,,BLAST Open Porto Fall 2026,a
227112,2026-09-06,124523,Spirit,3240,MOUZ,1,0,,BLAST Open Porto Fall 2026,a
227113,2026-09-06,124523,Spirit,3240,MOUZ,0,1,,BLAST Open Porto Fall 2026,a
227114,2026-09-06,124523,Spirit,3240,MOUZ,1,0,,BLAST Open Porto Fall 2026,a
227115,2026-09-06,124523,Spirit,3240,MOUZ,1,0,,BLAST Open Porto Fall 2026,a
228460,2026-09-08,126709,9z,138284,5star,1,0,,FISSURE PLAYGROUND Season 3 2026,a
228461,2026-09-08,126709,9z,138284,5star,1,0,,FISSURE PLAYGROUND Season 3 2026,a
228891,2026-09-08,133708,Legacy,137739,magic,1,0,,FISSURE PLAYGROUND Season 3 2026,a
228892,2026-09-08,133708,Legacy,137739,magic,0,1,,FISSURE PLAYGROUND Season 3 2026,a
228893,2026-09-08,133708,Legacy,137739,magic,1,0,,FISSURE PLAYGROUND Season 3 2026,a
228894,2026-09-08,133725,Alliance,3212,FaZe,1,0,,FISSURE PLAYGROUND Season 3 2026,a
228895,2026-09-08,133725,Alliance,3212,FaZe,1,0,,FISSURE PLAYGROUND Season 3 2026,a
228897,2026-09-08,133719,PARIVISION,3248,TYLOO,1,0,,FISSURE PLAYGROUND Season 3 2026,a
228898,2026-09-08,133719,PARIVISION,3248,TYLOO,1,0,,FISSURE PLAYGROUND Season 3 2026,a
228900,2026-09-08,125847,GamerLegion,124530,FURIA,1,0,,FISSURE PLAYGROUND Season 3 2026,a
228901,2026-09-08,125847,GamerLegion,124530,FURIA,0,1,,FISSURE PLAYGROUND Season 3 2026,a
228902,2026-09-08,125847,GamerLegion,124530,FURIA,0,1,,FISSURE PLAYGROUND Season 3 2026,a
228903,2026-09-08,3250,MIBR,3272,TheMongolz,0,1,,FISSURE PLAYGROUND Season 3 2026,a
228904,2026-09-08,3250,MIBR,3272,TheMongolz,1,0,,FISSURE PLAYGROUND Season 3 2026,a
228905,2026-09-08,3250,MIBR,3272,TheMongolz,1,0,,FISSURE PLAYGROUND Season 3 2026,a
228906,2026-09-08,3210,G2,3209,Astralis,0,1,,FISSURE PLAYGROUND Season 3 2026,a
228907,2026-09-08,3210,G2,3209,Astralis,1,0,,FISSURE PLAYGROUND Season 3 2026,a
228908,2026-09-08,3210,G2,3209,Astralis,0,1,,FISSURE PLAYGROUND Season 3 2026,a
228909,2026-09-08,3249,BIG,133458,BetBoom Team,0,1,,FISSURE PLAYGROUND Season 3 2026,a
228910,2026-09-08,3249,BIG,133458,BetBoom Team,0,1,,FISSURE PLAYGROUND Season 3 2026,a
229927,2026-09-09,133708,Legacy,133725,Alliance,1,0,,FISSURE PLAYGROUND Season 3 2026,a
229928,2026-09-09,133708,Legacy,133725,Alliance,1,0,,FISSURE PLAYGROUND Season 3 2026,a
229930,2026-09-09,133719,PARIVISION,124530,FURIA,0,1,,FISSURE PLAYGROUND Season 3 2026,a
229931,2026-09-09,133719,PARIVISION,124530,FURIA,0,1,,FISSURE PLAYGROUND Season 3 2026,a
229936,2026-09-09,137739,magic,3212,FaZe,1,0,,FISSURE PLAYGROUND Season 3 2026,a
229937,2026-09-09,137739,magic,3212,FaZe,0,1,,FISSURE PLAYGROUND Season 3 2026,a
229938,2026-09-09,137739,magic,3212,FaZe,1,0,,FISSURE PLAYGROUND Season 3 2026,a
229939,2026-09-09,3248,TYLOO,125847,GamerLegion,1,0,,FISSURE PLAYGROUND Season 3 2026,a
229940,2026-09-09,3248,TYLOO,125847,GamerLegion,1,0,,FISSURE PLAYGROUND Season 3 2026,a
229951,2026-09-09,126709,9z,3250,MIBR,0,1,,FISSURE PLAYGROUND Season 3 2026,a
229952,2026-09-09,126709,9z,3250,MIBR,0,1,,FISSURE PLAYGROUND Season 3 2026,a
229954,2026-09-09,133458,BetBoom Team,3209,Astralis,1,0,,FISSURE PLAYGROUND Season 3 2026,a
229955,2026-09-09,133458,BetBoom Team,3209,Astralis,1,0,,FISSURE PLAYGROUND Season 3 2026,a
229960,2026-09-09,138284,5star,3272,TheMongolz,1,0,,FISSURE PLAYGROUND Season 3 2026,a
229961,2026-09-09,138284,5star,3272,TheMongolz,1,0,,FISSURE PLAYGROUND Season 3 2026,a
229963,2026-09-09,3249,BIG,3210,G2,1,0,,FISSURE PLAYGROUND Season 3 2026,a
229964,2026-09-09,3249,BIG,3210,G2,0,1,,FISSURE PLAYGROUND Season 3 2026,a
229965,2026-09-09,3249,BIG,3210,G2,0,1,,FISSURE PLAYGROUND Season 3 2026,a
230335,2026-09-09,135298,K27,3288,Virtus.pro,1,0,,Thunderpick World Championship Closed Qualifier 2026,b
230336,2026-09-09,135298,K27,3288,Virtus.pro,0,1,,Thunderpick World Championship Closed Qualifier 2026,b
230337,2026-09-09,135298,K27,3288,Virtus.pro,1,0,,Thunderpick World Championship Closed Qualifier 2026,b
230338,2026-09-09,3246,Heroic,132800,BESTIA,1,0,,Thunderpick World Championship Closed Qualifier 2026,b
230339,2026-09-09,3246,Heroic,132800,BESTIA,1,0,,Thunderpick World Championship Closed Qualifier 2026,b
230350,2026-09-09,131189,EYEBALLERS,137289,Team Nemesis,0,1,,Thunderpick World Championship Closed Qualifier 2026,b
230351,2026-09-09,131189,EYEBALLERS,137289,Team Nemesis,0,1,,Thunderpick World Championship Closed Qualifier 2026,b
230353,2026-09-09,130569,HOTU,135273,Wildcard,1,0,,Thunderpick World Championship Closed Qualifier 2026,b
230354,2026-09-09,130569,HOTU,135273,Wildcard,1,0,,Thunderpick World Championship Closed Qualifier 2026,b
230368,2026-09-09,3318,3DMAX,137546,Acend,1,0,,Thunderpick World Championship Closed Qualifier 2026,b
230369,2026-09-09,3318,3DMAX,137546,Acend,1,0,,Thunderpick World Championship Closed Qualifier 2026,b
230371,2026-09-09,126452,100 Thieves,139180,BBL,0,1,,Thunderpick World Championship Closed Qualifier 2026,b
230372,2026-09-09,126452,100 Thieves,139180,BBL,1,0,,Thunderpick World Championship Closed Qualifier 2026,b
230373,2026-09-09,126452,100 Thieves,139180,BBL,0,1,,Thunderpick World Championship Closed Qualifier 2026,b
230380,2026-09-09,126944,1WIN,127976,Infinite,1,0,,Thunderpick World Championship Closed Qualifier 2026,b
230381,2026-09-09,126944,1WIN,127976,Infinite,0,1,,Thunderpick World Championship Closed Qualifier 2026,b
230382,2026-09-09,126944,1WIN,127976,Infinite,1,0,,Thunderpick World Championship Closed Qualifier 2026,b
230383,2026-09-09,3218,NIP,137699,FOKUS,0,1,,Thunderpick World Championship Closed Qualifier 2026,b
230384,2026-09-09,3218,NIP,137699,FOKUS,0,1,,Thunderpick World Championship Closed Qualifier 2026,b
229933,2026-09-10,133708,Legacy,124530,FURIA,1,0,,FISSURE PLAYGROUND Season 3 2026,a
229934,2026-09-10,133708,Legacy,124530,FURIA,1,0,,FISSURE PLAYGROUND Season 3 2026,a
229942,2026-09-10,133719,PARIVISION,137739,magic,0,1,,FISSURE PLAYGROUND Season 3 2026,a
229943,2026-09-10,133719,PARIVISION,137739,magic,0,1,,FISSURE PLAYGROUND Season 3 2026,a
229945,2026-09-10,133725,Alliance,3248,TYLOO,1,0,,FISSURE PLAYGROUND Season 3 2026,a
229946,2026-09-10,133725,Alliance,3248,TYLOO,1,0,,FISSURE PLAYGROUND Season 3 2026,a
229948,2026-09-10,133725,Alliance,137739,magic,1,0,,FISSURE PLAYGROUND Season 3 2026,a
229949,2026-09-10,133725,Alliance,137739,magic,1,0,,FISSURE PLAYGROUND Season 3 2026,a
229957,2026-09-10,3250,MIBR,133458,BetBoom Team,0,1,,FISSURE PLAYGROUND Season 3 2026,a
229958,2026-09-10,3250,MIBR,133458,BetBoom Team,0,1,,FISSURE PLAYGROUND Season 3 2026,a
229966,2026-09-10,3209,Astralis,138284,5star,0,1,,FISSURE PLAYGROUND Season 3 2026,a
229967,2026-09-10,3209,Astralis,138284,5star,1,0,,FISSURE PLAYGROUND Season 3 2026,a
229968,2026-09-10,3209,Astralis,138284,5star,0,1,,FISSURE PLAYGROUND Season 3 2026,a
229969,2026-09-10,126709,9z,3210,G2,1,0,,FISSURE PLAYGROUND Season 3 2026,a
229970,2026-09-10,126709,9z,3210,G2,0,1,,FISSURE PLAYGROUND Season 3 2026,a
229971,2026-09-10,126709,9z,3210,G2,0,1,,FISSURE PLAYGROUND Season 3 2026,a
229972,2026-09-10,3210,G2,138284,5star,1,0,,FISSURE PLAYGROUND Season 3 2026,a
229973,2026-09-10,3210,G2,138284,5star,1,0,,FISSURE PLAYGROUND Season 3 2026,a
230341,2026-09-10,132800,BESTIA,3288,Virtus.pro,0,1,,Thunderpick World Championship Closed Qualifier 2026,b
230342,2026-09-10,132800,BESTIA,3288,Virtus.pro,0,1,,Thunderpick World Championship Closed Qualifier 2026,b
230344,2026-09-10,3246,Heroic,135298,K27,0,1,,Thunderpick World Championship Closed Qualifier 2026,b
230345,2026-09-10,3246,Heroic,135298,K27,1,0,,Thunderpick World Championship Closed Qualifier 2026,b
230346,2026-09-10,3246,Heroic,135298,K27,1,0,,Thunderpick World Championship Closed Qualifier 2026,b
230356,2026-09-10,135273,Wildcard,131189,EYEBALLERS,0,1,,Thunderpick World Championship Closed Qualifier 2026,b
230357,2026-09-10,135273,Wildcard,131189,EYEBALLERS,1,0,,Thunderpick World Championship Closed Qualifier 2026,b
230358,2026-09-10,135273,Wildcard,131189,EYEBALLERS,1,0,,Thunderpick World Championship Closed Qualifier 2026,b
230359,2026-09-10,130569,HOTU,137289,Team Nemesis,0,1,,Thunderpick World Championship Closed Qualifier 2026,b
230360,2026-09-10,130569,HOTU,137289,Team Nemesis,1,0,,Thunderpick World Championship Closed Qualifier 2026,b
230361,2026-09-10,130569,HOTU,137289,Team Nemesis,1,0,,Thunderpick World Championship Closed Qualifier 2026,b
230365,2026-09-10,137546,Acend,126452,100 Thieves,0,1,,Thunderpick World Championship Closed Qualifier 2026,b
230366,2026-09-10,137546,Acend,126452,100 Thieves,0,1,,Thunderpick World Championship Closed Qualifier 2026,b
230374,2026-09-10,3318,3DMAX,139180,BBL,0,1,,Thunderpick World Championship Closed Qualifier 2026,b
230375,2026-09-10,3318,3DMAX,139180,BBL,1,0,,Thunderpick World Championship Closed Qualifier 2026,b
230376,2026-09-10,3318,3DMAX,139180,BBL,0,1,,Thunderpick World Championship Closed Qualifier 2026,b
230386,2026-09-10,3218,NIP,127976,Infinite,1,0,,Thunderpick World Championship Closed Qualifier 2026,b
230387,2026-09-10,3218,NIP,127976,Infinite,1,0,,Thunderpick World Championship Closed Qualifier 2026,b
230389,2026-09-10,137699,FOKUS,126944,1WIN,1,0,,Thunderpick World Championship Closed Qualifier 2026,b
230390,2026-09-10,137699,FOKUS,126944,1WIN,1,0,,Thunderpick World Championship Closed Qualifier 2026,b
228336,2026-09-11,127014,Sinners,130590,The Last Resort,1,0,,CCT Europe Series #8 2026,b
228337,2026-09-11,127014,Sinners,130590,The Last Resort,1,0,,CCT Europe Series #8 2026,b
228339,2026-09-11,129440,Metizport,138370,Lavked,1,0,,CCT Europe Series #8 2026,b
228340,2026-09-11,129440,Metizport,138370,Lavked,1,0,,CCT Europe Series #8 2026,b
228342,2026-09-11,137546,Acend,138617,INOX Division,0,1,,CCT Europe Series #8 2026,b
228343,2026-09-11,137546,Acend,138617,INOX Division,1,0,,CCT Europe Series #8 2026,b
228344,2026-09-11,137546,Acend,138617,INOX Division,0,1,,CCT Europe Series #8 2026,b
229910,2026-09-11,3250,MIBR,133725,Alliance,1,0,,FISSURE PLAYGROUND Season 3 2026,a
229911,2026-09-11,3250,MIBR,133725,Alliance,1,0,,FISSURE PLAYGROUND Season 3 2026,a
229913,2026-09-11,124530,FURIA,3210,G2,0,1,,FISSURE PLAYGROUND Season 3 2026,a
229914,2026-09-11,124530,FURIA,3210,G2,0,1,,FISSURE PLAYGROUND Season 3 2026,a
230347,2026-09-11,135298,K27,3288,Virtus.pro,0,1,,Thunderpick World Championship Closed Qualifier 2026,b
230348,2026-09-11,135298,K27,3288,Virtus.pro,0,1,,Thunderpick World Championship Closed Qualifier 2026,b
230362,2026-09-11,137289,Team Nemesis,135273,Wildcard,0,1,,Thunderpick World Championship Closed Qualifier 2026,b
230363,2026-09-11,137289,Team Nemesis,135273,Wildcard,0,1,,Thunderpick World Championship Closed Qualifier 2026,b
230377,2026-09-11,3318,3DMAX,126452,100 Thieves,0,1,,Thunderpick World Championship Closed Qualifier 2026,b
230378,2026-09-11,3318,3DMAX,126452,100 Thieves,0,1,,Thunderpick World Championship Closed Qualifier 2026,b
230392,2026-09-11,126944,1WIN,3218,NIP,1,0,,Thunderpick World Championship Closed Qualifier 2026,b
230393,2026-09-11,126944,1WIN,3218,NIP,0,1,,Thunderpick World Championship Closed Qualifier 2026,b
230394,2026-09-11,126944,1WIN,3218,NIP,1,0,,Thunderpick World Championship Closed Qualifier 2026,b
228348,2026-09-12,131010,Sashi Esport,138660,WRAITH PCIFIC,1,0,,CCT Europe Series #8 2026,b
228349,2026-09-12,131010,Sashi Esport,138660,WRAITH PCIFIC,0,1,,CCT Europe Series #8 2026,b
228350,2026-09-12,131010,Sashi Esport,138660,WRAITH PCIFIC,1,0,,CCT Europe Series #8 2026,b
228351,2026-09-12,139106,Color,136659,SPARTA,1,0,,CCT Europe Series #8 2026,b
228352,2026-09-12,139106,Color,136659,SPARTA,0,1,,CCT Europe Series #8 2026,b
228353,2026-09-12,139106,Color,136659,SPARTA,1,0,,CCT Europe Series #8 2026,b
228354,2026-09-12,137699,FOKUS,133269,Leo Team,1,0,,CCT Europe Series #8 2026,b
228355,2026-09-12,137699,FOKUS,133269,Leo Team,1,0,,CCT Europe Series #8 2026,b
228357,2026-09-12,124522,Nemiga,138406,Just Players,1,0,,CCT Europe Series #8 2026,b
228358,2026-09-12,124522,Nemiga,138406,Just Players,1,0,,CCT Europe Series #8 2026,b
229916,2026-09-12,133708,Legacy,3250,MIBR,1,0,,FISSURE PLAYGROUND Season 3 2026,a
229917,2026-09-12,133708,Legacy,3250,MIBR,0,1,,FISSURE PLAYGROUND Season 3 2026,a
229918,2026-09-12,133708,Legacy,3250,MIBR,1,0,,FISSURE PLAYGROUND Season 3 2026,a
229919,2026-09-12,133458,BetBoom Team,3210,G2,1,0,,FISSURE PLAYGROUND Season 3 2026,a
229920,2026-09-12,133458,BetBoom Team,3210,G2,0,1,,FISSURE PLAYGROUND Season 3 2026,a
229921,2026-09-12,133458,BetBoom Team,3210,G2,0,1,,FISSURE PLAYGROUND Season 3 2026,a
230395,2026-09-12,137699,FOKUS,3288,Virtus.pro,1,0,,Thunderpick World Championship Closed Qualifier 2026,b
230396,2026-09-12,137699,FOKUS,3288,Virtus.pro,0,1,,Thunderpick World Championship Closed Qualifier 2026,b
230397,2026-09-12,137699,FOKUS,3288,Virtus.pro,0,1,,Thunderpick World Championship Closed Qualifier 2026,b
230398,2026-09-12,139180,BBL,135273,Wildcard,1,0,,Thunderpick World Championship Closed Qualifier 2026,b
230399,2026-09-12,139180,BBL,135273,Wildcard,1,0,,Thunderpick World Championship Closed Qualifier 2026,b
230401,2026-09-12,130569,HOTU,126452,100 Thieves,1,0,,Thunderpick World Championship Closed Qualifier 2026,b
230402,2026-09-12,130569,HOTU,126452,100 Thieves,1,0,,Thunderpick World Championship Closed Qualifier 2026,b
230404,2026-09-12,3246,Heroic,126944,1WIN,1,0,,Thunderpick World Championship Closed Qualifier 2026,b
230405,2026-09-12,3246,Heroic,126944,1WIN,0,1,,Thunderpick World Championship Closed Qualifier 2026,b
230406,2026-09-12,3246,Heroic,126944,1WIN,1,0,,Thunderpick World Championship Closed Qualifier 2026,b
228360,2026-09-13,137703,ex-Zero Tenacity,129440,Metizport,0,1,,CCT Europe Series #8 2026,b
228361,2026-09-13,137703,ex-Zero Tenacity,129440,Metizport,1,0,,CCT Europe Series #8 2026,b
228362,2026-09-13,137703,ex-Zero Tenacity,129440,Metizport,0,1,,CCT Europe Series #8 2026,b
228363,2026-09-13,127014,Sinners,124522,Nemiga,0,1,,CCT Europe Series #8 2026,b
228364,2026-09-13,127014,Sinners,124522,Nemiga,0,1,,CCT Europe Series #8 2026,b
228366,2026-09-13,137699,FOKUS,131010,Sashi Esport,1,0,,CCT Europe Series #8 2026,b
228367,2026-09-13,137699,FOKUS,131010,Sashi Esport,0,1,,CCT Europe Series #8 2026,b
228368,2026-09-13,137699,FOKUS,131010,Sashi Esport,0,1,,CCT Europe Series #8 2026,b
228369,2026-09-13,138617,INOX Division,139106,Color,0,1,,CCT Europe Series #8 2026,b
228370,2026-09-13,138617,INOX Division,139106,Color,0,1,,CCT Europe Series #8 2026,b
229922,2026-09-13,3210,G2,133708,Legacy,0,1,,FISSURE PLAYGROUND Season 3 2026,a
229923,2026-09-13,3210,G2,133708,Legacy,0,1,,FISSURE PLAYGROUND Season 3 2026,a
229924,2026-09-13,3210,G2,133708,Legacy,0,1,,FISSURE PLAYGROUND Season 3 2026,a
230407,2026-09-13,3288,Virtus.pro,3246,Heroic,1,0,,Thunderpick World Championship Closed Qualifier 2026,b
230408,2026-09-13,3288,Virtus.pro,3246,Heroic,0,1,,Thunderpick World Championship Closed Qualifier 2026,b
230409,2026-09-13,3288,Virtus.pro,3246,Heroic,1,0,,Thunderpick World Championship Closed Qualifier 2026,b
230410,2026-09-13,139180,BBL,130569,HOTU,0,1,,Thunderpick World Championship Closed Qualifier 2026,b
230411,2026-09-13,139180,BBL,130569,HOTU,1,0,,Thunderpick World Championship Closed Qualifier 2026,b
230412,2026-09-13,139180,BBL,130569,HOTU,0,1,,Thunderpick World Championship Closed Qualifier 2026,b
230413,2026-09-13,3288,Virtus.pro,130569,HOTU,1,0,,Thunderpick World Championship Closed Qualifier 2026,b
230414,2026-09-13,3288,Virtus.pro,130569,HOTU,1,0,,Thunderpick World Championship Closed Qualifier 2026,b
230415,2026-09-13,3288,Virtus.pro,130569,HOTU,1,0,,Thunderpick World Championship Closed Qualifier 2026,b
228372,2026-09-14,129440,Metizport,124522,Nemiga,0,1,,CCT Europe Series #8 2026,b
228373,2026-09-14,129440,Metizport,124522,Nemiga,0,1,,CCT Europe Series #8 2026,b
228375,2026-09-14,131010,Sashi Esport,139106,Color,0,1,,CCT Europe Series #8 2026,b
228376,2026-09-14,131010,Sashi Esport,139106,Color,1,0,,CCT Europe Series #8 2026,b
228377,2026-09-14,131010,Sashi Esport,139106,Color,0,1,,CCT Europe Series #8 2026,b
230658,2026-09-17,129381,B8,129440,Metizport,1,0,,Logitech G Play Connect 2026,b
230659,2026-09-17,125847,GamerLegion,3228,Luminosity,1,0,,Logitech G Play Connect 2026,b
230660,2026-09-17,3218,NIP,133435,M80,0,1,,Logitech G Play Connect 2026,b
230661,2026-09-17,129381,B8,125847,GamerLegion,1,0,,Logitech G Play Connect 2026,b
230662,2026-09-17,129440,Metizport,3228,Luminosity,0,1,,Logitech G Play Connect 2026,b
230663,2026-09-17,133435,M80,125847,GamerLegion,1,0,,Logitech G Play Connect 2026,b
230664,2026-09-17,3218,NIP,129381,B8,0,1,,Logitech G Play Connect 2026,b
230665,2026-09-17,129440,Metizport,3218,NIP,0,1,,Logitech G Play Connect 2026,b
230666,2026-09-17,3228,Luminosity,129381,B8,0,1,,Logitech G Play Connect 2026,b
230667,2026-09-17,125847,GamerLegion,3218,NIP,1,0,,Logitech G Play Connect 2026,b
230668,2026-09-17,133435,M80,129440,Metizport,1,0,,Logitech G Play Connect 2026,b
230669,2026-09-17,129440,Metizport,125847,GamerLegion,1,0,,Logitech G Play Connect 2026,b
230670,2026-09-17,3228,Luminosity,133435,M80,1,0,,Logitech G Play Connect 2026,b
230671,2026-09-17,3228,Luminosity,3218,NIP,1,0,,Logitech G Play Connect 2026,b
230672,2026-09-17,129381,B8,133435,M80,1,0,,Logitech G Play Connect 2026,b
231258,2026-09-17,3240,MOUZ,3256,NRG,0,1,,StarLadder StarSeries Fall 2026,a
231259,2026-09-17,3240,MOUZ,3256,NRG,1,0,,StarLadder StarSeries Fall 2026,a
231260,2026-09-17,3240,MOUZ,3256,NRG,0,1,,StarLadder StarSeries Fall 2026,a
231261,2026-09-17,3216,Natus Vincere,131505,Aurora Gaming,0,1,,StarLadder StarSeries Fall 2026,a
231262,2026-09-17,3216,Natus Vincere,131505,Aurora Gaming,0,1,,StarLadder StarSeries Fall 2026,a
231264,2026-09-17,3455,Vitality,137739,magic,1,0,,StarLadder StarSeries Fall 2026,a
231265,2026-09-17,3455,Vitality,137739,magic,1,0,,StarLadder StarSeries Fall 2026,a
231267,2026-09-17,124530,FURIA,3250,MIBR,0,1,,StarLadder StarSeries Fall 2026,a
231268,2026-09-17,124530,FURIA,3250,MIBR,1,0,,StarLadder StarSeries Fall 2026,a
231269,2026-09-17,124530,FURIA,3250,MIBR,1,0,,StarLadder StarSeries Fall 2026,a
230673,2026-09-18,136497,Inner Circle Esports,139180,BBL,1,0,,Logitech G Play Connect 2026,b
230674,2026-09-18,3318,3DMAX,131189,EYEBALLERS,1,0,,Logitech G Play Connect 2026,b
230675,2026-09-18,3213,Liquid,127976,Infinite,1,0,,Logitech G Play Connect 2026,b
230676,2026-09-18,136497,Inner Circle Esports,3213,Liquid,1,0,,Logitech G Play Connect 2026,b
230677,2026-09-18,139180,BBL,127976,Infinite,1,0,,Logitech G Play Connect 2026,b
230678,2026-09-18,3318,3DMAX,136497,Inner Circle Esports,0,1,,Logitech G Play Connect 2026,b
230679,2026-09-18,131189,EYEBALLERS,3213,Liquid,1,0,,Logitech G Play Connect 2026,b
230680,2026-09-18,127976,Infinite,136497,Inner Circle Esports,0,1,,Logitech G Play Connect 2026,b
230681,2026-09-18,139180,BBL,3318,3DMAX,0,1,,Logitech G Play Connect 2026,b
230682,2026-09-18,3213,Liquid,3318,3DMAX,1,0,,Logitech G Play Connect 2026,b
230683,2026-09-18,131189,EYEBALLERS,139180,BBL,0,1,,Logitech G Play Connect 2026,b
230684,2026-09-18,127976,Infinite,131189,EYEBALLERS,0,1,,Logitech G Play Connect 2026,b
230685,2026-09-18,139180,BBL,3213,Liquid,1,0,,Logitech G Play Connect 2026,b
230686,2026-09-18,136497,Inner Circle Esports,131189,EYEBALLERS,0,1,,Logitech G Play Connect 2026,b
230687,2026-09-18,127976,Infinite,3318,3DMAX,0,1,,Logitech G Play Connect 2026,b
231270,2026-09-18,3240,MOUZ,3216,Natus Vincere,0,1,,StarLadder StarSeries Fall 2026,a
231271,2026-09-18,3240,MOUZ,3216,Natus Vincere,1,0,,StarLadder StarSeries Fall 2026,a
231272,2026-09-18,3240,MOUZ,3216,Natus Vincere,1,0,,StarLadder StarSeries Fall 2026,a
231273,2026-09-18,137739,magic,3250,MIBR,0,1,,StarLadder StarSeries Fall 2026,a
231274,2026-09-18,137739,magic,3250,MIBR,1,0,,StarLadder StarSeries Fall 2026,a
231275,2026-09-18,137739,magic,3250,MIBR,0,1,,StarLadder StarSeries Fall 2026,a
231276,2026-09-18,3256,NRG,131505,Aurora Gaming,0,1,,StarLadder StarSeries Fall 2026,a
231277,2026-09-18,3256,NRG,131505,Aurora Gaming,0,1,,StarLadder StarSeries Fall 2026,a
231279,2026-09-18,3455,Vitality,124530,FURIA,1,0,,StarLadder StarSeries Fall 2026,a
231280,2026-09-18,3455,Vitality,124530,FURIA,1,0,,StarLadder StarSeries Fall 2026,a
230688,2026-09-19,3228,Luminosity,139180,BBL,1,0,,Logitech G Play Connect 2026,b
230689,2026-09-19,3228,Luminosity,139180,BBL,1,0,,Logitech G Play Connect 2026,b
230691,2026-09-19,3318,3DMAX,133435,M80,1,0,,Logitech G Play Connect 2026,b
230692,2026-09-19,3318,3DMAX,133435,M80,0,1,,Logitech G Play Connect 2026,b
230693,2026-09-19,3318,3DMAX,133435,M80,1,0,,Logitech G Play Connect 2026,b
231282,2026-09-19,3240,MOUZ,124530,FURIA,0,1,,StarLadder StarSeries Fall 2026,a
231283,2026-09-19,3240,MOUZ,124530,FURIA,1,0,,StarLadder StarSeries Fall 2026,a
231284,2026-09-19,3240,MOUZ,124530,FURIA,0,1,,StarLadder StarSeries Fall 2026,a
231285,2026-09-19,3250,MIBR,3256,NRG,1,0,,StarLadder StarSeries Fall 2026,a
231286,2026-09-19,3250,MIBR,3256,NRG,1,0,,StarLadder StarSeries Fall 2026,a
231288,2026-09-19,131505,Aurora Gaming,3455,Vitality,1,0,,StarLadder StarSeries Fall 2026,a
231289,2026-09-19,131505,Aurora Gaming,3455,Vitality,0,1,,StarLadder StarSeries Fall 2026,a
231290,2026-09-19,131505,Aurora Gaming,3455,Vitality,1,0,,StarLadder StarSeries Fall 2026,a
231291,2026-09-19,3250,MIBR,124530,FURIA,0,1,,StarLadder StarSeries Fall 2026,a
231292,2026-09-19,3250,MIBR,124530,FURIA,0,1,,StarLadder StarSeries Fall 2026,a
231294,2026-09-20,3455,Vitality,124530,FURIA,1,0,,StarLadder StarSeries Fall 2026,a
231295,2026-09-20,3455,Vitality,124530,FURIA,1,0,,StarLadder StarSeries Fall 2026,a
231297,2026-09-20,131505,Aurora Gaming,3455,Vitality,0,1,,StarLadder StarSeries Fall 2026,a
231298,2026-09-20,131505,Aurora Gaming,3455,Vitality,1,0,,StarLadder StarSeries Fall 2026,a
231299,2026-09-20,131505,Aurora Gaming,3455,Vitality,0,1,,StarLadder StarSeries Fall 2026,a
231619,2026-09-20,131505,Aurora Gaming,3455,Vitality,0,1,,StarLadder StarSeries Fall 2026,a
230694,2026-09-22,129381,B8,3228,Luminosity,0,1,,Logitech G Play Connect 2026,b
230695,2026-09-22,129381,B8,3228,Luminosity,0,1,,Logitech G Play Connect 2026,b
230697,2026-09-22,136497,Inner Circle Esports,3318,3DMAX,1,0,,Logitech G Play Connect 2026,b
230698,2026-09-22,136497,Inner Circle Esports,3318,3DMAX,0,1,,Logitech G Play Connect 2026,b
230699,2026-09-22,136497,Inner Circle Esports,3318,3DMAX,0,1,,Logitech G Play Connect 2026,b
230700,2026-09-23,3228,Luminosity,3318,3DMAX,0,1,,Logitech G Play Connect 2026,b
230701,2026-09-23,3228,Luminosity,3318,3DMAX,0,1,,Logitech G Play Connect 2026,b
230702,2026-09-23,3228,Luminosity,3318,3DMAX,1,0,,Logitech G Play Connect 2026,b
230703,2026-09-23,3228,Luminosity,3318,3DMAX,1,0,,Logitech G Play Connect 2026,b
230704,2026-09-23,3228,Luminosity,3318,3DMAX,0,1,,Logitech G Play Connect 2026,b
231487,2026-09-25,133725,Alliance,127014,Sinners,0,1,,1win Private Club #1 2026,b
231488,2026-09-25,133725,Alliance,127014,Sinners,1,0,,1win Private Club #1 2026,b
231489,2026-09-25,133725,Alliance,127014,Sinners,0,1,,1win Private Club #1 2026,b
231490,2026-09-25,3218,NIP,3318,3DMAX,1,0,,1win Private Club #1 2026,b
231491,2026-09-25,3218,NIP,3318,3DMAX,1,0,,1win Private Club #1 2026,b
231493,2026-09-25,137739,magic,131189,EYEBALLERS,0,1,,1win Private Club #1 2026,b
231494,2026-09-25,137739,magic,131189,EYEBALLERS,1,0,,1win Private Club #1 2026,b
231495,2026-09-25,137739,magic,131189,EYEBALLERS,1,0,,1win Private Club #1 2026,b
231496,2026-09-25,125847,GamerLegion,135298,K27,1,0,,1win Private Club #1 2026,b
231497,2026-09-25,125847,GamerLegion,135298,K27,1,0,,1win Private Club #1 2026,b
231967,2026-09-25,3213,Liquid,136064,Chicken Coop Esports,1,0,,iBUYPOWER Masters FML 2026,b
231968,2026-09-25,3213,Liquid,136064,Chicken Coop Esports,1,0,,iBUYPOWER Masters FML 2026,b
231970,2026-09-25,3256,NRG,135273,Wildcard,1,0,,iBUYPOWER Masters FML 2026,b
231971,2026-09-25,3256,NRG,135273,Wildcard,1,0,,iBUYPOWER Masters FML 2026,b
231973,2026-09-25,3213,Liquid,3256,NRG,1,0,,iBUYPOWER Masters FML 2026,b
231974,2026-09-25,3213,Liquid,3256,NRG,1,0,,iBUYPOWER Masters FML 2026,b
231976,2026-09-25,136064,Chicken Coop Esports,135273,Wildcard,0,1,,iBUYPOWER Masters FML 2026,b
231977,2026-09-25,136064,Chicken Coop Esports,135273,Wildcard,0,1,,iBUYPOWER Masters FML 2026,b
231982,2026-09-25,133435,M80,132800,BESTIA,1,0,,iBUYPOWER Masters FML 2026,b
231983,2026-09-25,133435,M80,132800,BESTIA,1,0,,iBUYPOWER Masters FML 2026,b
231985,2026-09-25,138988,DENDELE CS,137510,Voca,1,0,,iBUYPOWER Masters FML 2026,b
231986,2026-09-25,138988,DENDELE CS,137510,Voca,1,0,,iBUYPOWER Masters FML 2026,b
231587,2026-09-26,127014,Sinners,3218,NIP,1,0,,1win Private Club #1 2026,b
231588,2026-09-26,127014,Sinners,3218,NIP,0,1,,1win Private Club #1 2026,b
231589,2026-09-26,127014,Sinners,3218,NIP,0,1,,1win Private Club #1 2026,b
231590,2026-09-26,137739,magic,125847,GamerLegion,1,0,,1win Private Club #1 2026,b
231591,2026-09-26,137739,magic,125847,GamerLegion,0,1,,1win Private Club #1 2026,b
231592,2026-09-26,137739,magic,125847,GamerLegion,1,0,,1win Private Club #1 2026,b
231596,2026-09-26,133725,Alliance,3318,3DMAX,0,1,,1win Private Club #1 2026,b
231597,2026-09-26,133725,Alliance,3318,3DMAX,0,1,,1win Private Club #1 2026,b
231599,2026-09-26,131189,EYEBALLERS,135298,K27,0,1,,1win Private Club #1 2026,b
231600,2026-09-26,131189,EYEBALLERS,135298,K27,0,1,,1win Private Club #1 2026,b
231979,2026-09-26,3256,NRG,135273,Wildcard,0,1,,iBUYPOWER Masters FML 2026,b
231980,2026-09-26,3256,NRG,135273,Wildcard,0,1,,iBUYPOWER Masters FML 2026,b
231988,2026-09-26,132800,BESTIA,137510,Voca,0,1,,iBUYPOWER Masters FML 2026,b
231989,2026-09-26,132800,BESTIA,137510,Voca,0,1,,iBUYPOWER Masters FML 2026,b
231991,2026-09-26,133435,M80,138988,DENDELE CS,0,1,,iBUYPOWER Masters FML 2026,b
231992,2026-09-26,133435,M80,138988,DENDELE CS,0,1,,iBUYPOWER Masters FML 2026,b
231994,2026-09-26,133435,M80,137510,Voca,1,0,,iBUYPOWER Masters FML 2026,b
231995,2026-09-26,133435,M80,137510,Voca,1,0,,iBUYPOWER Masters FML 2026,b
232000,2026-09-26,3213,Liquid,133435,M80,1,0,,iBUYPOWER Masters FML 2026,b
232001,2026-09-26,3213,Liquid,133435,M80,1,0,,iBUYPOWER Masters FML 2026,b
232003,2026-09-26,138988,DENDELE CS,135273,Wildcard,1,0,,iBUYPOWER Masters FML 2026,b
231593,2026-09-27,3218,NIP,137739,magic,1,0,,1win Private Club #1 2026,b
231594,2026-09-27,3218,NIP,137739,magic,0,1,,1win Private Club #1 2026,b
231595,2026-09-27,3218,NIP,137739,magic,1,0,,1win Private Club #1 2026,b
231602,2026-09-27,125847,GamerLegion,3318,3DMAX,1,0,,1win Private Club #1 2026,b
231603,2026-09-27,125847,GamerLegion,3318,3DMAX,0,1,,1win Private Club #1 2026,b
231604,2026-09-27,125847,GamerLegion,3318,3DMAX,1,0,,1win Private Club #1 2026,b
231605,2026-09-27,127014,Sinners,135298,K27,1,0,,1win Private Club #1 2026,b
231606,2026-09-27,127014,Sinners,135298,K27,1,0,,1win Private Club #1 2026,b
231608,2026-09-27,125847,GamerLegion,127014,Sinners,1,0,,1win Private Club #1 2026,b
231609,2026-09-27,125847,GamerLegion,127014,Sinners,1,0,,1win Private Club #1 2026,b
232004,2026-09-27,138988,DENDELE CS,135273,Wildcard,0,1,,iBUYPOWER Masters FML 2026,b
232005,2026-09-27,138988,DENDELE CS,135273,Wildcard,0,1,,iBUYPOWER Masters FML 2026,b
232006,2026-09-27,3213,Liquid,135273,Wildcard,1,0,,iBUYPOWER Masters FML 2026,b
232007,2026-09-27,3213,Liquid,135273,Wildcard,1,0,,iBUYPOWER Masters FML 2026,b
232009,2026-09-27,133435,M80,138988,DENDELE CS,0,1,,iBUYPOWER Masters FML 2026,b
232010,2026-09-27,133435,M80,138988,DENDELE CS,1,0,,iBUYPOWER Masters FML 2026,b
232011,2026-09-27,133435,M80,138988,DENDELE CS,1,0,,iBUYPOWER Masters FML 2026,b
231611,2026-09-28,137739,magic,125847,GamerLegion,0,1,,1win Private Club #1 2026,b
231612,2026-09-28,137739,magic,125847,GamerLegion,0,1,,1win Private Club #1 2026,b
231614,2026-09-28,3218,NIP,125847,GamerLegion,1,0,,1win Private Club #1 2026,b
231615,2026-09-28,3218,NIP,125847,GamerLegion,0,1,,1win Private Club #1 2026,b
231616,2026-09-28,3218,NIP,125847,GamerLegion,1,0,,1win Private Club #1 2026,b
231617,2026-09-28,3218,NIP,125847,GamerLegion,1,0,,1win Private Club #1 2026,b
230717,2026-10-01,3212,FaZe,124522,Nemiga,0,1,,Stake Ranked Episode 4 2026,b
230718,2026-10-01,3212,FaZe,124522,Nemiga,0,1,,Stake Ranked Episode 4 2026,b
230720,2026-10-01,3209,Astralis,133725,Alliance,0,1,,Stake Ranked Episode 4 2026,b
230721,2026-10-01,3209,Astralis,133725,Alliance,1,0,,Stake Ranked Episode 4 2026,b
230722,2026-10-01,3209,Astralis,133725,Alliance,0,1,,Stake Ranked Episode 4 2026,b
230723,2026-10-01,3249,BIG,3217,fnatic,0,1,,Stake Ranked Episode 4 2026,b
230724,2026-10-01,3249,BIG,3217,fnatic,1,0,,Stake Ranked Episode 4 2026,b
230725,2026-10-01,3249,BIG,3217,fnatic,1,0,,Stake Ranked Episode 4 2026,b
230726,2026-10-01,129381,B8,3228,Luminosity,0,1,,Stake Ranked Episode 4 2026,b
230727,2026-10-01,129381,B8,3228,Luminosity,0,1,,Stake Ranked Episode 4 2026,b
230729,2026-10-02,3228,Luminosity,3249,BIG,0,1,,Stake Ranked Episode 4 2026,b
230730,2026-10-02,3228,Luminosity,3249,BIG,1,0,,Stake Ranked Episode 4 2026,b
230731,2026-10-02,3228,Luminosity,3249,BIG,1,0,,Stake Ranked Episode 4 2026,b
230732,2026-10-02,124522,Nemiga,133725,Alliance,1,0,,Stake Ranked Episode 4 2026,b
230733,2026-10-02,124522,Nemiga,133725,Alliance,1,0,,Stake Ranked Episode 4 2026,b
230738,2026-10-02,129381,B8,3217,fnatic,0,1,,Stake Ranked Episode 4 2026,b
230739,2026-10-02,129381,B8,3217,fnatic,0,1,,Stake Ranked Episode 4 2026,b
230741,2026-10-02,3212,FaZe,3209,Astralis,0,1,,Stake Ranked Episode 4 2026,b
230742,2026-10-02,3212,FaZe,3209,Astralis,1,0,,Stake Ranked Episode 4 2026,b
230743,2026-10-02,3212,FaZe,3209,Astralis,0,1,,Stake Ranked Episode 4 2026,b
230735,2026-10-03,3228,Luminosity,124522,Nemiga,0,1,,Stake Ranked Episode 4 2026,b
230736,2026-10-03,3228,Luminosity,124522,Nemiga,0,1,,Stake Ranked Episode 4 2026,b
230744,2026-10-03,3209,Astralis,3249,BIG,1,0,,Stake Ranked Episode 4 2026,b
230745,2026-10-03,3209,Astralis,3249,BIG,0,1,,Stake Ranked Episode 4 2026,b
230746,2026-10-03,3209,Astralis,3249,BIG,1,0,,Stake Ranked Episode 4 2026,b
230747,2026-10-03,3217,fnatic,133725,Alliance,1,0,,Stake Ranked Episode 4 2026,b
230748,2026-10-03,3217,fnatic,133725,Alliance,1,0,,Stake Ranked Episode 4 2026,b
230750,2026-10-03,3209,Astralis,3217,fnatic,1,0,,Stake Ranked Episode 4 2026,b
230751,2026-10-03,3209,Astralis,3217,fnatic,1,0,,Stake Ranked Episode 4 2026,b
233086,2026-10-03,124523,Spirit,135468,ShindeN,0,1,,ESL Pro League Season 24 2026,a
233087,2026-10-03,124523,Spirit,135468,ShindeN,1,0,,ESL Pro League Season 24 2026,a
233088,2026-10-03,124523,Spirit,135468,ShindeN,1,0,,ESL Pro League Season 24 2026,a
233089,2026-10-03,3455,Vitality,126944,1WIN,1,0,,ESL Pro League Season 24 2026,a
233090,2026-10-03,3455,Vitality,126944,1WIN,1,0,,ESL Pro League Season 24 2026,a
233092,2026-10-03,130564,Team Falcons,3248,TYLOO,1,0,,ESL Pro League Season 24 2026,a
233093,2026-10-03,130564,Team Falcons,3248,TYLOO,1,0,,ESL Pro League Season 24 2026,a
233095,2026-10-03,3240,MOUZ,133435,M80,1,0,,ESL Pro League Season 24 2026,a
233096,2026-10-03,3240,MOUZ,133435,M80,1,0,,ESL Pro League Season 24 2026,a
233098,2026-10-03,133708,Legacy,133719,PARIVISION,1,0,,ESL Pro League Season 24 2026,a
233099,2026-10-03,133708,Legacy,133719,PARIVISION,0,1,,ESL Pro League Season 24 2026,a
233100,2026-10-03,133708,Legacy,133719,PARIVISION,0,1,,ESL Pro League Season 24 2026,a
233101,2026-10-03,124530,FURIA,133458,BetBoom Team,1,0,,ESL Pro League Season 24 2026,a
233102,2026-10-03,124530,FURIA,133458,BetBoom Team,1,0,,ESL Pro League Season 24 2026,a
233104,2026-10-03,131505,Aurora Gaming,126709,9z,1,0,,ESL Pro League Season 24 2026,a
233105,2026-10-03,131505,Aurora Gaming,126709,9z,1,0,,ESL Pro League Season 24 2026,a
233107,2026-10-03,3210,G2,3216,Natus Vincere,0,1,,ESL Pro League Season 24 2026,a
233108,2026-10-03,3210,G2,3216,Natus Vincere,0,1,,ESL Pro League Season 24 2026,a
230753,2026-10-04,3228,Luminosity,3209,Astralis,1,0,,Stake Ranked Episode 4 2026,b
230754,2026-10-04,3228,Luminosity,3209,Astralis,0,1,,Stake Ranked Episode 4 2026,b
230755,2026-10-04,3228,Luminosity,3209,Astralis,0,1,,Stake Ranked Episode 4 2026,b
230756,2026-10-04,124522,Nemiga,3209,Astralis,0,1,,Stake Ranked Episode 4 2026,b
230757,2026-10-04,124522,Nemiga,3209,Astralis,1,0,,Stake Ranked Episode 4 2026,b
230758,2026-10-04,124522,Nemiga,3209,Astralis,0,1,,Stake Ranked Episode 4 2026,b
230759,2026-10-04,124522,Nemiga,3209,Astralis,0,1,,Stake Ranked Episode 4 2026,b
233110,2026-10-04,124523,Spirit,133719,PARIVISION,0,1,,ESL Pro League Season 24 2026,a
233111,2026-10-04,124523,Spirit,133719,PARIVISION,1,0,,ESL Pro League Season 24 2026,a
233112,2026-10-04,124523,Spirit,133719,PARIVISION,1,0,,ESL Pro League Season 24 2026,a
233113,2026-10-04,135468,ShindeN,133708,Legacy,0,1,,ESL Pro League Season 24 2026,a
233114,2026-10-04,135468,ShindeN,133708,Legacy,0,1,,ESL Pro League Season 24 2026,a
233116,2026-10-04,126709,9z,3248,TYLOO,1,0,,ESL Pro League Season 24 2026,a
233117,2026-10-04,126709,9z,3248,TYLOO,1,0,,ESL Pro League Season 24 2026,a
233119,2026-10-04,130564,Team Falcons,131505,Aurora Gaming,1,0,,ESL Pro League Season 24 2026,a
233120,2026-10-04,130564,Team Falcons,131505,Aurora Gaming,1,0,,ESL Pro League Season 24 2026,a
233122,2026-10-04,3210,G2,126944,1WIN,0,1,,ESL Pro League Season 24 2026,a
233123,2026-10-04,3210,G2,126944,1WIN,1,0,,ESL Pro League Season 24 2026,a
233124,2026-10-04,3210,G2,126944,1WIN,0,1,,ESL Pro League Season 24 2026,a
233125,2026-10-04,3455,Vitality,3216,Natus Vincere,1,0,,ESL Pro League Season 24 2026,a
233126,2026-10-04,3455,Vitality,3216,Natus Vincere,0,1,,ESL Pro League Season 24 2026,a
233127,2026-10-04,3455,Vitality,3216,Natus Vincere,1,0,,ESL Pro League Season 24 2026,a
233128,2026-10-04,133458,BetBoom Team,133435,M80,1,0,,ESL Pro League Season 24 2026,a
233129,2026-10-04,133458,BetBoom Team,133435,M80,1,0,,ESL Pro League Season 24 2026,a
233140,2026-10-04,124530,FURIA,3240,MOUZ,0,1,,ESL Pro League Season 24 2026,a
233141,2026-10-04,124530,FURIA,3240,MOUZ,0,1,,ESL Pro League Season 24 2026,a
