event,date,title,link,team,player,source,page
Esports World Cup 2026,2026-08-23,donk earns Esports World Cup MVP,https://www.hltv.org/n/45376,,,HLTV,Esports World Cup/2026
Esports World Cup 2026,2026-09-02,The EVPs and All-Stars of Esports World Cup 2026,https://www.hltv.org/n/45425,,,HLTV,Esports World Cup/2026
Esports World Cup 2026,2026-08-12,"FL4MUS: ""I'm feeling more relieved. It's probably my first [time] feeling that I'm finally back on a team and able to play CS""",https://www.hltv.org/n/45282,gl,FL4MUS,HLTV,Esports World Cup/2026
Esports World Cup 2026,2026-08-12,"xfl0ud: ""I think this team can reach top five in the long term""",https://www.hltv.org/n/45285,fut,xfl0ud,HLTV,Esports World Cup/2026
Esports World Cup 2026,2026-08-12,"ash: ""I've been biting my tongue a little bit sometimes, like, 'Okay, this is the way we play'""",https://www.hltv.org/n/45284,aurora,ashhh,HLTV,Esports World Cup/2026
Esports World Cup 2026,2026-08-13,"lux: ""The hardest thing is the style of play; sometimes I have a very clear vision and they have a different one""",https://www.hltv.org/n/45292,lg,lux,HLTV,Esports World Cup/2026
Esports World Cup 2026,2026-08-14,"Lake: ""I think we're playing better, even if it doesn't really show in the scores""",https://www.hltv.org/n/45295,m80,Lake,HLTV,Esports World Cup/2026
Esports World Cup 2026,2026-08-14,"Snappi: ""Sometimes it's hard to know which NIP shows up""",https://www.hltv.org/n/45301,nip,Snappi,HLTV,Esports World Cup/2026
Esports World Cup 2026,2026-08-14,"XTQZZZ: ""No excuse""",https://www.hltv.org/n/45304,vit,XTQZZZ,HLTV,Esports World Cup/2026
Esports World Cup 2026,2026-08-15,"dastan: ""I need to be patient and try [for us] to be a stable tier-1 team as fast as possible""",https://www.hltv.org/n/45307,parivision,dastan,HLTV,Esports World Cup/2026
Esports World Cup 2026,2026-08-15,"snow on biguzera's clutch: ""I think that's what a leader is there for""",https://www.hltv.org/n/45313,pain,snow,HLTV,Esports World Cup/2026
Esports World Cup 2026,2026-08-15,"donk: ""It's stupid to not rate hally as a great coach""",https://www.hltv.org/n/45317,spirit,donk,HLTV,Esports World Cup/2026
Esports World Cup 2026,2026-08-16,"CacaNito: ""I'm just a bit disappointed that we didn't fight until the end""",https://www.hltv.org/n/45318,jjh,CacaNito,HLTV,Esports World Cup/2026
Esports World Cup 2026,2026-08-16,"xertioN: ""The confidence you get from winning trophies is massive; I think this is a little bit of what broke us in 2025""",https://www.hltv.org/n/45322,mouz,xertioN,HLTV,Esports World Cup/2026
Esports World Cup 2026,2026-08-17,"Neityu: ""Even though we don't have much practice, I think we have really strong basics""",https://www.hltv.org/n/45315,faze,Neityu,HLTV,Esports World Cup/2026
Esports World Cup 2026,2026-08-17,"try: ""It's been a really tough few years for me; this is the first team where I'll have the chance to prove myself in tier 1""",https://www.hltv.org/n/45328,legacy,try,HLTV,Esports World Cup/2026
Esports World Cup 2026,2026-08-18,"sAw: ""We needed someone more aggressive""",https://www.hltv.org/n/45296,g2,sAw,HLTV,Esports World Cup/2026
Esports World Cup 2026,2026-08-18,"woxic on international move: ""I forgot the feeling""",https://www.hltv.org/n/45314,aurora,woxic,HLTV,Esports World Cup/2026
Esports World Cup 2026,2026-08-19,"TeSeS: ""Everyone on the team is really hungry for more than just a Major""",https://www.hltv.org/n/45335,falcons,TeSeS,HLTV,Esports World Cup/2026
Esports World Cup 2026,2026-08-19,"r1nkle: ""Life is good""",https://www.hltv.org/n/45342,g2,r1nkle,HLTV,Esports World Cup/2026
Esports World Cup 2026,2026-08-20,"Krabeni on ""frustrating"" magic match: ""It was hard to control emotions for everyone""",https://www.hltv.org/n/45341,fut,Krabeni,HLTV,Esports World Cup/2026
Esports World Cup 2026,2026-08-20,"Aleksib: ""Just need to be twice as good, twice as prepared, not lose hope and keep grinding""",https://www.hltv.org/n/45348,navi,Aleksib,HLTV,Esports World Cup/2026
Esports World Cup 2026,2026-08-20,"arT: ""We know the [level of] CS and the potential we have""",https://www.hltv.org/n/45351,legacy,arT,HLTV,Esports World Cup/2026
Esports World Cup 2026,2026-08-21,"YEKINDAR: ""I saw news that 'YEKINDAR has many options.' Somebody forgot to tell me, I guess""",https://www.hltv.org/n/45353,furia,YEKINDAR,HLTV,Esports World Cup/2026
Esports World Cup 2026,2026-08-21,"NiKo: ""I don't remember the last time we got destroyed like this""",https://www.hltv.org/n/45358,falcons,NiKo,HLTV,Esports World Cup/2026
Esports World Cup 2026,2026-08-21,"latto: ""We respect Falcons a lot but we're not afraid""",https://www.hltv.org/n/45359,legacy,latto,HLTV,Esports World Cup/2026
Esports World Cup 2026,2026-08-21,"magixx: ""I told S0tF1k there's a reason I'm dropping HEs for outside players on Nuke""",https://www.hltv.org/n/45362,spirit,magixx,HLTV,Esports World Cup/2026
Esports World Cup 2026,2026-08-22,"flameZ: ""Sometimes you have to respect individual brilliance; today donk took the show on Mirage""",https://www.hltv.org/n/45363,vit,flameZ,HLTV,Esports World Cup/2026
Esports World Cup 2026,2026-08-22,"dziugss: ""Winning EWC would mean a lot. A lot of people were saying PGL Bucharest was a Mickey Mouse tournament""",https://www.hltv.org/n/45368,fut,dziugss,HLTV,Esports World Cup/2026
Esports World Cup 2026,2026-08-23,"donk: ""I still see a lot of things that I can improve""",https://www.hltv.org/n/45379,spirit,donk,HLTV,Esports World Cup/2026
Esports World Cup 2026,2026-08-23,"coolio: ""We ran out of energy, and you could see on the guys that the Ancient loss hit them hard""",https://www.hltv.org/n/45378,fut,coolio,HLTV,Esports World Cup/2026
Esports World Cup 2026,2026-08-24,"sidde interview: EWC review, the search for a FalleN replacement, and BLAST Porto goals",https://www.hltv.org/n/45373,furia,sidde,HLTV,Esports World Cup/2026
Esports World Cup 2026,2026-08-12,"lux: ""Estou bem satisfeito com a escolha que eu fiz""",https://www.dust2.com.br/noticias/76779/lux-estou-bem-satisfeito-com-a-escolha-que-eu-fiz,lg,lux,Dust2.com.br,Esports World Cup/2026
Esports World Cup 2026,2026-08-12,n1ssim explica saída momentânea da Legacy,https://www.dust2.com.br/noticias/76789/n1ssim-explica-saida-momentanea-da-legacy,legacy,n1ssim,Dust2.com.br,Esports World Cup/2026
Esports World Cup 2026,2026-08-12,nqz sobre MIBR: “Aqui tenho mais liberdade para expressar o que eu quero”,https://www.dust2.com.br/noticias/76800/nqz-sobre-mibr-aqui-tenho-mais-liberdade-para-expressar-o-que-eu-quero,mibr,nqz,Dust2.com.br,Esports World Cup/2026
Esports World Cup 2026,2026-08-13,"FalleN mira ""medalha olímpica"": ""Seria muito mais legal ganhar por isso do que pela grana""",https://www.dust2.com.br/noticias/76817/fallen-mira-medalha-olimpica-seria-muito-mais-legal-ganhar-por-isso-do-que-pela-grana,furia,FalleN,Dust2.com.br,Esports World Cup/2026
Esports World Cup 2026,2026-08-13,"Spirit precisa ""jogar, jogar e jogar"", diz donk",https://www.dust2.com.br/noticias/76828/spirit-precisa-jogar-jogar-e-jogar-diz-donk,spirit,donk,Dust2.com.br,Esports World Cup/2026
Esports World Cup 2026,2026-08-13,"HUASOPEEK quer trabalho e humildade na 9z: ""Não quero que seja hero to zero""",https://www.dust2.com.br/noticias/76818/huasopeek-quer-trabalho-e-humildade-na-9z-nao-quero-que-seja-hero-to-zero,9z,HUASOPEEK,Dust2.com.br,Esports World Cup/2026
Esports World Cup 2026,2026-08-13,try explica fim da Passion UA e diz por que escolheu a Legacy,https://www.dust2.com.br/noticias/76842/try-explica-fim-da-passion-ua-e-diz-por-que-escolheu-a-legacy,legacy,try,Dust2.com.br,Esports World Cup/2026
Esports World Cup 2026,2026-08-14,m0nesy fala sobre pressão após o Major: “Você está contra o mundo inteiro”,https://www.dust2.com.br/noticias/76850/m0nesy-fala-sobre-pressao-apos-o-major-voce-esta-contra-o-mundo-inteiro,falcons,m0NESY,Dust2.com.br,Esports World Cup/2026
Esports World Cup 2026,2026-08-14,"apEX: ""Precisamos dar um tapa na nossa própria cara""",https://www.dust2.com.br/noticias/76863/apex-precisamos-dar-um-tapa-na-nossa-propria-cara,vit,apEX,Dust2.com.br,Esports World Cup/2026
Esports World Cup 2026,2026-08-14,insani comenta interesse da Legacy e diz que MIBR precisa ser projeto a longo prazo,https://www.dust2.com.br/noticias/76879/insani-comenta-interesse-da-legacy-e-diz-que-mibr-precisa-ser-projeto-a-longo-prazo,mibr,insani,Dust2.com.br,Esports World Cup/2026
Esports World Cup 2026,2026-08-15,"""Pecamos no individualismo"", diz v$m sobre momento ruim da paiN",https://www.dust2.com.br/noticias/76894/pecamos-no-individualismo-diz-vsm-sobre-momento-ruim-da-pain,pain,v$m,Dust2.com.br,Esports World Cup/2026
Esports World Cup 2026,2026-08-16,"biguzera quer nova mentalidade na paiN: ""Talvez eu volte a pegar mais pesado""",https://www.dust2.com.br/noticias/76921/biguzera-quer-nova-mentalidade-na-pain-talvez-eu-volte-a-pegar-mais-pesado,pain,biguzera,Dust2.com.br,Esports World Cup/2026
Esports World Cup 2026,2026-08-16,"bit: ""É triste perder agora, mas não temos que achar que é o fim do mundo""",https://www.dust2.com.br/noticias/76929/bit-e-triste-perder-agora-mas-nao-temos-que-achar-que-e-o-fim-do-mundo,9z,BIT,Dust2.com.br,Esports World Cup/2026
Esports World Cup 2026,2026-08-17,"LNZ: ""Nunca teria imaginado estar jogando com quatro brasileiros um ano atrás""",https://www.dust2.com.br/noticias/76945/lnz-nunca-teria-imaginado-estar-jogando-com-quatro-brasileiros-um-ano-atras,mibr,LNZ,Dust2.com.br,Esports World Cup/2026
Esports World Cup 2026,2026-08-17,"arT comenta mudança de awper na Legacy: ""O tempo dirá se acertamos ou não""",https://www.dust2.com.br/noticias/76946/art-comenta-mudanca-de-awper-na-legacy-o-tempo-dira-se-acertamos-ou-nao,legacy,arT,Dust2.com.br,Esports World Cup/2026
Esports World Cup 2026,2026-08-19,HeavyGod comenta jejum de títulos da G2,https://www.dust2.com.br/noticias/77019/heavygod-comenta-jejum-de-titulos-da-g2,g2,HeavyGod,Dust2.com.br,Esports World Cup/2026
Esports World Cup 2026,2026-08-20,"torzsi foca no futuro da MOUZ ""Talvez, em seis meses, o objetivo seja levantar troféus""",https://www.dust2.com.br/noticias/77038/torzsi-foca-no-futuro-da-mouz-talvez-em-seis-meses-o-objetivo-seja-levantar-trofeus,mouz,torzsi,Dust2.com.br,Esports World Cup/2026
Esports World Cup 2026,2026-08-20,"latto sobre Falcons: ""Respeitamos, mas não temos medo""",https://www.dust2.com.br/noticias/77050/latto-sobre-falcons-respeitamos-mas-nao-temos-medo,legacy,latto,Dust2.com.br,Esports World Cup/2026
Esports World Cup 2026,2026-08-20,"ZywOo: ""Eu nunca pensei em ir para outro time""",https://www.dust2.com.br/noticias/77057/zywoo-eu-nunca-pensei-em-ir-para-outro-time,vit,ZywOo,Dust2.com.br,Esports World Cup/2026
Esports World Cup 2026,2026-08-20,"YEKINDAR comenta rumores: ""Não podemos prever o que vai acontecer""",https://www.dust2.com.br/noticias/77070/yekindar-comenta-rumores-nao-podemos-prever-o-que-vai-acontecer,furia,YEKINDAR,Dust2.com.br,Esports World Cup/2026
Esports World Cup 2026,2026-08-21,"dumau: ""Esse campeonato significa mais do que só o troféu""",https://www.dust2.com.br/noticias/77091/dumau-esse-campeonato-significa-mais-do-que-so-o-trofeu,legacy,dumau,Dust2.com.br,Esports World Cup/2026
Esports World Cup 2026,2026-08-21,"dem0n sobre duelo contra a FURIA: ""Estou muito empolgado para este jogo""",https://www.dust2.com.br/noticias/77084/dem0n-sobre-duelo-contra-a-furia-estou-muito-empolgado-para-este-jogo,fut,dem0n,Dust2.com.br,Esports World Cup/2026
Esports World Cup 2026,2026-08-21,"flameZ após eliminação: ""Decepcionados por não conseguir fazer os fãs felizes""",https://www.dust2.com.br/noticias/77107/flamez-apos-eliminacao-decepcionados-por-nao-conseguir-fazer-os-fas-felizes,vit,flameZ,Dust2.com.br,Esports World Cup/2026
Esports World Cup 2026,2026-08-22,"FalleN: ""Fica a sensação de que não era para ser""",https://www.dust2.com.br/noticias/77121/fallen-fica-a-sensacao-de-que-nao-era-para-ser,furia,FalleN,Dust2.com.br,Esports World Cup/2026
Esports World Cup 2026,2026-08-22,"adr analisa campanha da Legacy na EWC: ""Criou casca e experiência""",https://www.dust2.com.br/noticias/77132/adr-analisa-campanha-da-legacy-na-ewc-criou-casca-e-experiencia,legacy,adr,Dust2.com.br,Esports World Cup/2026
Esports World Cup 2026,2026-08-23,"try: ""Estou levando essa chance como se fosse a última""",https://www.dust2.com.br/noticias/77144/try-estou-levando-essa-chance-como-se-fosse-a-ultima,legacy,try,Dust2.com.br,Esports World Cup/2026
Esports World Cup 2026,2026-08-23,"FURIA está ""se duvidando dentro do servidor"", diz sidde",https://www.dust2.com.br/noticias/77145/furia-esta-se-duvidando-dentro-do-servidor-diz-sidde,furia,sidde,Dust2.com.br,Esports World Cup/2026
Esports World Cup 2026,2026-08-16,"mezii at EWC: ""Against Falcons, we're always confident""",https://youtu.be/drCg6wnYRLs,vit,mezii,Pley.gg,Esports World Cup/2026
Esports World Cup 2026,2026-08-16,"C4LLMESUE: ""I did middle school and college in the US""",https://youtu.be/QT29LlvyiFg,lvg,C4LLM3SU3,Pley.gg,Esports World Cup/2026
Esports World Cup 2026,2026-08-16,"biguzera on paiN's struggles: ""It's so hard to put my ideas about Counter-Strike into their heads""",https://youtu.be/mVD_uApNCHs,pain,biguzera,Pley.gg,Esports World Cup/2026
Esports World Cup 2026,2026-08-17,"torzsi: ""xertioN puts me in good positions where I can be utilized""",https://youtu.be/Z05BvMkjHBY,mouz,torzsi,Pley.gg,Esports World Cup/2026
Esports World Cup 2026,2026-08-17,"HUASOPEEK after loss to magic: ""We are not a tier-one team because of this match""",https://youtu.be/OEpwd1TrIqQ,9z,HUASOPEEK,Pley.gg,Esports World Cup/2026
Esports World Cup 2026,2026-08-17,"AW: ""If I played bad in PARIVISION, it was my fault""",https://youtu.be/mYjeiU0Nds0,magic,AW,Pley.gg,Esports World Cup/2026
Esports World Cup 2026,2026-08-17,"Xizt: ""We should have a better team than our results are saying""",https://youtu.be/MSu3bVOFPnQ,nip,Xizt,Pley.gg,Esports World Cup/2026
Esports World Cup 2026,2026-08-18,"Staehr: ""We're rebuilding from a tough Major last season""",https://youtu.be/Edu3PR7BZFY,astralis,Staehr,Pley.gg,Esports World Cup/2026
Esports World Cup 2026,2026-08-19,"HooXi after G2 loss: ""Sometimes I try to do too much for the team""",https://youtu.be/mjCIvgcuY9s,astralis,HooXi,Pley.gg,Esports World Cup/2026
Esports World Cup 2026,2026-08-19,"Krabeni on lauNX's departure: ""It was a bit surprising from him, but it's fine""",https://youtu.be/YC22T3e-0EY,fut,Krabeni,Pley.gg,Esports World Cup/2026
Esports World Cup 2026,2026-08-20,"kyxsan on ash: ""He told me he wants me to be kyxsan""",https://youtu.be/MTsWUL6l6dw,aurora,kyxsan,Pley.gg,Esports World Cup/2026
Esports World Cup 2026,2026-08-20,"Spinx on MOUZ's development: ""I want everyone to be happy and do good in their roles""",https://youtu.be/7_xo-wrypmU,mouz,Spinx,Pley.gg,Esports World Cup/2026
Esports World Cup 2026,2026-08-20,"FL4MUS on his growth: ""I think I proved to myself I'm ready to compete at the highest level""",https://youtu.be/1GBqptKk2fo,gl,FL4MUS,Pley.gg,Esports World Cup/2026
Esports World Cup 2026,2026-08-20,"karrigan: ""I've created an environment where [kyousuke] can make his plays""",https://youtu.be/FQ8NRYvO-Es,falcons,karrigan,Pley.gg,Esports World Cup/2026
Esports World Cup 2026,2026-08-20,"arT talks Falcons rematch: ""They're different now, we have to be prepared""",https://youtu.be/hdgPbFt-2c0,legacy,arT,Pley.gg,Esports World Cup/2026
Esports World Cup 2026,2026-08-20,"apEX on EWC: ""It's about making the best result possible for us""",https://youtu.be/vJEUlO2n_qs,vit,apEX,Pley.gg,Esports World Cup/2026
Esports World Cup 2026,2026-08-21,"Aleksib on NAVI exploring changes: ""'I'm old enough to understand that it's the name of the game""",https://youtu.be/lKuaowVpa74,navi,Aleksib,Pley.gg,Esports World Cup/2026
Esports World Cup 2026,2026-08-21,"JBOEN on FaZe: ""I was second or third priority for the team, [...] I feel like I belong here""",https://youtu.be/K7Xpd1Omyl4,faze,JBOEN,Pley.gg,Esports World Cup/2026
Esports World Cup 2026,2026-08-21,"donk: ""We know our struggles, we are trying to buy time for ourselves to fix it""",https://youtu.be/il6kbVX3nTc,spirit,donk,Pley.gg,Esports World Cup/2026
Esports World Cup 2026,2026-08-21,"""There is no excuse that we showed CS like that"": huNter- on the quarter-final exit against FURIA",https://youtu.be/kkgbLiBDeAg,g2,huNter-,Pley.gg,Esports World Cup/2026
Esports World Cup 2026,2026-08-21,"flameZ rips into CS2 schedule: ""I think what we are missing is a players' association""",https://youtu.be/4mKz_htsVFU,vit,flameZ,Pley.gg,Esports World Cup/2026
Esports World Cup 2026,2026-08-22,"magixx on hally's impact: ""He was extremely confident in what we have to expect""",https://youtu.be/yBeu0ObtA64,spirit,magixx,Pley.gg,Esports World Cup/2026
Esports World Cup 2026,2026-08-22,"FalleN: ""It's all about trying to get more trophies. We're very close to doing it""",https://youtu.be/pbDNmymPlac,furia,FalleN,Pley.gg,Esports World Cup/2026
Esports World Cup 2026,2026-08-22,"Krabeni on EWC final: ""If we play Legacy of course it's better for us""",https://youtu.be/tviY_64hTdM,fut,Krabeni,Pley.gg,Esports World Cup/2026
Esports World Cup 2026,2026-08-22,"try on EWC run: ""We only have 20 days of practice together""",https://youtu.be/4QCBzf_dhOU,legacy,try,Pley.gg,Esports World Cup/2026
Esports World Cup 2026,2026-08-23,"tN1R: ""Sometimes you don't have space for kills because [donk and sh1ro] really destroyed""",https://youtu.be/ZSfBvM6pU8I,spirit,tN1R,Pley.gg,Esports World Cup/2026
Esports World Cup 2026,2026-08-23,"sidde on EWC 4th place: ""Financially this could change for the situation [for FURIA]""",https://youtu.be/aCrEKuSWX38,furia,sidde,Pley.gg,Esports World Cup/2026
Esports World Cup 2026,2026-08-23,"zont1x: ""When I feel the team lacks communication, I talk more""",https://youtu.be/HdJRCNJaghM,spirit,zont1x,Pley.gg,Esports World Cup/2026
Esports World Cup 2026,2026-08-23,"cmtry on Spirit final: ""In these clutches, it was chaos""",https://youtu.be/1XV6VOqnkis,fut,cmtry,Pley.gg,Esports World Cup/2026
Esports World Cup 2026,2026-08-19,“We fell into a hole of adding more and more structure” – HooXi on Astralis’ Struggles and NEO’s Influence,https://insider-gaming.com/astralis-hooxi-interview-esports-world-cup-2026/,astralis,HooXi,Insider Gaming,Esports World Cup/2026
Esports World Cup 2026,2026-08-19,“I’ll try to scream sometimes” – Krabeni on Keeping Up FUT’s Energy After Losing lauNX,https://insider-gaming.com/fut-krabeni-interview-esports-world-cup-2026/,fut,Krabeni,Insider Gaming,Esports World Cup/2026
Esports World Cup 2026,2026-08-20,"“When he’s in the zone, he is really good… If he doesn’t have a good game, he can break easily” – torzsi on PR",https://insider-gaming.com/mouz-torzsi-interview-esports-world-cup-2026/,mouz,torzsi,Insider Gaming,Esports World Cup/2026
Esports World Cup 2026,2026-08-20,“The calling was not the best” – kyxsan on Aurora’s T-Side Collapse vs FURIA,https://insider-gaming.com/aurora-kyxsan-interview-esports-world-cup-2026/,aurora,kyxsan,Insider Gaming,Esports World Cup/2026
Esports World Cup 2026,2026-08-20,“You cannot win if you play like today. You cannot. Never.” – B1ad3 on NAVI EWC Loss to Legacy,https://insider-gaming.com/navi-b1ad3-interview-esports-world-c/,navi,B1ad3,Insider Gaming,Esports World Cup/2026
Esports World Cup 2026,2026-08-21,“They chose me when other teams suspected me to be a cheater” – ZywOo on Extending With Team Vitality,https://insider-gaming.com/vitality-zywoo-interview-esports-world-cup-2026/,vit,ZywOo,Insider Gaming,Esports World Cup/2026
Esports World Cup 2026,2026-08-22,“I didn’t do much” – donk on Destroying Vitality at EWC 2026,https://insider-gaming.com/spirit-donk-interview-esports-world-cup-2026/,spirit,donk,Insider Gaming,Esports World Cup/2026
Esports World Cup 2026,2026-08-23,“My main goal is to win the Grand Slam” – tN1R,https://insider-gaming.com/spirit-tn1r-ewc-2026-interview/,spirit,tN1R,Insider Gaming,Esports World Cup/2026
Esports World Cup 2026,2026-08-24,"“You are playing in the final. You make some decisions quickly, which you wouldn’t do in practice” – coolio Laments Lost Clutches but Praises FUT’s Progress",https://insider-gaming.com/fut-coolio-interview-ewc-2026/,fut,coolio,Insider Gaming,Esports World Cup/2026
Esports World Cup 2026,2026-08-19,"HooXi : ""Je suis toujours toxic as fuck, mais c’est mieux maintenant""",https://lasource.gg/news/hooxi-je-suis-toujours-toxic-as-fuck-mais-c-est-mieux-maintenant,astralis,HooXi,La Source,Esports World Cup/2026
Esports World Cup 2026,2026-08-20,"dem0n : ""On s'est réveillés et on a compris qu'on était meilleurs""",https://lasource.gg/news/dem0n-on-s-est-reveilles-et-on-a-compris-qu-on-etait-meilleurs,fut,dem0n,La Source,Esports World Cup/2026
Esports World Cup 2026,2026-08-20,"ZywOo : ""Ça fait du bien de retrouver le public français""",https://lasource.gg/news/zywoo-ca-fait-du-bien-de-retrouver-le-public-fr,vit,ZywOo,La Source,Esports World Cup/2026
Esports World Cup 2026,2026-08-20,"Aleksib : ""On doit se battre et continuer à faire mieux jour après jour""",https://lasource.gg/news/aleksib-on-doit-se-battre-et-continuer-a-faire-mieux,navi,Aleksib,La Source,Esports World Cup/2026
Esports World Cup 2026,2026-08-21,"frozen : ""On veut gagner des titres, pas seulement atteindre les playoffs""",https://lasource.gg/news/frozen-on-veut-gagner-des-titres-pas-seulement-atteindre-les-playoffs-1,faze,frozen,La Source,Esports World Cup/2026
Esports World Cup 2026,2026-08-21,"NiKo : ""Je suis triste qu'on ait pas eu l'occasion de jouer Vitality""",https://lasource.gg/news/niko-je-suis-triste-qu-on-ait-pas-eu-l-occasion-de-jouer-vitality,falcons,NiKo,La Source,Esports World Cup/2026
Esports World Cup 2026,2026-08-21,"XTQZZZ : ""C'est ma défaite la plus difficile""",https://lasource.gg/news/xtqzzz-c-est-ma-defaite-la-plus-difficile,vit,XTQZZZ,La Source,Esports World Cup/2026
Esports World Cup 2026,2026-08-22,"cmtry : ""C’est la magie FUT""",https://lasource.gg/news/cmtry-c-est-la-magie-fut,fut,cmtry,La Source,Esports World Cup/2026
Esports World Cup 2026,2026-08-22,"FalleN : ""YEKINDAR au lead ? C'est possible qu'on prenne cette direction.""",https://lasource.gg/news/fallen-yekindar-au-lead-c-est-possible-qu-on-prenne-cette-direction,furia,FalleN,La Source,Esports World Cup/2026
Esports World Cup 2026,2026-08-22,"dziugss : ""J’ai reçu quelques offres, mais j’ai décidé de rester chez FUT""",https://lasource.gg/news/dziugss-j-ai-recu-quelques-offres-mais-j-ai-decide-de-rester-chez-fut,fut,dziugss,La Source,Esports World Cup/2026
Esports World Cup 2026,2026-08-23,"Jordan Savelli (Directeur Esport chez Falcons) : ""karrigan a été un gros facteur du changement de l'équipe""",https://lasource.gg/news/jordan-savelli-directeur-esport-chez-falcons-karrigan-a-ete-un-gros-facteur-du-c,falcons,Next,La Source,Esports World Cup/2026
Esports World Cup 2026,2026-08-23,"Garrixer (FUT) : ""Dans un an et demi, au moins un de nos joueurs soulèvera un Major""",https://lasource.gg/news/garrixer-fut-dans-un-an-et-demi-au-moins-un-de-nos-joueurs-soulevera-un-major,fut,Garrixer,La Source,Esports World Cup/2026
Esports World Cup 2026,2026-09-11,"killazoo : ""L’objectif numéro un, c’est de se qualifier pour le Major""",https://lasource.gg/news/killazoo-l-objectif-numero-un-c-est-de-se-qualifier-pour-le-major,,killazoo,La Source,Esports World Cup/2026
Esports World Cup 2026,2026-08-20,"Twistzz on the Loss to Vitality, Team Rebuilding, and His Path as an IGL",https://players.com.ua/en/news/twistzz-on-the-loss-to-vitality-team-rebuilding-and-his-path-as-an-igl/,faze,Twistzz,Players,Esports World Cup/2026
Esports World Cup 2026,2026-08-21,"""Maybe Someone Was Underestimated Somewhere"": ceh9 on NAVI's Elimination from EWC 2026, Possible Substitutions, and the Team's Future",https://players.com.ua/en/news/maybe-someone-was-underestimated-somewhere-ceh9-on-navi-s-elimination-from-ewc-2026-possible-substitutions-and-the-team-s-future/,,ceh9,Players,Esports World Cup/2026
Esports World Cup 2026,2026-08-21,"R1nkle on adapting to the new roster, the pressure of a major brand, and preparing for the Major",https://players.com.ua/en/news/r1nkle-on-adapting-to-the-new-roster-the-pressure-of-a-major-brand-and-preparing-for-the-major/,g2,r1nkle,Players,Esports World Cup/2026
Esports World Cup 2026,2026-08-21,Interview with Andrii “npl” Kukharskyi — B8 player after the match at EWC 2026,https://players.com.ua/en/news/interview-with-andrii-npl-kukharskyi-b8-player-after-the-match-at-ewc-2026/,b8,npl,Players,Esports World Cup/2026
Esports World Cup 2026,2026-08-21,"FalleN on FURIA’s strength, support from Brazilian fans, and the future of his career",https://players.com.ua/en/news/fallen-on-furia-s-strength-support-from-brazilian-fans-and-the-future-of-his-career/,furia,FalleN,Players,Esports World Cup/2026
Esports World Cup 2026,2026-08-21,"dem0n: “We are definitely not weaker than NAVI” — about FUT’s confidence, FURIA, and their EWC 2026 run",https://players.com.ua/en/news/dem0n-we-are-definitely-not-weaker-than-navi-about-fut-s-confidence-furia-and-their-ewc-2026-run/,fut,dem0n,Players,Esports World Cup/2026
Esports World Cup 2026,2026-08-21,"""We are becoming a strong Tier-1 team"" – cmtry on reaching the EWC 2026 semifinals, the victory over MOUZ, and the match against FURIA",https://players.com.ua/en/news/we-are-becoming-a-strong-tier-1-team-cmtry-on-reaching-the-ewc-2026-semifinals-the-victory-over-mouz-and-the-match-against-furia/,fut,cmtry,Players,Esports World Cup/2026
Esports World Cup 2026,2026-08-21,"“After winning the Major, people expect more from you — and we also expect more from ourselves” — NiKo on pressure, expectations, and the loss to Legacy",https://players.com.ua/en/news/after-winning-the-major-people-expect-more-from-you-and-we-also-expect-more-from-ourselves-niko-on-pressure-expectations-and-the-loss-to-legacy/,falcons,NiKo,Players,Esports World Cup/2026
Esports World Cup 2026,2026-08-21,«We believe that we can become the No. 1 team» — dumau on Legacy’s victories over NAVI and Falcons and the path to the top,https://players.com.ua/en/news/we-believe-that-we-can-become-the-no-1-team-dumau-on-legacy-s-victories-over-navi-and-falcons-and-the-path-to-the-top/,legacy,dumau,Players,Esports World Cup/2026
Esports World Cup 2026,2026-08-22,"""Pressure is to a certain extent a privilege"" — ropz on the defeat to Spirit, competition, and temporary roster changes in Vitality",https://players.com.ua/en/news/pressure-is-to-a-certain-extent-a-privilege-ropz-on-the-defeat-to-spirit-competition-and-temporary-roster-changes-in-vitality/,vit,ropz,Players,Esports World Cup/2026
Esports World Cup 2026,2026-08-22,“It wasn’t a surprise to me that we are in the final” — Krabeni on the victory over FURIA and expectations ahead of the EWC 2026 Grand Final,https://players.com.ua/en/news/it-wasn-t-a-surprise-to-me-that-we-are-in-the-final-krabeni-on-the-victory-over-furia-and-expectations-ahead-of-the-ewc-2026-grand-final/,fut,Krabeni,Players,Esports World Cup/2026
Esports World Cup 2026,2026-08-22,“They Play Fearless Counter-Strike” — FURIA Coach on Fearless FUT and the Team’s Future,https://players.com.ua/en/news/they-play-fearless-counter-strike-furia-coach-on-fearless-fut-and-the-team-s-future/,furia,sidde,Players,Esports World Cup/2026
Esports World Cup 2026,2026-08-18,3DMAX Misutaa : « On ne se comprend pas »,https://www.team-aaa.com/fr/actualite/misutaa-on-ne-se-comprend-pas_136854,3dmax,misutaaa,aAa Gaming,Esports World Cup/2026
Esports World Cup 2026,2026-08-18,NAVI Aleksib : « Nous devons toujours chercher à faire mieux »,https://www.team-aaa.com/fr/actualite/aleksib-nous-devons-toujours-chercher-a-faire-mieux_136853,navi,Aleksib,aAa Gaming,Esports World Cup/2026
Esports World Cup 2026,2026-08-21,MOUZ xertioN : « Heureux d'avoir repris le rôle d'IGL »,https://www.team-aaa.com/fr/actualite/mouz-pr-heureux-davoir-repris-le-role-digl_136867,mouz,xertioN,aAa Gaming,Esports World Cup/2026
Esports World Cup 2026,2026-08-21,apEX : « On va tout donner pour être à Bercy »,https://www.team-aaa.com/fr/actualite/interview-apex_136898,vit,apEX,aAa Gaming,Esports World Cup/2026
Esports World Cup 2026,2026-08-22,"FlameZ (Vitality): ""It's a bit of a tough time for us""",https://youtu.be/LIyWdXvPpVU,vit,flameZ,aAa Gaming,Esports World Cup/2026
Esports World Cup 2026,2026-08-24,zont1x (Spirit): “I have no motivation”,https://youtu.be/J4ZPGM25Crs,spirit,zont1x,aAa Gaming,Esports World Cup/2026
Esports World Cup 2026,2026-08-13,mo0N: «Наша цель — попасть в топ-5 мира»,https://www.youtube.com/watch?v=Ahbb3Gbs1-E,magic,mo0N,OFFSTAGE,Esports World Cup/2026
Esports World Cup 2026,2026-08-18,"«Ми просто сміємося з дурних коментарів»: cmtry – про першу реакцію на хейт, гру снайпером та адаптацію xfl0ud",https://ua.tribuna.com/uk/cybersport/blogs/3178531-my-prosto-smiyemosya-z-durnykh-komentariv-cmtry-pro-pershu-rea/,fut,cmtry,Tribuna,Esports World Cup/2026
Esports World Cup 2026,2026-08-19,"dem0n : «Хочу бути там, де можу найбільше прогресувати»",https://ua.tribuna.com/uk/cybersport/blogs/3178585-khochu-buty-tam-de-mozhu-naybilshe-prohresuvaty-dem0n-pro-hru/,fut,dem0n,Tribuna,Esports World Cup/2026
Esports World Cup 2026,2026-08-21,"«Ми провели місяць у дорозі»: frozen про оновлений склад FaZe, адаптацію та маппул",https://ua.tribuna.com/uk/cybersport/blogs/3178781-my-provely-misyats-u-dorozi-frozen-pro-onovlenyy-sklad-faze-ad/,faze,frozen,Tribuna,Esports World Cup/2026
Esports World Cup 2026,2026-08-21,"«Мета на рік – плей-оф мейджора»: інтерв'ю з latto про Legacy, Vitality та бразильський CS",https://ua.tribuna.com/uk/cybersport/blogs/3178782-meta-na-rik-pleyof-meydzhora-intervyu-z-latto-pro-legacy-vital/,legacy,latto,Tribuna,Esports World Cup/2026
Esports World Cup 2026,2026-08-12,Esports World Cup 2026 - Day 1,https://www.hltv.org/gallery/13143,,,HLTV,Esports World Cup/2026
Esports World Cup 2026,2026-08-13,Esports World Cup 2026 - Day 2,https://www.hltv.org/gallery/13144,,,HLTV,Esports World Cup/2026
Esports World Cup 2026,2026-08-14,Esports World Cup 2026 - Day 3,https://www.hltv.org/gallery/13145,,,HLTV,Esports World Cup/2026
Esports World Cup 2026,2026-08-15,Esports World Cup 2026 - Day 4,https://www.hltv.org/gallery/13146,,,HLTV,Esports World Cup/2026
Esports World Cup 2026,2026-08-16,Esports World Cup 2026 - Day 5,https://www.hltv.org/gallery/13147,,,HLTV,Esports World Cup/2026
Esports World Cup 2026,2026-08-19,Esports World Cup 2026 - Day 6,https://www.hltv.org/gallery/13148,,,HLTV,Esports World Cup/2026
Esports World Cup 2026,2026-08-20,Esports World Cup 2026 - Day 7,https://www.hltv.org/gallery/13149,,,HLTV,Esports World Cup/2026
Esports World Cup 2026,2026-08-21,Esports World Cup 2026 - Day 8,https://www.hltv.org/gallery/13150,,,HLTV,Esports World Cup/2026
Esports World Cup 2026,2026-08-22,Esports World Cup 2026 - Day 9,https://www.hltv.org/gallery/13151,,,HLTV,Esports World Cup/2026
Esports World Cup 2026,2026-08-23,Esports World Cup 2026 - Day 10,https://www.hltv.org/gallery/13152,,,HLTV,Esports World Cup/2026
BLAST Bounty Summer 2026,2026-08-02,Spinx earns career-first MVP at BLAST Bounty Season 2 Finals,https://www.hltv.org/n/45227,,,HLTV,BLAST/Bounty/2026/Summer
BLAST Bounty Summer 2026,2026-08-07,The EVP and All-Stars of BLAST Bounty 2026 Season 2 Finals,https://www.hltv.org/n/45242,,,HLTV,BLAST/Bounty/2026/Summer
BLAST Bounty Summer 2026,2026-07-29,"Twistzz: ""Until FaZe says otherwise, I will give everything I have and become the best leader I can be""",https://www.hltv.org/n/45196,faze,Twistzz,HLTV,BLAST/Bounty/2026/Summer
BLAST Bounty Summer 2026,2026-07-29,"JT: ""EliGE needs space and have his own voice to feel comfortable, and I'm always giving him that""",https://www.hltv.org/n/45197,tl,JT,HLTV,BLAST/Bounty/2026/Summer
BLAST Bounty Summer 2026,2026-07-29,"PR: ""I really like the way xertioN calls, because I have more responsibilities than before""",https://www.hltv.org/n/45199,mouz,PR,HLTV,BLAST/Bounty/2026/Summer
BLAST Bounty Summer 2026,2026-07-30,"Kursy on rifling: ""I wanted to [change], and I really like it""",https://www.hltv.org/n/45202,3dmax,Kursy,HLTV,BLAST/Bounty/2026/Summer
BLAST Bounty Summer 2026,2026-07-30,"Jorko: ""I'm just being myself, I don't want my teammates to feel tilted""",https://www.hltv.org/n/45206,tl,Jorko,HLTV,BLAST/Bounty/2026/Summer
BLAST Bounty Summer 2026,2026-07-30,"xertioN: ""The change has been mostly mental, needing to actually be there for the guys even when we're not playing well""",https://www.hltv.org/n/45208,mouz,xertioN,HLTV,BLAST/Bounty/2026/Summer
BLAST Bounty Summer 2026,2026-07-31,"NEO on FaZe removal: ""No grudges, it is what it is. But I've learned my lesson""",https://www.hltv.org/n/45201,astralis,NEO,HLTV,BLAST/Bounty/2026/Summer
BLAST Bounty Summer 2026,2026-07-31,"frozen: ""We are playing better than we did half a year ago, but there is still so much to improve""",https://www.hltv.org/n/45213,faze,frozen,HLTV,BLAST/Bounty/2026/Summer
BLAST Bounty Summer 2026,2026-07-31,"phzy: ""I just want to hopefully get back into form, these last months have been pretty rough""",https://www.hltv.org/n/45216,astralis,phzy,HLTV,BLAST/Bounty/2026/Summer
BLAST Bounty Summer 2026,2026-08-01,"Spinx: ""Everyone wants to have fun on the server, but you need to put the team first always""",https://www.hltv.org/n/45221,mouz,Spinx,HLTV,BLAST/Bounty/2026/Summer
BLAST Bounty Summer 2026,2026-08-02,"Spinx: ""I always wanted to have just one [MVP] in my career""",https://www.hltv.org/n/45228,mouz,Spinx,HLTV,BLAST/Bounty/2026/Summer
BLAST Bounty Summer 2026,2026-07-30,"tN1R: ""This is a good time for us to win trophies and maybe have an era""",https://blast.tv/cs/news/tn1r-this-is-a-good-time-for-us-to-win-trophies-and-maybe-have-an-era,spirit,tN1R,BLAST,BLAST/Bounty/2026/Summer
BLAST Bounty Summer 2026,2026-07-30,"JT: ""We need to not get complacent""",https://blast.tv/cs/news/jt-we-need-to-not-get-complacent,tl,JT,BLAST,BLAST/Bounty/2026/Summer
BLAST Bounty Summer 2026,2026-07-31,"xelex: ""I don't think I had much confidence in the first few months""",https://blast.tv/cs/news/xelex-i-dont-think-i-had-much-confidence,mouz,xelex,BLAST,BLAST/Bounty/2026/Summer
BLAST Bounty Summer 2026,2026-07-31,"JBOEN: ""FaZe is a playoffs team""",https://blast.tv/cs/news/jboen-faze-is-a-playoffs-team,faze,JBOEN,BLAST,BLAST/Bounty/2026/Summer
BLAST Bounty Summer 2026,2026-08-01,"NEO: ""I was thinking more like a player than a coach""",https://blast.tv/cs/news/neo-i-was-thinking-more-like-a-player-than-a-coach,astralis,NEO,BLAST,BLAST/Bounty/2026/Summer
BLAST Bounty Summer 2026,2026-08-02,"xertioN: ""We came to the event to see where we stand""",https://blast.tv/cs/news/xertion-we-came-to-the-event-to-see-where-we-stand,mouz,xertioN,BLAST,BLAST/Bounty/2026/Summer
BLAST Bounty Summer 2026,2026-07-30,"Kursy : ""Je pense qu'on peut aller beaucoup plus haut avec 3DMAX""",https://lasource.gg/news/kursy-je-pense-qu-on-peut-aller-beaucoup-plus-haut-avec-3dmax,3dmax,Kursy,La Source,BLAST/Bounty/2026/Summer
BLAST Bounty Summer 2026,2026-07-31,"Neityu : ""À 12-8, on a commencé à vraiment croire au comeback""",https://lasource.gg/news/neityu-a-12-8-on-a-commence-a-vraiment-croire-au-comeback,faze,Neityu,La Source,BLAST/Bounty/2026/Summer
BLAST Bounty Summer 2026,2026-07-30,BLAST Bounty 2026 Season 2 Finals - Day 1,https://www.hltv.org/gallery/13134,,,HLTV,BLAST/Bounty/2026/Summer
BLAST Bounty Summer 2026,2026-07-31,BLAST Bounty 2026 Season 2 Finals - Day 2,https://www.hltv.org/gallery/13135,,,HLTV,BLAST/Bounty/2026/Summer
BLAST Bounty Summer 2026,2026-08-01,BLAST Bounty 2026 Season 2 Finals - Day 3,https://www.hltv.org/gallery/13136,,,HLTV,BLAST/Bounty/2026/Summer
BLAST Bounty Summer 2026,2026-08-02,BLAST Bounty 2026 Season 2 Finals - Day 4,https://www.hltv.org/gallery/13137,,,HLTV,BLAST/Bounty/2026/Summer
BLAST Bounty Summer 2026,2026-07-18,"BLAST Bounty teams, format, schedule, prizes, talent, fantasy",https://www.hltv.org/n/45158,,,HLTV,BLAST/Bounty/2026/Summer
IEM Cologne Major 2026,2026-05-29,The art of the pre-Major Hail Mary,https://www.hltv.org/n/44717,,,HLTV,Intel Extreme Masters/2026/Cologne
IEM Cologne Major 2026,2026-05-30,How Bymas crowned his career revival with Major return,https://www.hltv.org/n/44724,monte,Bymas,HLTV,Intel Extreme Masters/2026/Cologne
IEM Cologne Major 2026,2026-05-31,"How BIG's squad overhaul led to ""unreal"" Cologne Major qualification",https://www.hltv.org/n/44734,big,,HLTV,Intel Extreme Masters/2026/Cologne
IEM Cologne Major 2026,2026-05-30,Visualized: Every team at IEM Cologne Major 2026 Stage 1,https://www.hltv.org/n/44729,,,HLTV,Intel Extreme Masters/2026/Cologne
IEM Cologne Major 2026,2026-05-31,Meet the IEM Cologne Major 2026 rookies,https://www.hltv.org/n/44718,,,HLTV,Intel Extreme Masters/2026/Cologne
IEM Cologne Major 2026,2026-05-31,"IEM Cologne Major Stage 1 teams, format, schedule, talent, fantasy",https://www.hltv.org/n/44735,,,HLTV,Intel Extreme Masters/2026/Cologne
IEM Cologne Major 2026,2026-06-01,Infographic: IEM Cologne Major,https://www.hltv.org/n/44747,,,HLTV,Intel Extreme Masters/2026/Cologne
IEM Cologne Major 2026,2026-06-06,Visualized: Every team at IEM Cologne Major 2026 Stage 2,https://www.hltv.org/n/44789,,,HLTV,Intel Extreme Masters/2026/Cologne
IEM Cologne Major 2026,2026-06-09,Visualized: Every team at IEM Cologne Major 2026 Stage 3,https://www.hltv.org/n/44815,,,HLTV,Intel Extreme Masters/2026/Cologne
IEM Cologne Major 2026,2026-06-21,m0NESY clinches IEM Cologne Major 2026 MVP,https://www.hltv.org/n/44973,,,HLTV,Intel Extreme Masters/2026/Cologne
IEM Cologne Major 2026,2026-06-25,The EVPs and All-Stars of IEM Cologne Major 2026,https://www.hltv.org/n/44989,,,HLTV,Intel Extreme Masters/2026/Cologne
IEM Cologne Major 2026,2026-06-01,"stressarN on making the Major: ""I think I've never been happier in my life than that day""",https://www.hltv.org/n/44741,sinners,stressarN,HLTV,Intel Extreme Masters/2026/Cologne
IEM Cologne Major 2026,2026-06-01,"jks: ""It's a bit demotivating but we have to have better results so that we can play these events""",https://www.hltv.org/n/44739,flyquest,jks,HLTV,Intel Extreme Masters/2026/Cologne
IEM Cologne Major 2026,2026-06-01,"blameF: ""We're not playing tier-two and three just to lose as soon as we meet a good opponent""",https://www.hltv.org/n/44743,big,blameF,HLTV,Intel Extreme Masters/2026/Cologne
IEM Cologne Major 2026,2026-06-01,"dexter: ""Playing people that have more investment, you have two choices: play with your balls out or not. That's what I hope they do""",https://www.hltv.org/n/44745,thunderdownunder,dexter,HLTV,Intel Extreme Masters/2026/Cologne
IEM Cologne Major 2026,2026-06-02,"TjP: ""Everyone sees the 0-3s come up and they say, 'Oh sh*t, here we go again'""",https://www.hltv.org/n/44754,thunderdownunder,TjP,HLTV,Intel Extreme Masters/2026/Cologne
IEM Cologne Major 2026,2026-06-02,"NAF: ""We left CAC with a little bit of motivation that we're at least walking in the right direction""",https://www.hltv.org/n/44757,tl,NAF,HLTV,Intel Extreme Masters/2026/Cologne
IEM Cologne Major 2026,2026-06-02,"GUM on keeping LVG's roster for 1.5 years: ""So many players PUG, but nobody wants to go pro""",https://www.hltv.org/n/44760,lvg,GUM,HLTV,Intel Extreme Masters/2026/Cologne
IEM Cologne Major 2026,2026-06-03,"s1n: ""We want to give German people a team to cheer for, this is the ultimate goal""",https://www.hltv.org/n/44761,m80,s1n,HLTV,Intel Extreme Masters/2026/Cologne
IEM Cologne Major 2026,2026-06-03,"LNZ: ""We don't just want to rely on insani or kl1m having a perfect game""",https://www.hltv.org/n/44768,mibr,LNZ,HLTV,Intel Extreme Masters/2026/Cologne
IEM Cologne Major 2026,2026-06-03,"zorte on visa issues: ""I'm glad to be here because we were afraid that we [would be] disqualified""",https://www.hltv.org/n/44770,betboom,zorte,HLTV,Intel Extreme Masters/2026/Cologne
IEM Cologne Major 2026,2026-06-03,"beastik on 0-3 exit: ""It feels even worse than not qualifying""",https://www.hltv.org/n/44772,sinners,beastik,HLTV,Intel Extreme Masters/2026/Cologne
IEM Cologne Major 2026,2026-06-04,"yxngstxr on recent results: ""It's been hard, we've been trying to regroup as a team""",https://www.hltv.org/n/44777,heroic,yxngstxr,HLTV,Intel Extreme Masters/2026/Cologne
IEM Cologne Major 2026,2026-06-04,"koala on Sharks' exit: ""It's not the map pool for me, it's more about the confidence of the team""",https://www.hltv.org/n/44785,sharks,koala,HLTV,Intel Extreme Masters/2026/Cologne
IEM Cologne Major 2026,2026-06-04,"hypex: ""Today I felt a lot of nerves inside of me that I didn't even feel in the Atlanta final""",https://www.hltv.org/n/44788,gl,hypex,HLTV,Intel Extreme Masters/2026/Cologne
IEM Cologne Major 2026,2026-06-04,"Swisher: ""I feel like JBa was told what to do and not why on Wildcard; we're trying to get him to be more independent""",https://www.hltv.org/n/44792,m80,Swisher,HLTV,Intel Extreme Masters/2026/Cologne
IEM Cologne Major 2026,2026-06-05,"TOBIZ: ""We need to go home, breathe a bit, and then look at what the future plan of HEROIC is""",https://www.hltv.org/n/44795,heroic,TOBIZ,HLTV,Intel Extreme Masters/2026/Cologne
IEM Cologne Major 2026,2026-06-05,"INS: ""We didn't even prep for Anubis, because we thought there's no way they would let us pick it""",https://www.hltv.org/n/44807,fq,INS,HLTV,Intel Extreme Masters/2026/Cologne
IEM Cologne Major 2026,2026-06-05,"EliGE: ""It always felt like whatever direction that we went, we weren't fully going into it""",https://www.hltv.org/n/44806,tl,EliGE,HLTV,Intel Extreme Masters/2026/Cologne
IEM Cologne Major 2026,2026-06-05,"gr1ks: ""I will just keep this game in mind all the time for the future, that anything is possible""",https://www.hltv.org/n/44810,big,gr1ks,HLTV,Intel Extreme Masters/2026/Cologne
IEM Cologne Major 2026,2026-06-02,"doc explica vitória contra HEROIC: ""Entramos com a mente limpa""",https://www.dust2.com.br/noticias/74408/doc-explica-vitoria-contra-heroic-entramos-com-a-mente-limpa,sharks,doc,Dust2.com.br,Intel Extreme Masters/2026/Cologne
IEM Cologne Major 2026,2026-06-02,"kl1m: ""O empréstimo acaba no fim desse Major, não sei o que vai acontecer no futuro""",https://www.dust2.com.br/noticias/74435/kl1m-o-emprestimo-acaba-no-fim-desse-major-nao-sei-o-que-vai-acontecer-no-futuro,mibr,kl1m,Dust2.com.br,Intel Extreme Masters/2026/Cologne
IEM Cologne Major 2026,2026-06-03,"fer fica ""mexido"" com Major, mas descarta permanência: ""Entendi a hora de encerrar meu ciclo""",https://www.dust2.com.br/noticias/74454/fer-fica-mexido-com-major-mas-descarta-permanencia-entendi-a-hora-de-encerrar-meu-ciclo,gaimin,fer,Dust2.com.br,Intel Extreme Masters/2026/Cologne
IEM Cologne Major 2026,2026-06-03,"gafolo vê Sharks ""meio fria"" em derrotas no Major",https://www.dust2.com.br/noticias/74470/gafolo-ve-sharks-meio-fria-em-derrotas-no-major,sharks,gafolo,Dust2.com.br,Intel Extreme Masters/2026/Cologne
IEM Cologne Major 2026,2026-06-04,"horvy explica eliminação da Gaimin Gladiators no Major: ""Cada um sabe dos erros cometidos no processo""",https://www.dust2.com.br/noticias/74489/venomzera-sobre-evolucao-no-ingles-consigo-conversar-apontar-as-coisas-que-quero-fazer-e-falar-mais-no-review,gaimin,horvy,Dust2.com.br,Intel Extreme Masters/2026/Cologne
IEM Cologne Major 2026,2026-06-04,"coachi: ""Não estou orgulhoso com o resultado, mas com o processo""",https://www.dust2.com.br/noticias/74547/coachi-nao-estou-orgulhoso-com-o-resultado-mas-com-o-processo,sharks,coachi,Dust2.com.br,Intel Extreme Masters/2026/Cologne
IEM Cologne Major 2026,2026-06-04,"Derrota na estreia foi ""tapa na cara"" que MIBR precisava, diz insani",https://www.dust2.com.br/noticias/74551/derrota-na-estreia-foi-tapa-na-cara-que-mibr-precisava-diz-insani,mibr,insani,Dust2.com.br,Intel Extreme Masters/2026/Cologne
IEM Cologne Major 2026,2026-06-05,"Único jogador português no Major, story comemora ida ao Stage 2",https://www.dust2.com.br/noticias/74592/unico-jogador-portugues-no-major-story-comemora-ida-ao-stage-2,fq,story,Dust2.com.br,Intel Extreme Masters/2026/Cologne
IEM Cologne Major 2026,2026-06-05,"0-12 para 16-12: JDC explica ""milagre"" da BIG no Major",https://www.dust2.com.br/noticias/74604/0-12-para-16-12-jdc-explica-milagre-da-big-no-major,big,JDC,Dust2.com.br,Intel Extreme Masters/2026/Cologne
IEM Cologne Major 2026,2026-06-02,"""Acho que destruímos alguns Pick'Ems"", brinca treinador da Sharks",https://draft5.gg/noticia/acho-que-destruimos-alguns-pickems-brinca-treinador-da-sharks,sharks,coachi,DRAFT5,Intel Extreme Masters/2026/Cologne
IEM Cologne Major 2026,2026-06-02,"NEKIZ lamenta erros contra BetBoom: ""Estávamos esperando ganhar até com certa facilidade""",https://draft5.gg/noticia/nekiz-lamenta-erros-contra-betboom-estavamos-esperando-ganhar-ate-com-certa-facilidade,gaimin,NEKIZ,DRAFT5,Intel Extreme Masters/2026/Cologne
IEM Cologne Major 2026,2026-06-02,"""Ainda estamos no jogo, nunca desistimos"", diz capitão da SINNERS após ida para o 0-2",https://draft5.gg/noticia/ainda-estamos-no-jogo-nunca-desistimos-diz-capitao-da-sinners-apos-ida-para-o-0-2,sinners,beastik,DRAFT5,Intel Extreme Masters/2026/Cologne
IEM Cologne Major 2026,2026-06-02,"fer lamenta primeiro dia de Major: ""Não é reflexo do que treinamos""",https://draft5.gg/noticia/fer-lamenta-primeiro-dia-de-major-nao-e-reflexo-do-que-treinamos,gaimin,fer,DRAFT5,Intel Extreme Masters/2026/Cologne
IEM Cologne Major 2026,2026-06-02,"insani: ""A gente chega confiante, com o playbook estável e um sistema estabelecido""",https://draft5.gg/noticia/insani-a-gente-chega-confiante-com-o-playbook-estavel-e-um-sistema-estabelecido,mibr,insani,DRAFT5,Intel Extreme Masters/2026/Cologne
IEM Cologne Major 2026,2026-06-03,"koala é sincero sobre Sharks: ""Merecemos estar aqui, mas não é um time que veio ganhar o campeonato""",https://draft5.gg/noticia/koala-e-sincero-sobre-sharks-merecemos-estar-aqui-mas-nao-e-um-time-que-veio-ganhar-o-campeonato,sharks,koala,DRAFT5,Intel Extreme Masters/2026/Cologne
IEM Cologne Major 2026,2026-06-03,"brnz4n vê MIBR ""bem confiante"" e mira ""pelo menos o Stage 3"" em Cologne",https://draft5.gg/noticia/brnz4n-ve-mibr-bem-confiante-e-mira-pelo-menos-o-stage-3-em-cologne,mibr,brnz4n,DRAFT5,Intel Extreme Masters/2026/Cologne
IEM Cologne Major 2026,2026-06-03,"Boombl4 comemora classificação da BetBoom no Major e dá palpite: ""MIBR tem uma chance muito grande""",https://draft5.gg/noticia/boombl4-comemora-classificacao-da-betboom-no-major-e-da-palpite-mibr-tem-uma-chance-muito-grande,betboom,koala,DRAFT5,Intel Extreme Masters/2026/Cologne
IEM Cologne Major 2026,2026-06-03,"""Não jogamos como um time"", avalia Luken após queda no Major",https://draft5.gg/noticia/nao-jogamos-como-um-time-avalia-luken-apos-queda-no-major,gaimin,Luken,DRAFT5,Intel Extreme Masters/2026/Cologne
IEM Cologne Major 2026,2026-06-03,"""Queremos chegar aos playoffs e faremos nosso melhor"", prega npl",https://draft5.gg/noticia/queremos-chegar-aos-playoffs-e-faremos-nosso-melhor-prega-npl,b8,npl,DRAFT5,Intel Extreme Masters/2026/Cologne
IEM Cologne Major 2026,2026-06-04,"doc analisa campanha da Sharks no Major: ""Não é um fracasso, mas ao mesmo tempo não é bom""",https://draft5.gg/noticia/doc-analisa-campanha-da-sharks-no-major-nao-e-um-fracasso-mas-ao-mesmo-tempo-nao-e-bom,sharks,doc,DRAFT5,Intel Extreme Masters/2026/Cologne
IEM Cologne Major 2026,2026-06-04,"TjP explica rotina com caminhões e diz que ""foi quase um milagre"" ganhar do MIBR",https://draft5.gg/noticia/tjp-explica-rotina-com-caminhoes-e-diz-que-foi-quase-um-milagre-ganhar-do-mibr,thunderdownunder,TjP,DRAFT5,Intel Extreme Masters/2026/Cologne
IEM Cologne Major 2026,2026-06-04,"venomzera celebra evolução do MIBR no Major: ""Se mantiver o mesmo ritmo, a gente consegue pegar stage 3""",https://draft5.gg/noticia/venomzera-celebra-evolucao-do-mibr-no-major-se-mantiver-o-mesmo-ritmo-a-gente-consegue-pegar-stage-3,mibr,venomzera,DRAFT5,Intel Extreme Masters/2026/Cologne
IEM Cologne Major 2026,2026-06-04,"""Se continuarmos jogando assim, não vamos alcançar muita coisa no Stage 2"", afirma Snax",https://draft5.gg/noticia/se-continuarmos-jogando-assim-nao-vamos-alcancar-muita-coisa-no-stage-2-afirma-snax,gl,Snax,DRAFT5,Intel Extreme Masters/2026/Cologne
IEM Cologne Major 2026,2026-06-04,"Chr1zN lamenta momento da HEROIC e fala sobre mudanças: ""Precisaremos reavaliar""",https://draft5.gg/noticia/chr1zn-lamenta-momento-da-heroic-e-fala-sobre-mudancas-precisaremos-reavaliar,heroic,Chr1zN,DRAFT5,Intel Extreme Masters/2026/Cologne
IEM Cologne Major 2026,2026-06-05,"malbsMd fala sobre problemas da Liquid e avalia: ""Não tivemos constância no nosso jogo""",https://draft5.gg/noticia/malbsmd-fala-sobre-problemas-da-liquid-e-avalia-nao-tivemos-constancia-no-nosso-jogo,tl,malbsMd,DRAFT5,Intel Extreme Masters/2026/Cologne
IEM Cologne Major 2026,2026-06-05,"jks celebra classificação da FlyQuest: ""Nossa melhor forma desde que me juntei à equipe""",https://draft5.gg/noticia/jks-celebra-classificacao-da-flyquest-nossa-melhor-forma-desde-que-me-juntei-a-equipe,fq,jks,DRAFT5,Intel Extreme Masters/2026/Cologne
IEM Cologne Major 2026,2026-06-05,"TabseN diz que virada contra NRG ""foi mágica"" e projeta stage 2: ""A pressão diminuiu""",https://draft5.gg/noticia/tabsen-diz-que-virada-contra-nrg-foi-magica-e-projeta-stage-2-a-pressao-diminuiu,big,TabseN,DRAFT5,Intel Extreme Masters/2026/Cologne
IEM Cologne Major 2026,2026-06-02,"Varm majordebutant: ""Jeg kalkulerer ikke, jeg peeker bare""",https://www.dust2.dk/nyheder/74388/varm-majordebutant-jeg-kalkulerer-ikke-jeg-peeker-bare,sinners,kisserek,Dust2.dk,Intel Extreme Masters/2026/Cologne
IEM Cologne Major 2026,2026-06-02,asap vil gerne slå Tauson i en Bo3,https://www.dust2.dk/nyheder/74399/asap-vil-gerne-slaa-tauson-i-en-bo3,thunderdownunder,asap,Dust2.dk,Intel Extreme Masters/2026/Cologne
IEM Cologne Major 2026,2026-06-02,"TOBIZ: ""Jeg vil allerhelst gerne give dem en røvfuld, men det virker ikke""",https://www.dust2.dk/nyheder/74423/tobiz-jeg-vil-allerhelst-gerne-give-dem-en-roevfuld-men-det-virker-ikke,heroic,TOBIZ,Dust2.dk,Intel Extreme Masters/2026/Cologne
IEM Cologne Major 2026,2026-06-02,Personlig udvikling hjælper br0 med ikke at tilte,https://www.dust2.dk/nyheder/74433/personlig-udvikling-hjaelper-br0-med-ikke-at-tilte,nrg,br0,Dust2.dk,Intel Extreme Masters/2026/Cologne
IEM Cologne Major 2026,2026-06-02,"Tauson: ""Vi har rimelig god is i maven""",https://www.dust2.dk/nyheder/74442/tauson-vi-har-rimelig-god-is-i-maven,gl,Tauson,Dust2.dk,Intel Extreme Masters/2026/Cologne
IEM Cologne Major 2026,2026-06-03,gr1ks: Niveauet i 1. stadie er ikke meget højere end til åbne LANs,https://www.dust2.dk/nyheder/74481/gr1ks-niveauet-i-1-stadie-er-ikke-meget-hoejere-end-til-aabne-lans,big,gr1ks,Dust2.dk,Intel Extreme Masters/2026/Cologne
IEM Cologne Major 2026,2026-06-03,"Magnojez ovenpå tre sejre: ""Vi spiller som et mix-hold""",https://www.dust2.dk/nyheder/74491/magnojez-ovenpaa-tre-sejre-vi-spiller-som-et-mix-hold,betboom,Magnojez,Dust2.dk,Intel Extreme Masters/2026/Cologne
IEM Cologne Major 2026,2026-06-04,"s1n: ""Virkeligt frustrerende nederlag""",https://www.dust2.dk/nyheder/74509/s1n-virkeligt-frustrerende-nederlag,m80,s1n,Dust2.dk,Intel Extreme Masters/2026/Cologne
IEM Cologne Major 2026,2026-06-04,asap tager livserfaringer med fra majoren trods tidligt exit,https://www.dust2.dk/nyheder/74533/asap-tager-livserfaringer-med-fra-majoren-trods-tidligt-exit,thunderdownunder,asap,Dust2.dk,Intel Extreme Masters/2026/Cologne
IEM Cologne Major 2026,2026-06-04,Tauson roser sin coach for kontant skideballe,https://www.dust2.dk/nyheder/74542/tauson-roser-sin-coach-for-kontant-skideballe,gl,Tauson,Dust2.dk,Intel Extreme Masters/2026/Cologne
IEM Cologne Major 2026,2026-06-05,"Chr1zN efter major-exit: ""Det er vildt hårdt""",https://www.dust2.dk/nyheder/74555/chr1zn-efter-major-exit-det-er-vildt-haardt,heroic,Chr1zN,Dust2.dk,Intel Extreme Masters/2026/Cologne
IEM Cologne Major 2026,2026-06-05,"Vexite: ""Vi forventede en anden veto""",https://www.dust2.dk/nyheder/74590/vexite-vi-forventede-en-anden-veto,fq,Vexite,Dust2.dk,Intel Extreme Masters/2026/Cologne
IEM Cologne Major 2026,2026-06-06,"blameF: ""Det største comeback, jeg nogensinde har set""",https://www.dust2.dk/nyheder/74608/blamef-det-stoerste-comeback-jeg-nogensinde-har-set,big,blameF,Dust2.dk,Intel Extreme Masters/2026/Cologne
IEM Cologne Major 2026,2026-06-02,"""We considered playing only rifles"" <nowiki>",https://youtu.be/iymdV8ppYCw,heroic,Chr1zN,TL;DR,Intel Extreme Masters/2026/Cologne
IEM Cologne Major 2026,2026-06-06,"""The tier 2 scene is extremely underrated"" <nowiki>",https://youtu.be/JONe99h7abA,big,JDC,TL;DR,Intel Extreme Masters/2026/Cologne
IEM Cologne Major 2026,2026-06-02,5EPlay专访EmiliaQAQ：太多优势回合没把握住，长枪局全输了,https://csgo.5eplay.com/article/2606025pembk,lvg,EmiliaQAQ,5EPlay,Intel Extreme Masters/2026/Cologne
IEM Cologne Major 2026,2026-06-02,5EPlay专访Moseyuh：CT方准备了备用方案，但临场应变不足,https://csgo.5eplay.com/article/260602aqvr03,tyloo,Moseyuh,5EPlay,Intel Extreme Masters/2026/Cologne
IEM Cologne Major 2026,2026-06-02,5EPlay专访Jee：输掉4v2成为压死我们的最后一根稻草,https://csgo.5eplay.com/article/260602hwmo1y,tyloo,Jee,5EPlay,Intel Extreme Masters/2026/Cologne
IEM Cologne Major 2026,2026-06-02,5EPlay专访Snax：年轻选手们再打20年或许能破我的残局记录,https://csgo.5eplay.com/article/2606026ygedc,gl,Snax,5EPlay,Intel Extreme Masters/2026/Cologne
IEM Cologne Major 2026,2026-06-03,5EPlay专访z4kr：米哥一夫当关，是我们这场比赛的英雄,https://csgo.5eplay.com/article/260603t56pbo,lvg,z4kr,5EPlay,Intel Extreme Masters/2026/Cologne
IEM Cologne Major 2026,2026-06-03,5EPlay专访Westmelon：战绩最差的我，站起来喊崩了对手心态,https://csgo.5eplay.com/article/260603p5zc7s,lvg,Westmelon,5EPlay,Intel Extreme Masters/2026/Cologne
IEM Cologne Major 2026,2026-06-03,5EPlay专访z4KR：赢下比赛很开心，对手没料到选出Overpass,https://csgo.5eplay.com/article/260603myufq0,lvg,z4KR,5EPlay,Intel Extreme Masters/2026/Cologne
IEM Cologne Major 2026,2026-06-04,5EPlay专访Jee：零皇的发挥很关键，他就是中国makazze,https://csgo.5eplay.com/article/2606046va5dc,tyloo,Jee,5EPlay,Intel Extreme Masters/2026/Cologne
IEM Cologne Major 2026,2026-06-04,5EPlay专访Jack：队伍出发的机票都是经济舱，除非自己花钱,https://csgo.5eplay.com/article/260604tuxre5,tyloo,CruSad3,5EPlay,Intel Extreme Masters/2026/Cologne
IEM Cologne Major 2026,2026-06-04,5EPlay专访Zero：我们Ancient真的很垃圾，别人一般都会点菜,https://csgo.5eplay.com/article/260604cr310t,tyloo,Zero (Su Jingshen),5EPlay,Intel Extreme Masters/2026/Cologne
IEM Cologne Major 2026,2026-06-04,5EPlay专访Jee：我们打得很被动，但还好有JamYoung带飞,https://csgo.5eplay.com/article/260604vrc3t0,tyloo,Jee,5EPlay,Intel Extreme Masters/2026/Cologne
IEM Cologne Major 2026,2026-06-04,5EPlay专访JamYoung：我们是从0-2打上来的，心态比对面更好,https://csgo.5eplay.com/article/2606048xt5hv,tyloo,JamYoung,5EPlay,Intel Extreme Masters/2026/Cologne
IEM Cologne Major 2026,2026-06-05,5EPlay专访EmiliaQAQ：打得太着急了，看起来在玩天梯一样,https://csgo.5eplay.com/article/260605z3axp7,lvg,EmiliaQAQ,5EPlay,Intel Extreme Masters/2026/Cologne
IEM Cologne Major 2026,2026-06-05,5EPlay专访JBa：中国玩家游戏理解一般，但枪法太夸张了,https://csgo.5eplay.com/article/260605l61e9z,m80,JBa,5EPlay,Intel Extreme Masters/2026/Cologne
IEM Cologne Major 2026,2026-06-05,5EPlay专访Jee：当下局面不好受，我们原本想送FlyQuest回家,https://csgo.5eplay.com/article/260605f0hk3r,tyloo,Jee,5EPlay,Intel Extreme Masters/2026/Cologne
IEM Cologne Major 2026,2026-06-05,5EPlay专访EmiliaQAQ：受MIBR影响了，心态还是没能调整回来,https://csgo.5eplay.com/article/260605fop8i0,lvg,EmiliaQAQ,5EPlay,Intel Extreme Masters/2026/Cologne
IEM Cologne Major 2026,2026-06-05,5EPlay专访C4LLM3SU3：想打针对的东西太多了，得不偿失,https://csgo.5eplay.com/article/260605361coh,lvg,C4LLM3SU3,5EPlay,Intel Extreme Masters/2026/Cologne
IEM Cologne Major 2026,2026-06-05,5EPlay专访Mercury：今天大家都在发挥，状态慢慢回暖了,https://csgo.5eplay.com/article/2606050j7kei,tyloo,Mercury,5EPlay,Intel Extreme Masters/2026/Cologne
IEM Cologne Major 2026,2026-06-06,5EPlay专访jks：本届Major对手实力更强导致晋级之路坎坷,https://csgo.5eplay.com/article/260606tzxoi0,fq,jks,5EPlay,Intel Extreme Masters/2026/Cologne
IEM Cologne Major 2026,2026-06-05,"ryu: ""We tried to put a little bit more accent on all the small things""",https://www.hltv.org/n/44798,astralis,ryu,HLTV,Intel Extreme Masters/2026/Cologne
IEM Cologne Major 2026,2026-06-05,"dziugss: ""I'm looking forward to the Major, to prove that we're better than in America""",https://www.hltv.org/n/44797,fut,dziugss,HLTV,Intel Extreme Masters/2026/Cologne
IEM Cologne Major 2026,2026-06-06,"donk: ""We all feel that we have really good chances against Vitality""",https://www.hltv.org/n/44803,spirit,donk,HLTV,Intel Extreme Masters/2026/Cologne
IEM Cologne Major 2026,2026-06-06,"max: ""I hope this team can be tier-one, we are working on that""",https://www.hltv.org/n/44816,9z,max,HLTV,Intel Extreme Masters/2026/Cologne
IEM Cologne Major 2026,2026-06-06,"MATYS on new positions: ""I managed to fix a lot of stuff, so now, even if they want to counter me, they will get fucked""",https://www.hltv.org/n/44817,g2,MATYS,HLTV,Intel Extreme Masters/2026/Cologne
IEM Cologne Major 2026,2026-06-07,"faveN: ""If BIG would give me a 10-year contract I would probably sign it, because I'm really happy""",https://www.hltv.org/n/44822,big,faveN,HLTV,Intel Extreme Masters/2026/Cologne
IEM Cologne Major 2026,2026-06-07,"Bymas on tilt issues vs. Legacy: ""These matches are way too important to lose our heads""",https://www.hltv.org/n/44821,monte,Bymas,HLTV,Intel Extreme Masters/2026/Cologne
IEM Cologne Major 2026,2026-06-08,"HooXi: ""When we discuss the rounds outside of the game, everyone knows what's right to do, but we're just not doing them in the moment""",https://www.hltv.org/n/44830,astralis,HooXi,HLTV,Intel Extreme Masters/2026/Cologne
IEM Cologne Major 2026,2026-06-08,"NertZ: ""When your coach and captain show you [trust], it's super important because I don't think it works like this in every team""",https://www.hltv.org/n/44836,g2,NertZ,HLTV,Intel Extreme Masters/2026/Cologne
IEM Cologne Major 2026,2026-06-09,"Gizmy: ""Making stage three is what we wanted from the beginning, I'm very proud of the team""",https://www.hltv.org/n/44843,monte,Gizmy,HLTV,Intel Extreme Masters/2026/Cologne
IEM Cologne Major 2026,2026-06-09,"saadzin: ""We never made playoffs, so we want it a lot""",https://www.hltv.org/n/44845,legacy,saadzin,HLTV,Intel Extreme Masters/2026/Cologne
IEM Cologne Major 2026,2026-06-09,"tabseN: ""Sucks to lose, but I'm really proud of the team""",https://www.hltv.org/n/44850,big,tabseN,HLTV,Intel Extreme Masters/2026/Cologne
IEM Cologne Major 2026,2026-06-06,"meyern estreia em Majors: ""Por momentos pensei que não seria possível""",https://www.dust2.com.br/noticias/74645/meyern-estreia-em-majors-por-momentos-pensei-que-nao-seria-possivel,9z,meyern,Dust2.com.br,Intel Extreme Masters/2026/Cologne
IEM Cologne Major 2026,2026-06-06,"biguzera explica problema no veto: ""Se fossemos começar TR não jogaríamos Overpass""",https://www.dust2.com.br/noticias/74648/biguzera-explica-problema-no-veto-se-fossemos-comecar-tr-nao-jogariamos-overpass,pain,biguzera,Dust2.com.br,Intel Extreme Masters/2026/Cologne
IEM Cologne Major 2026,2026-06-07,"Favoritismo não está atrapalhando Legacy, diz dumau",https://www.dust2.com.br/noticias/74681/favoritismo-nao-esta-atrapalhando-legacy-diz-dumau,legacy,dumau,Dust2.com.br,Intel Extreme Masters/2026/Cologne
IEM Cologne Major 2026,2026-06-07,"LNZ: ""Não podemos continuar assim nos últimos jogos""",https://www.dust2.com.br/noticias/74683/lnz-nao-podemos-continuar-assim-nos-ultimos-jogos,mibr,LNZ,Dust2.com.br,Intel Extreme Masters/2026/Cologne
IEM Cologne Major 2026,2026-06-07,"saffee: ""O mais importante é estar focado no Major, no agora, e o futuro a Deus pertence""",https://www.dust2.com.br/noticias/74696/saffee-o-mais-importante-e-estar-focado-no-major-no-agora-e-o-futuro-a-deus-pertence,pain,saffee,Dust2.com.br,Intel Extreme Masters/2026/Cologne
IEM Cologne Major 2026,2026-06-08,"Preparação contra Astralis foi ""melhor dos últimos tempos"", diz rikz",https://www.dust2.com.br/noticias/74720/preparacao-contra-astralis-foi-melhor-dos-ultimos-tempos-diz-rikz,pain,rikz,Dust2.com.br,Intel Extreme Masters/2026/Cologne
IEM Cologne Major 2026,2026-06-08,"LETN1 sobre MIBR no Major: ""Tínhamos potencial e poderíamos ter ido mais longe""",https://www.dust2.com.br/noticias/74726/letn1-sobre-mibr-no-major-tinhamos-potencial-e-poderiamos-ter-ido-mais-longe,mibr,LETN1,Dust2.com.br,Intel Extreme Masters/2026/Cologne
IEM Cologne Major 2026,2026-06-08,"max: ""Estamos nos dando muito bem fora do servidor e levando isso para dentro""",https://www.dust2.com.br/noticias/74734/max-estamos-nos-dando-muito-bem-fora-do-servidor-e-levando-isso-para-dentro,9z,max,Dust2.com.br,Intel Extreme Masters/2026/Cologne
IEM Cologne Major 2026,2026-06-09,"snow minimiza atuação no Major: ""Não adiantou nada, a tristeza é a mesma""",https://www.dust2.com.br/noticias/74761/snow-minimiza-atuacao-no-major-nao-adiantou-nada-a-tristeza-e-a-mesma,pain,snow,Dust2.com.br,Intel Extreme Masters/2026/Cologne
IEM Cologne Major 2026,2026-06-09,latto exalta comissão da Legacy e experiência por grande fase,https://www.dust2.com.br/noticias/74775/latto-exalta-comissao-da-legacy-e-experiencia-por-grande-fase,legacy,latto,Dust2.com.br,Intel Extreme Masters/2026/Cologne
IEM Cologne Major 2026,2026-06-06,"bit avalia momento da 9z para o Major: ""Temos uma expectativa alta em nós mesmos""",https://draft5.gg/noticia/bit-avalia-momento-da-9z-para-o-major-temos-uma-expectativa-alta-em-nos-mesmos,9z,BIT,DRAFT5,Intel Extreme Masters/2026/Cologne
IEM Cologne Major 2026,2026-06-06,"saffee lamenta derrota para TYLOO na primeira rodada: ""Temos que ter a cabeça fria",https://draft5.gg/noticia/saffee-lamenta-derrota-para-tyloo-na-primeira-rodada-temos-que-ter-a-cabeca-fria,pain,saffee,DRAFT5,Intel Extreme Masters/2026/Cologne
IEM Cologne Major 2026,2026-06-06,"insani projeta confronto entre MIBR e Spirit no Major: ""A gente vai para cima deles e vai confiante""",https://draft5.gg/noticia/insani-projeta-confronto-entre-mibr-e-spirit-no-major-a-gente-vai-para-cima-deles-e-vai-confiante,mibr,insani,DRAFT5,Intel Extreme Masters/2026/Cologne
IEM Cologne Major 2026,2026-06-06,"rikz detalha polêmica de veto contra BIG: ""Eu coloquei para escolher CT""",https://draft5.gg/noticia/rikz-detalha-polemica-de-veto-contra-big-eu-coloquei-para-escolher-ct,pain,rikz,DRAFT5,Intel Extreme Masters/2026/Cologne
IEM Cologne Major 2026,2026-06-06,"latto exalta arT e quer Legacy ""no mínimo"" classificada para stage 3 do Major de Cologne",https://draft5.gg/noticia/latto-exalta-art-e-quer-legacy-no-minimo-classificada-para-stage-3-do-major-de-cologne,legacy,latto,DRAFT5,Intel Extreme Masters/2026/Cologne
IEM Cologne Major 2026,2026-06-06,"dgt celebra bom início da 9z em Cologne: ""Trabalhamos pra c######""",https://draft5.gg/noticia/dgt-celebra-bom-inicio-da-9z-em-cologne-trabalhamos-pra-c,9z,dgt,DRAFT5,Intel Extreme Masters/2026/Cologne
IEM Cologne Major 2026,2026-06-07,"adr lamenta erros em derrota da Legacy: ""A gente esperava ganhar, mas é resetar""",https://draft5.gg/noticia/adr-lamenta-erros-em-derrota-da-legacy-a-gente-esperava-ganhar-mas-e-resetar,legacy,adr,DRAFT5,Intel Extreme Masters/2026/Cologne
IEM Cologne Major 2026,2026-06-07,"LETN1 diz que MIBR estava ""desligado"" em derrota para BIG: ""Nós só não aparecemos""",https://draft5.gg/noticia/letn1-diz-que-mibr-estava-desligado-em-derrota-para-big-nos-so-nao-aparecemos,mibr,LETN1,DRAFT5,Intel Extreme Masters/2026/Cologne
IEM Cologne Major 2026,2026-06-07,"biguzera quer paiN nos playoffs do Major, mas prega: ""Temos que pensar só no próximo jogo""",https://draft5.gg/noticia/biguzera-quer-pain-nos-playoffs-do-major-mas-prega-temos-que-pensar-so-no-proximo-jogo,pain,biguzera,DRAFT5,Intel Extreme Masters/2026/Cologne
IEM Cologne Major 2026,2026-06-08,"HooXi fala em ""decepção enorme"" e diz: ""Fica para o estafe decidir se muda ou não""",https://draft5.gg/noticia/eu-gostaria-de-jogar-contra-a-legacy-porque-eu-sei-que-eles-gritam-muito-diz-capitao-da-fut,astralis,HooXi,DRAFT5,Intel Extreme Masters/2026/Cologne
IEM Cologne Major 2026,2026-06-08,"snow destaca desempenho da paiN contra Astralis: ""Vitória muito importante para trazer confiança""",https://draft5.gg/noticia/snow-destaca-desempenho-da-pain-contra-astralis-vitoria-muito-importante-para-trazer-confianca,pain,snow,DRAFT5,Intel Extreme Masters/2026/Cologne
IEM Cologne Major 2026,2026-06-08,"luchov celebra classificação da 9z e garante: ""As chances são reais de conseguirmos os playoffs""",https://draft5.gg/noticia/luchov-celebra-classificacao-da-9z-e-garante-as-chances-sao-reais-de-conseguirmos-os-playoffs,9z,luchov,DRAFT5,Intel Extreme Masters/2026/Cologne
IEM Cologne Major 2026,2026-06-08,"LNZ cita ""frustração"" com eliminação e se esquiva sobre kl1m: ""Cabe ao MIBR decidir""",https://draft5.gg/noticia/lnz-cita-frustracao-com-eliminacao-e-se-esquiva-sobre-kl1m-cabe-ao-mibr-decidir,mibr,LNZ,DRAFT5,Intel Extreme Masters/2026/Cologne
IEM Cologne Major 2026,2026-06-08,"saadzin cita ""começo frio"" de Major e celebra volta por cima: ""Se o AWPer não impacta, fica difícil o jogo""",https://draft5.gg/noticia/saadzin-cita-comeco-frio-de-major-e-celebra-volta-por-cima-se-o-awper-nao-impacta-fica-dificil-o-jogo,legacy,saadzin,DRAFT5,Intel Extreme Masters/2026/Cologne
IEM Cologne Major 2026,2026-06-08,"""Se atingirmos 100% do nosso potencial, podemos ir até o fim do Major"", afirma huNter-",https://draft5.gg/noticia/se-atingirmos-100-do-nosso-potencial-podemos-ir-ate-o-fim-do-major-afirma-hunter,g2,huNter-,DRAFT5,Intel Extreme Masters/2026/Cologne
IEM Cologne Major 2026,2026-06-09,"biguzera diz que comunicação foi principal problema em eliminação da paiN no Major: ""estressa seu teammate""",https://draft5.gg/noticia/biguzera-diz-que-comunicacao-foi-principal-problema-em-eliminacao-da-pain-no-major-estressa-seu-teammate,pain,biguzera,DRAFT5,Intel Extreme Masters/2026/Cologne
IEM Cologne Major 2026,2026-06-09,"arT celebra momento da Legacy e chances de playoffs: ""Depende só da gente jogar um bom CS""",https://draft5.gg/noticia/art-celebra-momento-da-legacy-e-chances-de-playoffs-depende-so-da-gente-jogar-um-bom-cs,legacy,arT,DRAFT5,Intel Extreme Masters/2026/Cologne
IEM Cologne Major 2026,2026-06-09,"Treinador da Monte revela segredo para vencer brasileiros: ""Não deixar que tomem conta do jogo""",https://draft5.gg/noticia/treinador-da-monte-revela-segredo-para-vencer-brasileiros-nao-deixar-que-tomem-conta-do-jogo,monte,kakafu,DRAFT5,Intel Extreme Masters/2026/Cologne
IEM Cologne Major 2026,2026-06-09,"Capitão da B8 projeta embate contra a FURIA: ""Um bom adversário para nós""",https://draft5.gg/noticia/capitao-da-b8-projeta-embate-contra-a-furia-um-bom-adversario-para-nos,b8,alex666,DRAFT5,Intel Extreme Masters/2026/Cologne
IEM Cologne Major 2026,2026-06-09,"""Jogamos muitos campeonatos com stand-ins e não temos pressão por conta disso"", explica Boombl4",https://draft5.gg/noticia/jogamos-muitos-campeonatos-com-stand-ins-e-nao-temos-pressao-por-conta-disso-explica-boombl4,betboom,Boombl4,DRAFT5,Intel Extreme Masters/2026/Cologne
IEM Cologne Major 2026,2026-06-06,"jabbi: ""Vi har lært en del fra sidst""",https://www.dust2.dk/nyheder/74620/jabbi-vi-har-laert-en-del-fra-sidst,astralis,jabbi,Dust2.dk,Intel Extreme Masters/2026/Cologne
IEM Cologne Major 2026,2026-06-06,"phzy: ""De fangede os på det forkerte ben""",https://www.dust2.dk/nyheder/74643/phzy-de-fangede-os-paa-det-forkerte-ben,astralis,phzy,Dust2.dk,Intel Extreme Masters/2026/Cologne
IEM Cologne Major 2026,2026-06-06,hypex: Det kommer ikke som et chok at være 0-2,https://www.dust2.dk/nyheder/74656/hypex-det-kommer-ikke-som-et-chok-at-vaere-0-2,gl,hypex,Dust2.dk,Intel Extreme Masters/2026/Cologne
IEM Cologne Major 2026,2026-06-07,"ruggah: ""Vi fucker op allerede fra første runde af""",https://www.dust2.dk/nyheder/74673/ruggah-vi-fucker-op-allerede-fra-foerste-runde-af,astralis,ruggah,Dust2.dk,Intel Extreme Masters/2026/Cologne
IEM Cologne Major 2026,2026-06-07,"INS: ""Vi kunne ikke finde os selv i Stage 2""",https://www.dust2.dk/nyheder/74691/ins-vi-kunne-ikke-finde-os-selv-i-stage-2,fq,INS,Dust2.dk,Intel Extreme Masters/2026/Cologne
IEM Cologne Major 2026,2026-06-08,"HooXi: ""En tom følelse af at have smidt en masse arbejde i noget og så se det smuldre mellem fingrene på en""",https://www.dust2.dk/nyheder/74714/hooxi-en-tom-foelelse-af-at-have-smidt-en-masse-arbejde-i-noget-og-saa-se-det-smuldre-mellem-fingrene-paa-en,astralis,HooXi,Dust2.dk,Intel Extreme Masters/2026/Cologne
IEM Cologne Major 2026,2026-06-08,"Staehr: ""Det er ikke et hold, vi skal sidde og blive smadret 12-0 af""",https://www.dust2.dk/nyheder/74717/staehr-det-er-ikke-et-hold-vi-skal-sidde-og-blive-smadret-12-0-af,astralis,Staehr,Dust2.dk,Intel Extreme Masters/2026/Cologne
IEM Cologne Major 2026,2026-06-09,"sAw: ""Hvis vi misser slutspillet, kan vi ikke være glade for majoren""",https://www.dust2.dk/nyheder/74741/saw-hvis-vi-misser-slutspillet-kan-vi-ikke-vaere-glade-for-majoren,g2,sAw,Dust2.dk,Intel Extreme Masters/2026/Cologne
IEM Cologne Major 2026,2026-06-09,"blameF: ""Alt i alt er jeg glad og stolt af drengene""",https://www.dust2.dk/nyheder/74785/blamef-alt-i-alt-er-jeg-glad-og-stolt-af-drengene,big,blameF,Dust2.dk,Intel Extreme Masters/2026/Cologne
IEM Cologne Major 2026,2026-06-17,"dupreeh får samme dagsløn som ekspert, som da han spillede i Falcons",https://www.dust2.dk/nyheder/74774/dupreeh-faar-samme-dagsloen-som-ekspert-som-da-han-spillede-i-falcons,,dupreeh,Dust2.dk,Intel Extreme Masters/2026/Cologne
IEM Cologne Major 2026,2026-06-09,"""We expected to win this game"" {{!",https://youtu.be/Ia7pgSyoDc0,big,JDC,TL;DR,Intel Extreme Masters/2026/Cologne
IEM Cologne Major 2026,2026-06-14,"""I could probably beat a spider in a fight"" {{!",https://youtu.be/XYS7p_CS6BI,fq,jks,TL;DR,Intel Extreme Masters/2026/Cologne
IEM Cologne Major 2026,2026-06-07,5EPlay专访Moseyuh：数值被FUT碾压了，指令也没CALL赢,https://csgo.5eplay.com/article/260607n83ied,tyloo,Moseyuh,5EPlay,Intel Extreme Masters/2026/Cologne
IEM Cologne Major 2026,2026-06-07,5EPlay专访MATYS：我永远不会扔掉fnatic时期的那块鼠标垫,https://csgo.5eplay.com/article/260607xypzfw,g2,matys,5EPlay,Intel Extreme Masters/2026/Cologne
IEM Cologne Major 2026,2026-06-07,5EPlay专访Mercury：指挥做了改变，希望不会辜负大家的期望,https://csgo.5eplay.com/article/260607iu1j0g,tyloo,Mercury,5EPlay,Intel Extreme Masters/2026/Cologne
IEM Cologne Major 2026,2026-06-08,5EPlay专访NertZ：即使加时赛落后，我们也从未停止相信自己,https://csgo.5eplay.com/article/260608gr6p0k,g2,NertZ,5EPlay,Intel Extreme Masters/2026/Cologne
IEM Cologne Major 2026,2026-06-09,5EPlay专访Attacker：今天的交流出现了问题，细节也不到位,https://csgo.5eplay.com/article/260609t6a5es,tyloo,Attacker,5EPlay,Intel Extreme Masters/2026/Cologne
IEM Cologne Major 2026,2026-06-09,5EPlay专访snow：我们找回了失去的信心，相信队伍能走出来,https://csgo.5eplay.com/article/260609a14euf,pain,snow,5EPlay,Intel Extreme Masters/2026/Cologne
IEM Cologne Major 2026,2026-06-09,5EPlay专访SunPayus：从第二阶段开始打对我们有帮助,https://csgo.5eplay.com/article/2606091xqy3t,g2,SunPayus,5EPlay,Intel Extreme Masters/2026/Cologne
IEM Cologne Major 2026,2026-06-10,5EPlay专访Jee：跟强队交手比较少，难以解决一些突发状况,https://csgo.5eplay.com/article/260610i9f34z,tyloo,Jee,5EPlay,Intel Extreme Masters/2026/Cologne
IEM Cologne Major 2026,2026-06-10,5EPlay专访Attacker：打这种级别的队伍，战术都没办法展开,https://csgo.5eplay.com/article/2606109bp61o,tyloo,Attacker,5EPlay,Intel Extreme Masters/2026/Cologne
IEM Cologne Major 2026,2026-06-10,"kyousuke: ""People are saying I have more motivation when I'm playing with karrigan, I think maybe it's true""",https://www.hltv.org/n/44852,falcons,kyousuke,HLTV,Intel Extreme Masters/2026/Cologne
IEM Cologne Major 2026,2026-06-10,"apEX: ""This Major is super important to end the [GOAT] debate for a lot of people""",https://www.hltv.org/n/44853,vit,apEX,HLTV,Intel Extreme Masters/2026/Cologne
IEM Cologne Major 2026,2026-06-10,"Aleksib: ""Now we have the individuals who are bailing us out in crucial moments""",https://www.hltv.org/n/44855,navi,Aleksib,HLTV,Intel Extreme Masters/2026/Cologne
IEM Cologne Major 2026,2026-06-10,"dastan: ""My players are very young, and maybe when I talk with them like I talk with grown people, it will not work. I changed this""",https://www.hltv.org/n/44856,parivision,dastan,HLTV,Intel Extreme Masters/2026/Cologne
IEM Cologne Major 2026,2026-06-11,"luchov: ""Yesterday I decided to come back to my old mouse, and it gives me more power""",https://www.hltv.org/n/44863,9z,luchov,HLTV,Intel Extreme Masters/2026/Cologne
IEM Cologne Major 2026,2026-06-11,"Brollan: ""MOUZ have been very direct that I could have a future here""",https://www.hltv.org/n/44865,mouz,Brollan,HLTV,Intel Extreme Masters/2026/Cologne
IEM Cologne Major 2026,2026-06-12,"sidde: ""We are working on letting go of things that go wrong in our games""",https://www.hltv.org/n/44875,furia,sidde,HLTV,Intel Extreme Masters/2026/Cologne
IEM Cologne Major 2026,2026-06-12,"sAw: ""[SunPayus] needs to find his form again; that comes from not overthinking""",https://www.hltv.org/n/44878,g2,sAw,HLTV,Intel Extreme Masters/2026/Cologne
IEM Cologne Major 2026,2026-06-12,"Boombl4: ""It's the most unexpected season of my career""",https://www.hltv.org/n/44880,betboom,Boombl4,HLTV,Intel Extreme Masters/2026/Cologne
IEM Cologne Major 2026,2026-06-12,"B1ad3 jokes about going 1-1: ""People with 3-0 are not winning Majors. And we don't want to be 3-0""",https://www.hltv.org/n/44881,navi,B1ad3,HLTV,Intel Extreme Masters/2026/Cologne
IEM Cologne Major 2026,2026-06-12,"BIT: ""Somehow, we always make history with Vitality""",https://www.hltv.org/n/44883,9z,BIT,HLTV,Intel Extreme Masters/2026/Cologne
IEM Cologne Major 2026,2026-06-13,"dem0n on Krabeni's frustration: ""The IGL should be like this. He should tell you straight, he cannot be like a pussy, not say anything, and be full chill""",https://www.hltv.org/n/44889,fut,dem0n,HLTV,Intel Extreme Masters/2026/Cologne
IEM Cologne Major 2026,2026-06-13,"MAJ3R: ""Some old aim that I had in 1.6 just came up yesterday""",https://www.hltv.org/n/44890,aurora,MAJ3R,HLTV,Intel Extreme Masters/2026/Cologne
IEM Cologne Major 2026,2026-06-13,"FalleN on third Cologne win: ""No other player has done that yet; it would be a cherry on top for me""",https://www.hltv.org/n/44895,furia,FalleN,HLTV,Intel Extreme Masters/2026/Cologne
IEM Cologne Major 2026,2026-06-14,"kakafu: ""I really hope we can stay together, but we will see what happens""",https://www.hltv.org/n/44901,monte,kakafu,HLTV,Intel Extreme Masters/2026/Cologne
IEM Cologne Major 2026,2026-06-14,"sycrone: ""I'm set on xertioN as an IGL""",https://www.hltv.org/n/44904,mouz,sycrone,HLTV,Intel Extreme Masters/2026/Cologne
IEM Cologne Major 2026,2026-06-14,"woxic: ""The first time for me to play in LANXESS, the feeling is amazing""",https://www.hltv.org/n/44905,aurora,woxic,HLTV,Intel Extreme Masters/2026/Cologne
IEM Cologne Major 2026,2026-06-14,"NiKo: ""We were joking with Finn that maybe we'll repeat FaZe in Budapest. Maybe a different outcome in the final""",https://www.hltv.org/n/44911,falcons,NiKo,HLTV,Intel Extreme Masters/2026/Cologne
IEM Cologne Major 2026,2026-06-15,"ropz: ""I always feel nervous playing a Major""",https://www.hltv.org/n/44906,vit,ropz,HLTV,Intel Extreme Masters/2026/Cologne
IEM Cologne Major 2026,2026-06-15,"dumau: ""We had difficult adversities, but we didn't deal [with it] as a team together""",https://www.hltv.org/n/44909,legacy,dumau,HLTV,Intel Extreme Masters/2026/Cologne
IEM Cologne Major 2026,2026-06-15,"lauNX ominous about FUT's future: ""Many things can happen""",https://www.hltv.org/n/44924,fut,lauNX,HLTV,Intel Extreme Masters/2026/Cologne
IEM Cologne Major 2026,2026-06-15,"meyern: ""I had times I started to believe I had no more time for this, and I was really close to not playing anymore""",https://www.hltv.org/n/44919,9z,meyern,HLTV,Intel Extreme Masters/2026/Cologne
IEM Cologne Major 2026,2026-06-15,"Fierce: ""I had a lot of resistance at the beginning; today, we are on the same page""",https://www.hltv.org/n/44926,betboom,Fierce,HLTV,Intel Extreme Masters/2026/Cologne
IEM Cologne Major 2026,2026-06-15,"HeavyGod: ""We played way, way, way better; I don't think they [would've] deserved this win""",https://www.hltv.org/n/44930,g2,HeavyGod,HLTV,Intel Extreme Masters/2026/Cologne
IEM Cologne Major 2026,2026-06-16,"B1ad3: ""With the kinds of mistakes we did, we don't deserve to be in the top eight""",https://www.hltv.org/n/44929,navi,B1ad3,HLTV,Intel Extreme Masters/2026/Cologne
IEM Cologne Major 2026,2026-06-11,"luchov ""cresce e não se acanha contra times grandes"", diz bit",https://www.dust2.com.br/noticias/74826/luchov-cresce-e-nao-se-acanha-contra-times-grandes-diz-bit,9z,BIT,Dust2.com.br,Intel Extreme Masters/2026/Cologne
IEM Cologne Major 2026,2026-06-11,"Menos oscilante, saadzin vê ""diferença muito grande"" no psicológico",https://www.dust2.com.br/noticias/74832/menos-oscilante-saadzin-ve-diferenca-muito-grande-no-psicologico,legacy,saadzin,Dust2.com.br,Intel Extreme Masters/2026/Cologne
IEM Cologne Major 2026,2026-06-11,"FalleN sobre última Cologne: ""Seria muito mais gostoso sair vitorioso""",https://www.dust2.com.br/noticias/74843/fallen-sobre-ultima-cologne-seria-muito-mais-gostoso-sair-vitorioso,furia,FalleN,Dust2.com.br,Intel Extreme Masters/2026/Cologne
IEM Cologne Major 2026,2026-06-12,"Destaque no Major, yuurih avisa: ""Não posso me importar muito com frag""",https://www.dust2.com.br/noticias/74870/destaque-no-major-yuurih-avisa-nao-posso-me-importar-muito-com-frag,furia,yuurih,Dust2.com.br,Intel Extreme Masters/2026/Cologne
IEM Cologne Major 2026,2026-06-12,"Gripe atrapalha mas não tem correlação com derrotas, diz arT",https://www.dust2.com.br/noticias/74891/gripe-atrapalha-mas-nao-tem-correlacao-com-derrotas-diz-art,legacy,arT,Dust2.com.br,Intel Extreme Masters/2026/Cologne
IEM Cologne Major 2026,2026-06-12,"dgt tenta explicar vitória contra Vitality: ""Estou muito feliz, la puta madre""",https://www.dust2.com.br/noticias/74901/dgt-tenta-explicar-vitoria-contra-vitality-estou-muito-feliz-la-puta-madre,9z,dgt,Dust2.com.br,Intel Extreme Masters/2026/Cologne
IEM Cologne Major 2026,2026-06-13,adr explica motivo de punição no IEM Cologne Major,https://www.dust2.com.br/noticias/74940/adr-explica-motivo-de-punicao-no-iem-cologne-major,legacy,adr,Dust2.com.br,Intel Extreme Masters/2026/Cologne
IEM Cologne Major 2026,2026-06-13,"molodoy: ""O sonho de todos que jogam Counter-Strike é vencer o Major""",https://www.dust2.com.br/noticias/74944/molodoy-o-sonho-de-todos-que-jogam-counter-strike-e-vencer-o-major,furia,molodoy,Dust2.com.br,Intel Extreme Masters/2026/Cologne
IEM Cologne Major 2026,2026-06-14,bit analisa derrota da 9z para Spirit,https://www.dust2.com.br/noticias/74959/bit-analisa-derrota-da-9z-para-spirit,9z,BIT,Dust2.com.br,Intel Extreme Masters/2026/Cologne
IEM Cologne Major 2026,2026-06-14,Novato da MOUZ comenta 1º Major e revela incerteza sobre futuro,https://www.dust2.com.br/noticias/74969/novato-da-mouz-comenta-1-major-e-revela-incerteza-sobre-futuro,mouz,xelex,Dust2.com.br,Intel Extreme Masters/2026/Cologne
IEM Cologne Major 2026,2026-06-14,"arT: ""Precisamos de mais tempo para ter soluções que não sejam band-aids""",https://www.dust2.com.br/noticias/74984/art-precisamos-de-mais-tempo-para-ter-solucoes-que-nao-sejam-band-aids,legacy,arT,Dust2.com.br,Intel Extreme Masters/2026/Cologne
IEM Cologne Major 2026,2026-06-15,"apEX: ""Se jogarmos o nosso máximo, eles não vão nos vencer""",https://www.dust2.com.br/noticias/74983/apex-se-jogarmos-o-nosso-maximo-eles-nao-vao-nos-vencer,vit,apEX,Dust2.com.br,Intel Extreme Masters/2026/Cologne
IEM Cologne Major 2026,2026-06-15,"Um ano após perder Major, luchov comemora playoffs: ""Quando alguém merece e trabalha, vai conseguir""",https://www.dust2.com.br/noticias/75008/um-ano-apos-perder-major-luchov-comemora-playoffs-quando-alguem-merece-e-trabalha-vai-conseguir,9z,luchov,Dust2.com.br,Intel Extreme Masters/2026/Cologne
IEM Cologne Major 2026,2026-06-15,"NAVI não é ""objetivamente um time top 2"", diz B1ad3",https://www.dust2.com.br/noticias/75037/navi-nao-e-objetivamente-um-time-top-2-diz-b1ad3,navi,B1ad3,Dust2.com.br,Intel Extreme Masters/2026/Cologne
IEM Cologne Major 2026,2026-06-11,"dumau diz que ""problema de saúde"" e ""comunicação"" foram determinantes para derrota da Legacy",https://draft5.gg/noticia/dumau-diz-que-problema-de-saude-e-comunicacao-baixa-foram-determinantes-para-derrota-da-legacy,legacy,dumau,DRAFT5,Intel Extreme Masters/2026/Cologne
IEM Cologne Major 2026,2026-06-11,"apEX coloca FURIA entre as principais ameaças à Vitality em Cologne: ""Major muito pegado""",https://draft5.gg/noticia/apex-coloca-furia-entre-as-principais-ameacas-a-vitality-em-cologne-major-muito-pegado,vit,apEX,DRAFT5,Intel Extreme Masters/2026/Cologne
IEM Cologne Major 2026,2026-06-11,"dgt faz pedido inusitado após vitória da 9z no Stage 3 do Major: ""Jogar um pouco mais tarde""",https://draft5.gg/noticia/dgt-faz-pedido-inusitado-apos-vitoria-da-9z-no-stage-3-do-major-jogar-um-pouco-mais-tarde,9z,dgt,DRAFT5,Intel Extreme Masters/2026/Cologne
IEM Cologne Major 2026,2026-06-11,"m0NESY celebra vitória em ""jogo tenso"" e diz: ""Estamos preparados para o Major""",https://draft5.gg/noticia/m0nesy-celebra-vitoria-em-jogo-tenso-e-diz-estamos-preparados-para-o-major,falcons,m0NESY,DRAFT5,Intel Extreme Masters/2026/Cologne
IEM Cologne Major 2026,2026-06-12,"FalleN exalta atuação da FURIA e avalia chance de título no Major: ""É possível, só precisa manter a cabeça no lugar""",https://draft5.gg/noticia/fallen-exalta-atuacao-da-furia-e-avalia-chance-de-titulo-no-major-e-possivel-so-precisa-manter-a-cabeca-no-lugar,furia,FalleN,DRAFT5,Intel Extreme Masters/2026/Cologne
IEM Cologne Major 2026,2026-06-12,"latto é sincero após nova derrota da Legacy: ""Nem entramos para jogar, estamos bem apagados""",https://draft5.gg/noticia/latto-e-sincero-apos-nova-derrota-da-legacy-nem-entramos-para-jogar-estamos-bem-apagados,legacy,latto,DRAFT5,Intel Extreme Masters/2026/Cologne
IEM Cologne Major 2026,2026-06-12,"luchov celebra vitória contra a Vitality e projeta embate com a Spirit: ""Não pensar tanto neles""",https://draft5.gg/noticia/luchov-celebra-vitoria-contra-a-vitality-e-projeta-embate-com-a-spirit-nao-pensar-tanto-neles,9z,luchov,DRAFT5,Intel Extreme Masters/2026/Cologne
IEM Cologne Major 2026,2026-06-13,"arT vibra com vitória da Legacy e explica punição para adr: ""Tentar dar o melhor para lidar com isso""",https://draft5.gg/noticia/art-vibra-com-vitoria-da-legacy-e-explica-punicao-para-adr-tentar-dar-o-melhor-para-lidar-com-isso,legacy,arT,DRAFT5,Intel Extreme Masters/2026/Cologne
IEM Cologne Major 2026,2026-06-13,"yuurih vê FURIA ""diferente"" após mais um 3-0: ""Foi mais tranquilo do que os outros Majors""",https://draft5.gg/noticia/yuurih-ve-furia-diferente-apos-mais-um-3-0-foi-mais-tranquilo-do-que-os-outros-majors,furia,yuurih,DRAFT5,Intel Extreme Masters/2026/Cologne
IEM Cologne Major 2026,2026-06-14,"saadzin diz que nervosismo atrapalhou Legacy: ""Falta essa casca grossa em campeonatos mais importantes""",https://draft5.gg/noticia/saadzin-diz-que-nervosismo-atrapalhou-legacy-falta-essa-casca-grossa-em-campeonatos-mais-importantes,legacy,saadzin,DRAFT5,Intel Extreme Masters/2026/Cologne
IEM Cologne Major 2026,2026-06-14,"mezii reconhece Vitality ""um pouco inconsistente"" no Major e prega: ""Melhorar jogo a jogo""",https://draft5.gg/noticia/mezii-reconhece-vitality-um-pouco-inconsistente-no-major-e-prega-melhorar-jogo-a-jogo,vit,mezii,DRAFT5,Intel Extreme Masters/2026/Cologne
IEM Cologne Major 2026,2026-06-14,"MAJ3R se diz ""muito orgulhoso"" da Aurora e avalia: ""O Major vem trazendo muitas surpresas""",https://draft5.gg/noticia/maj3r-se-diz-muito-orgulhoso-da-aurora-e-avalia-o-major-vem-trazendo-muitas-surpresas,aurora,MAJ3R,DRAFT5,Intel Extreme Masters/2026/Cologne
IEM Cologne Major 2026,2026-06-14,"""Tenho certeza de que consigo jogar em alto nível na função certa"", garante Brollan",https://draft5.gg/noticia/tenho-certeza-de-que-consigo-jogar-em-alto-nivel-na-funcao-certa-garante-brollan,mouz,Brollan,DRAFT5,Intel Extreme Masters/2026/Cologne
IEM Cologne Major 2026,2026-06-15,"""Já vimos underdogs ganharem Major, por que não agora?"", diz BIT após classificação da 9z",https://draft5.gg/noticia/ja-vimos-underdogs-ganharem-major-por-que-nao-agora-diz-bit-apos-classificacao-da-9z,9z,BIT,DRAFT5,Intel Extreme Masters/2026/Cologne
IEM Cologne Major 2026,2026-06-15,"NiKo celebra classificação no Major, mas diz: ""Temos ambições maiores do que apenas os playoffs""",https://draft5.gg/noticia/niko-celebra-classificacao-no-major-mas-diz-temos-ambicoes-maiores-do-que-apenas-os-playoffs,falcons,NiKo,DRAFT5,Intel Extreme Masters/2026/Cologne
IEM Cologne Major 2026,2026-06-16,"SunPayus projeta embate contra a Spirit: ""Podemos competir de igual para igual""",https://draft5.gg/noticia/sunpayus-projeta-embate-contra-a-spirit-podemos-competir-de-igual-para-igual,g2,SunPayus,DRAFT5,Intel Extreme Masters/2026/Cologne
IEM Cologne Major 2026,2026-06-16,"""Estamos aprendendo a melhor maneira para jogarmos e termos constância"", diz analista da 9z",https://draft5.gg/noticia/estamos-aprendendo-a-melhor-maneira-para-jogarmos-e-termos-constancia-diz-analista-da-9z,9z,exp,DRAFT5,Intel Extreme Masters/2026/Cologne
IEM Cologne Major 2026,2026-06-11,"sycrone: ""Brollan fortjener et godt hold, om det så er her eller et andet sted""",https://www.dust2.dk/nyheder/74837/sycrone-brollan-fortjener-et-godt-hold-om-det-saa-er-her-eller-et-andet-sted,mouz,sycrone,Dust2.dk,Intel Extreme Masters/2026/Cologne
IEM Cologne Major 2026,2026-06-12,"AZUWU: ""Mit personlige mål er at nå længere end CYPHER gjorde i Paris""",https://www.dust2.dk/nyheder/74894/azuwu-mit-personlige-maal-er-at-naa-laengere-end-cypher-gjorde-i-paris,monte,AZUWU,Dust2.dk,Intel Extreme Masters/2026/Cologne
IEM Cologne Major 2026,2026-06-12,"FL4MUS efter overraskelse: ""Dette er resultatet af en masse træning og hårdt arbejde""",https://www.dust2.dk/nyheder/74900/fl4mus-efter-overraskelse-dette-er-resultatet-af-en-masse-traening-og-haardt-arbejde,betboom,FL4MUS,Dust2.dk,Intel Extreme Masters/2026/Cologne
IEM Cologne Major 2026,2026-06-13,"Ærlig og lettet lauNX: ""Min rejse tilbage til toppen af Counter-Strike har været hård""",https://www.dust2.dk/nyheder/74924/aerlig-og-lettet-launx-min-rejse-tilbage-til-toppen-af-counter-strike-har-vaeret-haard,fut,lauNX,Dust2.dk,Intel Extreme Masters/2026/Cologne
IEM Cologne Major 2026,2026-06-13,"TeSeS: ""Vi har indført et helt nyt system, især på T-siden""",https://www.dust2.dk/nyheder/74929/teses-vi-har-indfoert-et-helt-nyt-system-isaer-paa-t-siden,falcons,TeSeS,Dust2.dk,Intel Extreme Masters/2026/Cologne
IEM Cologne Major 2026,2026-06-15,"sycrone: ""Vi skal sætte et holdkort sammen, som er det rigtige for fremtiden""",https://www.dust2.dk/nyheder/74978/sycrone-vi-skal-saette-et-holdkort-sammen-som-er-det-rigtige-for-fremtiden,mouz,sycrone,Dust2.dk,Intel Extreme Masters/2026/Cologne
IEM Cologne Major 2026,2026-06-15,"flameZ glæder sig til hviledagene: ""Denne gruppespilsfase har været meget stressende""",https://www.dust2.dk/nyheder/74991/flamez-glaeder-sig-til-hviledagene-denne-gruppespilsfase-har-vaeret-meget-stressende,vit,flameZ,Dust2.dk,Intel Extreme Masters/2026/Cologne
IEM Cologne Major 2026,2026-06-15,"Stolt luchov: ""Det betyder alt for mig""",https://www.dust2.dk/nyheder/75012/stolt-luchov-det-betyder-alt-for-mig,9z,luchov,Dust2.dk,Intel Extreme Masters/2026/Cologne
IEM Cologne Major 2026,2026-06-15,"Boombl4 efter slutspilsplads: ""Jeg er virkelig stolt af holdet""",https://www.dust2.dk/nyheder/75026/boombl4-efter-slutspilsplads-jeg-er-virkelig-stolt-af-holdet,betboom,Boombl4,Dust2.dk,Intel Extreme Masters/2026/Cologne
IEM Cologne Major 2026,2026-06-11,"""We do not fear Jab Jabich"" <nowiki>",https://youtu.be/UQK9LxGtxEk,vit,mezii,TL;DR,Intel Extreme Masters/2026/Cologne
IEM Cologne Major 2026,2026-06-12,"""Brollan deserves a team, here or somewhere else"" <nowiki>",https://youtu.be/-zDO12YGZkA,mouz,sycrone,TL;DR,Intel Extreme Masters/2026/Cologne
IEM Cologne Major 2026,2026-06-13,"""AZUWU would die within days on a desert island"", Interview with Monte's Gizmy",https://youtu.be/YLxYZepJtBk,monte,Gizmy,TL;DR,Intel Extreme Masters/2026/Cologne
IEM Cologne Major 2026,2026-06-14,"""I don't think it went wrong this season"", Interview with MOUZ's Torszi",https://youtu.be/3S9GDHa5_HQ,mouz,torzsi,TL;DR,Intel Extreme Masters/2026/Cologne
IEM Cologne Major 2026,2026-06-14,"""karrigan pulls us all in one direction"", Interview with Falcon's TeSeS",https://youtu.be/BtwGdohUS0g,falcons,TeSeS,TL;DR,Intel Extreme Masters/2026/Cologne
IEM Cologne Major 2026,2026-06-15,"""We're not close to our peak"" <nowiki>",https://youtu.be/U0tHZ03TACc,g2,HeavyGod,TL;DR,Intel Extreme Masters/2026/Cologne
IEM Cologne Major 2026,2026-06-12,5EPlay专访lauNX：冠军固然重要，但我更想享受比赛,https://csgo.5eplay.com/article/260612al9icj,fut,lauNX,5EPlay,Intel Extreme Masters/2026/Cologne
IEM Cologne Major 2026,2026-06-12,5EPlay专访NiKo：备战重点放在修正问题和扩展地图池,https://csgo.5eplay.com/article/2606124nkeau,falcons,NiKo,5EPlay,Intel Extreme Masters/2026/Cologne
IEM Cologne Major 2026,2026-06-12,5EPlay专访molodoy：很高兴能够在中国拥有黑色闪光的昵称,https://csgo.5eplay.com/article/2606127c4gxq,furia,molodoy,5EPlay,Intel Extreme Masters/2026/Cologne
IEM Cologne Major 2026,2026-06-12,5EPlay专访NertZ：FUT的特点在于侵略性，他们就像五只野兽,https://csgo.5eplay.com/article/260612bdv29j,g2,NertZ,5EPlay,Intel Extreme Masters/2026/Cologne
IEM Cologne Major 2026,2026-06-13,5EPlay专访b1t：关键不在于对手是谁，我们更多关注的是自己,https://csgo.5eplay.com/article/26061365bcns,navi,b1t,5EPlay,Intel Extreme Masters/2026/Cologne
IEM Cologne Major 2026,2026-06-13,5EPlay专访FL4MUS：我在替补席没有偷懒，一切源于长期努力,https://csgo.5eplay.com/article/260613z8ogxr,betboom,FL4MUS,5EPlay,Intel Extreme Masters/2026/Cologne
IEM Cologne Major 2026,2026-06-13,5EPlay专访Aleksib：胜局的细节帮助我们下半场实现翻盘,https://csgo.5eplay.com/article/2606139h3wz7,navi,Aleksib,5EPlay,Intel Extreme Masters/2026/Cologne
IEM Cologne Major 2026,2026-06-14,5EPlay专访NiKo：对自己表现不满意，不过关键的是团队胜负,https://csgo.5eplay.com/article/2606146kex5i,falcons,NiKo,5EPlay,Intel Extreme Masters/2026/Cologne
IEM Cologne Major 2026,2026-06-15,5EPlay专访xertioN：不想成为传统指挥，我要创造新的标准,https://csgo.5eplay.com/article/260615y6nkg4,mouz,xertioN,5EPlay,Intel Extreme Masters/2026/Cologne
IEM Cologne Major 2026,2026-06-15,5EPlay专访mezii：这次Spirit很难对付，挺久没和他们交手了,https://csgo.5eplay.com/article/260615k2ujpi,vit,mezii,5EPlay,Intel Extreme Masters/2026/Cologne
IEM Cologne Major 2026,2026-06-15,5EPlay专访Techno：训练不足是失利主因，cobra很接近Senzu,https://csgo.5eplay.com/article/2606154shg9m,mongolz,Techno4K,5EPlay,Intel Extreme Masters/2026/Cologne
IEM Cologne Major 2026,2026-06-16,"donk on playing without a coach: ""When you're losing some rounds that you don't have to, it's becoming hard""",https://www.hltv.org/n/44932,spirit,donk,HLTV,Intel Extreme Masters/2026/Cologne
IEM Cologne Major 2026,2026-06-16,"huNter-: ""Our mindset and mental strength was much stronger than it was ever before""",https://www.hltv.org/n/44935,g2,huNter-,HLTV,Intel Extreme Masters/2026/Cologne
IEM Cologne Major 2026,2026-06-16,"TeSeS on hard side of bracket: ""It's made for the perfect storyline for whoever goes on to win""",https://www.hltv.org/n/44939,falcons,TeSeS,HLTV,Intel Extreme Masters/2026/Cologne
IEM Cologne Major 2026,2026-06-16,"soulfly: ""I know what Boombl4 is capable of""",https://youtu.be/OMsJRI_EvQ0,aurora,soulfly,HLTV,Intel Extreme Masters/2026/Cologne
IEM Cologne Major 2026,2026-06-17,"XTQZZZ: ""Sometimes we have to realize we need to give more because nothing is guaranteed""",https://www.hltv.org/n/44934,vit,XTQZZZ,HLTV,Intel Extreme Masters/2026/Cologne
IEM Cologne Major 2026,2026-06-17,"YEKINDAR: ""Our season has been trash and we are focusing more on regaining our identity [than results]""",https://www.hltv.org/n/44936,furia,YEKINDAR,HLTV,Intel Extreme Masters/2026/Cologne
IEM Cologne Major 2026,2026-06-17,"FL4MUS: ""I'm just happy to play good CS. I was on the bench, and this is the Major playoffs, insane""",https://www.hltv.org/n/44940,betboom,FL4MUS,HLTV,Intel Extreme Masters/2026/Cologne
IEM Cologne Major 2026,2026-06-17,"max: ""Playing against ZywOo or donk, it's like a mental block; we discussed that and it made us a better team today""",https://www.hltv.org/n/44945,9z,max,HLTV,Intel Extreme Masters/2026/Cologne
IEM Cologne Major 2026,2026-06-18,"XANTARES: ""I changed my mousepad, it was a little sticky, and now it feels better for aiming""",https://www.hltv.org/n/44956,aurora,XANTARES,HLTV,Intel Extreme Masters/2026/Cologne
IEM Cologne Major 2026,2026-06-19,"apEX: ""I don't think we ever showed a good face""",https://www.hltv.org/n/44963,vit,apEX,HLTV,Intel Extreme Masters/2026/Cologne
IEM Cologne Major 2026,2026-06-19,"zonic: ""A little part of my Astralis heart was happy we denied a bit of the GOAT conversation""",https://www.hltv.org/n/44964,falcons,zonic,HLTV,Intel Extreme Masters/2026/Cologne
IEM Cologne Major 2026,2026-06-20,"KSCERATO: ""No one remembers second place""",https://www.hltv.org/n/44967,furia,KSCERATO,HLTV,Intel Extreme Masters/2026/Cologne
IEM Cologne Major 2026,2026-06-20,"karrigan: ""Here I am, playing my worst CS ever, and somehow in a Major final""",https://www.hltv.org/n/44970,falcons,karrigan,HLTV,Intel Extreme Masters/2026/Cologne
IEM Cologne Major 2026,2026-06-21,"NiKo: ""It's been 11 years of competing and I started playing 20 years ago, and it was all for this moment""",https://www.hltv.org/n/44975,falcons,NiKo,HLTV,Intel Extreme Masters/2026/Cologne
IEM Cologne Major 2026,2026-06-21,"m0NESY on karrigan: ""The things we are doing, all the rotations, the chaos we are building on the server, this is me, this is who I am""",https://www.hltv.org/n/44976,falcons,m0NESY,HLTV,Intel Extreme Masters/2026/Cologne
IEM Cologne Major 2026,2026-06-16,"YEKINDAR sobre ""chave fácil"" no Major: ""É culpa nossa? Times perderam jogos que não deveriam""",https://www.dust2.com.br/noticias/75054/yekindar-sobre-chave-facil-no-major-e-culpa-nossa-times-perderam-jogos-que-nao-deveriam,furia,YEKINDAR,Dust2.com.br,Intel Extreme Masters/2026/Cologne
IEM Cologne Major 2026,2026-06-17,"donk ainda acredita em top 1 em 2026: ""Eu simplesmente não penso que não posso""",https://www.dust2.com.br/noticias/75048/donk-ainda-acredita-em-top-1-em-2026-eu-simplesmente-nao-penso-que-nao-posso,spirit,donk,Dust2.com.br,Intel Extreme Masters/2026/Cologne
IEM Cologne Major 2026,2026-06-17,"YEKINDAR: ""Algumas pessoas não nasceram para ser IGLs e talvez eu seja uma delas""",https://www.dust2.com.br/noticias/75082/yekindar-algumas-pessoas-nao-nasceram-para-ser-igls-e-talvez-eu-seja-uma-delas,furia,YEKINDAR,Dust2.com.br,Intel Extreme Masters/2026/Cologne
IEM Cologne Major 2026,2026-06-17,"Cria da 9z, HUASOPEEK pede mais academy e quer inspirar chilenos",https://www.dust2.com.br/noticias/75086/cria-da-9z-huasopeek-pede-mais-academy-e-quer-inspirar-chilenos,9z,HUASOPEEK,Dust2.com.br,Intel Extreme Masters/2026/Cologne
IEM Cologne Major 2026,2026-06-18,"kyousuke elogia karrigan: ""Gosto de jogar e de passar tempo com ele""",https://www.dust2.com.br/noticias/75056/kyousuke-elogia-karrigan-gosto-de-jogar-e-de-passar-tempo-com-ele,falcons,kyousuke,Dust2.com.br,Intel Extreme Masters/2026/Cologne
IEM Cologne Major 2026,2026-06-18,"HUASOPEEK projeta 9z contra FURIA: ""Vai ser uma guerra""",https://www.dust2.com.br/noticias/75110/huasopeek-projeta-9z-contra-furia-vai-ser-uma-guerra,9z,HUASOPEEK,Dust2.com.br,Intel Extreme Masters/2026/Cologne
IEM Cologne Major 2026,2026-06-18,"forg1: ""Me sinto parte da 9z porque eles me fazem sentir assim""",https://www.dust2.com.br/noticias/75131/forg1-me-sinto-parte-da-9z-porque-eles-me-fazem-sentir-assim,,forg1,Dust2.com.br,Intel Extreme Masters/2026/Cologne
IEM Cologne Major 2026,2026-06-18,"XANTARES quer enfrentar FURIA na semi: ""Quero jogar contra um time melhor""",https://www.dust2.com.br/noticias/75135/xantares-quer-enfrentar-furia-na-semi-quero-jogar-contra-um-time-melhor,aurora,XANTARES,Dust2.com.br,Intel Extreme Masters/2026/Cologne
IEM Cologne Major 2026,2026-06-18,sidde relata luta da FURIA contra 9z e vê jogo sem favorito na semi,https://www.dust2.com.br/noticias/75148/sidde-relata-luta-da-furia-contra-9z-e-ve-jogo-sem-favorito-na-semi,furia,sidde,Dust2.com.br,Intel Extreme Masters/2026/Cologne
IEM Cologne Major 2026,2026-06-20,zonic explica por que Falcons venceu Vitality,https://www.dust2.com.br/noticias/75199/zonic-explica-por-que-falcons-venceu-vitality,falcons,zonic,Dust2.com.br,Intel Extreme Masters/2026/Cologne
IEM Cologne Major 2026,2026-06-20,"KSCERATO pede FURIA ""no máximo"" na decisão: ""Ninguém lembra do 2º lugar""",https://www.dust2.com.br/noticias/75211/kscerato-pede-furia-no-maximo-na-decisao-ninguem-lembra-do-2-lugar,furia,KSCERATO,Dust2.com.br,Intel Extreme Masters/2026/Cologne
IEM Cologne Major 2026,2026-06-21,"FalleN lamenta vice, mas exalta NiKo: ""É como o Messi vencendo a Copa do Mundo""",https://www.dust2.com.br/noticias/75260/fallen-lamenta-vice-mas-exalta-niko-e-como-o-messi-vencendo-a-copa-do-mundo,furia,FalleN,Dust2.com.br,Intel Extreme Masters/2026/Cologne
IEM Cologne Major 2026,2026-06-21,"NiKo: ""Tudo o que eu fiz na minha vida foi por esse troféu""",https://www.dust2.com.br/noticias/75262/niko-tudo-o-que-eu-fiz-na-minha-vida-foi-por-esse-trofeu,falcons,NiKo,Dust2.com.br,Intel Extreme Masters/2026/Cologne
IEM Cologne Major 2026,2026-06-17,"FURIA-træner før slutspillet i Köln: ""Vitality er de eneste rumvæsener i Counter-Strike""",https://www.dust2.dk/nyheder/75108/furia-traener-foer-slutspillet-i-koln-vitality-er-de-eneste-rumvaesener-i-counter-strike,furia,sidde,Dust2.dk,Intel Extreme Masters/2026/Cologne
IEM Cologne Major 2026,2026-06-18,"tN1R: ""Vi føler, vi er et bedre hold end Vitality""",https://www.dust2.dk/nyheder/75119/tn1r-vi-foeler-vi-er-et-bedre-hold-end-vitality,spirit,tN1R,Dust2.dk,Intel Extreme Masters/2026/Cologne
IEM Cologne Major 2026,2026-06-18,Lejesvenden FL4MUS tager kvartfinalenederlag med oprejst pande,https://www.dust2.dk/nyheder/75136/lejesvenden-fl4mus-tager-kvartfinalenederlag-med-oprejst-pande,betboom,FL4MUS,Dust2.dk,Intel Extreme Masters/2026/Cologne
IEM Cologne Major 2026,2026-06-19,"Selvtilliden fejler intet hos MATYS og G2: ""Vi kan slå hvem som helst""",https://www.dust2.dk/nyheder/75142/selvtilliden-fejler-intet-hos-matys-og-g2-vi-kan-slaa-hvem-som-helst,g2,matys,Dust2.dk,Intel Extreme Masters/2026/Cologne
IEM Cologne Major 2026,2026-06-19,"apEX: ""Det er okay at føle pres, det er bare en del af livet""",https://www.dust2.dk/nyheder/75156/apex-det-er-okay-at-foele-pres-det-er-bare-en-del-af-livet,vit,apEX,Dust2.dk,Intel Extreme Masters/2026/Cologne
IEM Cologne Major 2026,2026-06-19,"zonic: ""Jeg er ligeglad med, hvordan vi vinder, så længe vi vinder""",https://www.dust2.dk/nyheder/75157/zonic-jeg-er-ligeglad-med-hvordan-vi-vinder-saa-laenge-vi-vinder,falcons,zonic,Dust2.dk,Intel Extreme Masters/2026/Cologne
IEM Cologne Major 2026,2026-06-20,"zonic efter kvartfinaledrama: ""Det kunne have gået begge veje""",https://www.dust2.dk/nyheder/75193/zonic-efter-kvartfinaledrama-det-kunne-have-gaaet-begge-veje,falcons,zonic,Dust2.dk,Intel Extreme Masters/2026/Cologne
IEM Cologne Major 2026,2026-06-20,"FalleN om mulig finalemodstander: ""Vi spiser, hvad end der bliver serveret""",https://www.dust2.dk/nyheder/75215/fallen-om-mulig-finalemodstander-vi-spiser-hvad-end-der-bliver-serveret,furia,FalleN,Dust2.dk,Intel Extreme Masters/2026/Cologne
IEM Cologne Major 2026,2026-06-21,"TeSeS før majorfinalen: ""Der skal gives fuld gas, og jeg glæder mig vanvittigt meget""",https://www.dust2.dk/nyheder/75229/teses-foer-majorfinalen-der-skal-gives-fuld-gas-og-jeg-glaeder-mig-vanvittigt-meget,falcons,TeSeS,Dust2.dk,Intel Extreme Masters/2026/Cologne
IEM Cologne Major 2026,2026-06-22,"Rekord-zonic bekræfter træthedstegn: ""Nu må vi se, hvad der skal ske""",https://www.dust2.dk/nyheder/75267/rekord-zonic-bekraefter-traethedstegn-nu-maa-vi-se-hvad-der-skal-ske,falcons,zonic,Dust2.dk,Intel Extreme Masters/2026/Cologne
IEM Cologne Major 2026,2026-06-18,"""Eu gostaria de enfrentar a FURIA"", diz XANTARES após classificação às semifinais do Major",https://draft5.gg/noticia/eu-gostaria-de-enfrentar-a-furia-diz-xantares-apos-classificacao-as-semifinais-do-major,aurora,XANTARES,DRAFT5,Intel Extreme Masters/2026/Cologne
IEM Cologne Major 2026,2026-06-19,"FalleN elogia 9z e projeta semifinal contra Aurora: ""Escolher se vamos deixar Anubis aberta ou não""",https://draft5.gg/noticia/fallen-elogia-9z-e-projeta-semifinal-contra-aurora-escolher-se-vamos-deixar-anubis-aberta-ou-nao,furia,FalleN,DRAFT5,Intel Extreme Masters/2026/Cologne
IEM Cologne Major 2026,2026-06-19,"HUASOPEEK vê futuro brilhante para 9z: ""Demos conta de que podemos chegar na final de torneios Tier-S""",https://draft5.gg/noticia/huasopeek-ve-futuro-brilhante-para-9z-nos-demos-conta-de-que-podemos-chegar-na-final-de-torneios-tier-s,9z,HUASOPEEK,DRAFT5,Intel Extreme Masters/2026/Cologne
IEM Cologne Major 2026,2026-06-20,"sidde: ""A FURIA que entrou no servidor hoje foi uma das melhores que já vi""",https://draft5.gg/noticia/sidde-a-furia-que-entrou-no-servidor-hoje-foi-uma-das-melhores-que-ja-vi,furia,sidde,DRAFT5,Intel Extreme Masters/2026/Cologne
IEM Cologne Major 2026,2026-06-20,"flameZ avalia derrota para Falcons: ""Não jogamos tão bem individualmente""",https://draft5.gg/noticia/flamez-avalia-derrota-para-falcons-nao-jogamos-tao-bem-individualmente,vit,flameZ,DRAFT5,Intel Extreme Masters/2026/Cologne
IEM Cologne Major 2026,2026-06-20,"zonic prevê ""jogo pegado"" contra a FURIA e prega: ""Quero ver um time disposto a jogar amanhã""",https://draft5.gg/noticia/zonic-preve-jogo-pegado-contra-a-furia-e-prega-quero-ver-um-time-disposto-a-jogar-amanha,falcons,zonic,DRAFT5,Intel Extreme Masters/2026/Cologne
IEM Cologne Major 2026,2026-06-21,"FalleN reconhece superioridade da Falcons e exalta NiKo: ""É como o Messi sem a Copa do Mundo""",https://draft5.gg/noticia/fallen-reconhece-superioridade-da-falcons-e-exalta-niko-e-como-o-messi-sem-a-copa-do-mundo,furia,FalleN,DRAFT5,Intel Extreme Masters/2026/Cologne
IEM Cologne Major 2026,2026-06-21,"NiKo fala em ""enorme alívio"" e rasga elogios a karrigan: ""Mostramos porque o trouxemos""",https://draft5.gg/noticia/niko-fala-em-enorme-alivio-e-rasga-elogios-a-karrigan-mostramos-porque-o-trouxemos,falcons,NiKo,DRAFT5,Intel Extreme Masters/2026/Cologne
IEM Cologne Major 2026,2026-06-19,woxic: 我们的核子危机确实打的不是很好 但是我们有充分的时间去查漏补缺,https://www.bilibili.com/opus/1215555815861125141,aurora,woxic,Perfect World,Intel Extreme Masters/2026/Cologne
IEM Cologne Major 2026,2026-06-19,FalleN: 我们太喜欢打死亡游乐园了,https://www.bilibili.com/opus/1215672050548473861,furia,FalleN,Perfect World,Intel Extreme Masters/2026/Cologne
IEM Cologne Major 2026,2026-06-21,KSCERATO sidde: 队伍在过去的4个月里成长了很多 我们无论如何都会做好准备,https://www.bilibili.com/opus/1216796610485288964,furia,KSCERATO,Perfect World,Intel Extreme Masters/2026/Cologne
IEM Cologne Major 2026,2026-06-21,m0NESY: 我认为karrigan真的带来了很大的不同,https://www.bilibili.com/opus/1217428765242556422,falcons,m0NESY,Perfect World,Intel Extreme Masters/2026/Cologne
IEM Cologne Major 2026,2026-06-22,karrigan: 图三末尾 我突然感觉此时此刻好像昔日面对Cloud9时的15-11,https://www.bilibili.com/opus/1217431698687393831,falcons,karrigan,Perfect World,Intel Extreme Masters/2026/Cologne
IEM Cologne Major 2026,2026-06-17,"""We need to be at 100% to win the Major"" <nowiki>",https://youtu.be/ZOVQ1aafGKE,g2,huNter-,TL;DR,Intel Extreme Masters/2026/Cologne
IEM Cologne Major 2026,2026-06-18,"""FalleN retiring was expected"" <nowiki>",https://youtu.be/nO-ykX5JRCo,furia,KSCERATO,TL;DR,Intel Extreme Masters/2026/Cologne
IEM Cologne Major 2026,2026-06-18,"""Kyousuke should get even better than he is"" <nowiki>",https://youtu.be/zgRX9T_wmEE,falcons,NiKo,TL;DR,Intel Extreme Masters/2026/Cologne
IEM Cologne Major 2026,2026-06-19,"""Falcons are getting better with karrigan"" <nowiki>",https://youtu.be/WZAX0jFMxh0,vit,apEX,TL;DR,Intel Extreme Masters/2026/Cologne
IEM Cologne Major 2026,2026-06-23,"""NiKo and I talked when I signed to Vitality"" <nowiki>",https://youtu.be/wFwHkdkdmCc,falcons,zonic,TL;DR,Intel Extreme Masters/2026/Cologne
IEM Cologne Major 2026,2026-06-16,MAJ3R on reaching the IEM Cologne Major playoffs at 35: I think I am like a red wine,https://pley.gg/cs2/maj3r-on-reaching-the-iem-cologne-major-playoffs-at-35-i-think-i-am-like-a-red-wine/,aurora,MAJ3R,Pley.gg,Intel Extreme Masters/2026/Cologne
IEM Cologne Major 2026,2026-06-16,donk explains Spirit’s resurrection: “The main thing was to build a new structure”,https://pley.gg/cs2/donk-explains-spirits-resurrection-the-main-thing-was-to-build-a-new-structure/,spirit,donk,Pley.gg,Intel Extreme Masters/2026/Cologne
IEM Cologne Major 2026,2026-06-16,matys: “HeavyGod is the best anchor in the world”,https://pley.gg/cs2/matys-heavygod-is-the-best-anchor-in-the-world/,g2,matys,Pley.gg,Intel Extreme Masters/2026/Cologne
IEM Cologne Major 2026,2026-06-17,“A rifle of this capacities in our region doesn’t really show often”: FalleN praises luchov ahead of quarter-final clash,https://pley.gg/cs2/a-rifle-of-this-capacities-in-our-region-doesnt-really-show-often-fallen-praises-luchov-ahead-of-quarter-final-clash/,furia,FalleN,Pley.gg,Intel Extreme Masters/2026/Cologne
IEM Cologne Major 2026,2026-06-17,“I want to continue playing with the guys”: zorte on his BetBoom future,https://pley.gg/cs2/i-want-to-continue-playing-with-the-guys-zorte-on-his-betbooms-future/,betboom,zorte,Pley.gg,Intel Extreme Masters/2026/Cologne
IEM Cologne Major 2026,2026-06-17,“We are living a dream together and we want more” says meyern as 9z prepares for the Lanxess Arena,https://pley.gg/cs2/we-are-living-a-dream-together-and-we-want-more-says-meyern-as-9z-prepares-for-the-lanxess-arena/,9z,meyern,Pley.gg,Intel Extreme Masters/2026/Cologne
IEM Cologne Major 2026,2026-06-17,“It was easy for us to break mentally”: Wicadia outlines Aurora’s growth before Cologne playoffs,https://pley.gg/cs2/it-was-easy-for-us-to-break-mentally-wicadia-outlines-auroras-growth-before-cologne-playoffs/,aurora,Wicadia,Pley.gg,Intel Extreme Masters/2026/Cologne
IEM Cologne Major 2026,2026-06-18,zonic defends karrigan impact following Falcons playoff qualification: “Definitely something that we needed”,https://pley.gg/zonic-defends-karrigan-impact-following-falcons-playoff-qualification-definitely-something-that-we-needed/,falcons,zonic,Pley.gg,Intel Extreme Masters/2026/Cologne
IEM Cologne Major 2026,2026-06-18,ropz before playoffs in Cologne: “It is the only trophy I have not won twice”,https://pley.gg/cs2/ropz-before-playoffs-in-cologne-it-is-the-only-trophy-i-have-not-won-twice/,vit,ropz,Pley.gg,Intel Extreme Masters/2026/Cologne
IEM Cologne Major 2026,2026-06-18,“I think we can win”: XANTARES aims for the Major trophy in Cologne,https://pley.gg/cs2/i-think-we-can-win-xantares-aims-for-the-major-trophy-in-cologne/,aurora,XANTARES,Pley.gg,Intel Extreme Masters/2026/Cologne
IEM Cologne Major 2026,2026-06-18,Boombl4 laughs about 0-15 start on Anubis: “It was really funny”,https://pley.gg/cs2/boombl4-laughs-about-0-15-start-on-anubis-it-was-really-funny/,betboom,Boombl4,Pley.gg,Intel Extreme Masters/2026/Cologne
IEM Cologne Major 2026,2026-06-18,“I know we will come back stronger”: Meyern reflects on the quarter-final exit at IEM Cologne,https://pley.gg/cs2/i-know-we-will-come-back-stronger-meyern-reflects-on-the-quarter-final-exit-at-iem-cologne/,9z,meyern,Pley.gg,Intel Extreme Masters/2026/Cologne
IEM Cologne Major 2026,2026-06-18,FURIA coach on Molodoy: He needs to figure out his emotions during the game,https://pley.gg/cs2/furia-coach-on-molodoy-he-needs-to-figure-out-his-emotions-during-the-game/,furia,sidde,Pley.gg,Intel Extreme Masters/2026/Cologne
IEM Cologne Major 2026,2026-06-19,yuurih on facing Aurora: It is really tough to play against them,https://pley.gg/cs2/yuurih-on-facing-aurora-it-is-really-tough-to-play-against-them/,furia,yuurih,Pley.gg,Intel Extreme Masters/2026/Cologne
IEM Cologne Major 2026,2026-06-20,"flameZ on Falcons loss: “Individually, the headshots were a bit missing”",https://pley.gg/cs2/flamez-on-falcons-loss-individually-the-headshots-were-a-bit-missing/,vit,flameZ,Pley.gg,Intel Extreme Masters/2026/Cologne
IEM Cologne Major 2026,2026-06-20,“Job not finished”: YEKINDAR speaks on FURIA reaching the IEM Cologne grand final,https://pley.gg/cs2/job-not-finished-yekindar-speaks-on-furia-reaching-the-iem-cologne-grand-final/,furia,YEKINDAR,Pley.gg,Intel Extreme Masters/2026/Cologne
IEM Cologne Major 2026,2026-06-20,“He is a natural”: FalleN praises yuurih ahead of the IEM Cologne Grand Final,https://pley.gg/cs2/he-is-a-natural-fallen-praises-yuurih-ahead-of-the-iem-cologne-grand-final/,furia,yuurih,Pley.gg,Intel Extreme Masters/2026/Cologne
IEM Cologne Major 2026,2026-06-20,“Daring to make moves”: zonic on reaching his sixth Major final with Team Falcons,https://pley.gg/cs2/daring-to-make-moves-zonic-on-reaching-his-sixth-major-final-with-team-falcons/,falcons,zonic,Pley.gg,Intel Extreme Masters/2026/Cologne
IEM Cologne Major 2026,2026-06-21,karrigan after Cologne Major win: Imagine if I get 10-15% better!,https://pley.gg/cs2/karrigan-after-cologne-major-win-imagine-if-i-get-10-15-better/,falcons,karrigan,Pley.gg,Intel Extreme Masters/2026/Cologne
IEM Cologne Major 2026,2026-06-21,"“I’m proud, but I’m not happy at all”: KSCERATO reflects on FURIA loss to Team Falcons",https://pley.gg/cs2/im-proud-but-im-not-happy-at-all-kscerato-reflects-on-furia-loss-to-team-falcons/,furia,KSCERATO,Pley.gg,Intel Extreme Masters/2026/Cologne
IEM Cologne Major 2026,2026-06-21,FURIA coach: “How big it is to play a Major final might have affected us”,https://pley.gg/cs2/furia-coach-how-big-it-is-to-play-a-major-final-might-have-affected-us/,furia,sidde,Pley.gg,Intel Extreme Masters/2026/Cologne
IEM Cologne Major 2026,2026-06-22,Astralis to appoint first international head coach following Cologne Major exit,https://pley.gg/cs2/astralis-to-appoint-first-international-head-coach-following-cologne-major-exit/,astralis,calc,Pley.gg,Intel Extreme Masters/2026/Cologne
IEM Cologne Major 2026,2026-06-24,Vitality CEO on apEX: “He is our captain and our backbone”,https://pley.gg/cs2/vitality-ceo-on-apex-he-is-our-captain-and-our-backbone/,vit,Neo (French person),Pley.gg,Intel Extreme Masters/2026/Cologne
IEM Cologne Major 2026,2026-06-16,"Wicadia on Aurora roster rumors: “Let’s give everything and fight. After, we will see what happens.”",https://www.hotspawn.com/news/wicadia-iem-cologne-major-2026-interview,aurora,Wicadia,Hotspawn,Intel Extreme Masters/2026/Cologne
IEM Cologne Major 2026,2026-06-16,magixx on playing without a coach: “Sometimes it’s kind of difficult to stay focused”,https://www.hotspawn.com/news/magixx-iem-cologne-major-2026-interview,spirit,magixx,Hotspawn,Intel Extreme Masters/2026/Cologne
IEM Cologne Major 2026,2026-06-16,"mezii: “I think at Majors, sometimes you don’t see the best level of Counter-Strike because of that pressure”",https://www.hotspawn.com/news/mezii-iem-cologne-major-2026-interview,vit,mezii,Hotspawn,Intel Extreme Masters/2026/Cologne
IEM Cologne Major 2026,2026-06-16,"HeavyGod on stacked Cologne Major bracket: “If you deserve to win, you will win no matter who”",https://www.hotspawn.com/news/heavygod-iem-cologne-major-2026-interview,g2,HeavyGod,Hotspawn,Intel Extreme Masters/2026/Cologne
IEM Cologne Major 2026,2026-06-16,max: “We are going to three overtimes against the best team in the world. That says we are doing really good things”,https://www.hotspawn.com/news/max-iem-cologne-major-2026-interview,9z,max,Hotspawn,Intel Extreme Masters/2026/Cologne
IEM Cologne Major 2026,2026-06-16,"FalleN on FURIA adjustments: “The tempo got a little bit figured out, so we had to tweak some things”",https://www.hotspawn.com/news/fallen-iem-cologne-major-2026-interview,furia,FalleN,Hotspawn,Intel Extreme Masters/2026/Cologne
IEM Cologne Major 2026,2026-06-16,"Boombl4: “For me, Counter-Strike is everything and I’m 27… I don’t know how much I will play more”",https://www.hotspawn.com/news/boombl4-iem-cologne-major-2026-interview,betboom,Boombl4,Hotspawn,Intel Extreme Masters/2026/Cologne
IEM Cologne Major 2026,2026-06-20,STYKO: “It’s clear as day that the level between Tier 1 and Tier 2 teams is just ever so slowly diminishing”,https://www.hotspawn.com/news/styko-iem-cologne-major-2026-interview,,STYKO,Hotspawn,Intel Extreme Masters/2026/Cologne
IEM Cologne Major 2026,2026-06-16,"MAJ3R interview: ""On T-side, the meta now is everyone playing the same way""",https://rdy.gg/en/cs2/news/iem-cologne-major-interview-maje3r-aurora,aurora,MAJ3R,rdy.gg,Intel Extreme Masters/2026/Cologne
IEM Cologne Major 2026,2026-06-16,"XTQZZZ interview: “We won two Majors in a row, but I don't think we brought our A-game more than 50% of the time”",https://rdy.gg/en/cs2/news/xtqzzz-interview-iem-cologne-major,vit,XTQZZZ,rdy.gg,Intel Extreme Masters/2026/Cologne
IEM Cologne Major 2026,2026-06-17,Meyern on the matchup with FURIA: “It's an immortal match”,https://rdy.gg/en/cs2/news/meyern-interview-iem-cologne-major,9z,meyern,rdy.gg,Intel Extreme Masters/2026/Cologne
IEM Cologne Major 2026,2026-06-17,"molodoy interview: “Maybe it's very important for Fallen to win this Major, but we are not overthinking it”",https://rdy.gg/en/cs2/news/molodoy-interview-iem-cologne-major,furia,molodoy,rdy.gg,Intel Extreme Masters/2026/Cologne
IEM Cologne Major 2026,2026-06-17,sAw on coaching ruling: “It should be consistent in all tournaments”,https://rdy.gg/en/cs2/news/saw-g2-interview-iem-cologne-major,g2,sAw,rdy.gg,Intel Extreme Masters/2026/Cologne
IEM Cologne Major 2026,2026-06-18,"Magnojez interview: ""We need to show our A-game""",https://rdy.gg/en/cs2/news/magnojez-interview-iem-cologne-major,betboom,Magnojez,rdy.gg,Intel Extreme Masters/2026/Cologne
IEM Cologne Major 2026,2026-06-18,Wicadia on his Nuke deagle at IEM Cologne: “Every single bullet connected”,https://rdy.gg/en/cs2/news/wicadia-interview-iem-cologne,aurora,Wicadia,rdy.gg,Intel Extreme Masters/2026/Cologne
IEM Cologne Major 2026,2026-06-19,Sidde interview: Their [9z] game plan was amazing,https://rdy.gg/en/cs2/news/siddde-interview-iem-cologne,furia,sidde,rdy.gg,Intel Extreme Masters/2026/Cologne
IEM Cologne Major 2026,2026-06-20,"mezii interview: ""We can't be losing to some USPs""",https://rdy.gg/en/cs2/news/mezii-we-cannot-be-losing-to-usps,vit,mezii,rdy.gg,Intel Extreme Masters/2026/Cologne
IEM Cologne Major 2026,2026-06-20,KSCERATO interview: “Job is not done”,https://rdy.gg/en/cs2/news/kscerato-furia-iem-cologne-interview,furia,KSCERATO,rdy.gg,Intel Extreme Masters/2026/Cologne
IEM Cologne Major 2026,2026-06-20,"zonic on Anubis success: ""We have barely lost any practice matches on that map""",https://rdy.gg/en/cs2/news/zonic-interview-iem-cologne-major,falcons,zonic,rdy.gg,Intel Extreme Masters/2026/Cologne
IEM Cologne Major 2026,2026-06-21,TeSeS winner’s interview: “It's the most legit run you will ever see”,https://rdy.gg/en/cs2/news/falcons-teses-winners-interview-iem-cologne-major,falcons,TeSeS,rdy.gg,Intel Extreme Masters/2026/Cologne
IEM Cologne Major 2026,2026-06-16,“I just don’t give a f**k about anything” – w0xic on Aurora Roster Rumors,https://insider-gaming.com/w0xic-iem-cologne-2026-major-interview/,aurora,w0xic,Insider Gaming,Intel Extreme Masters/2026/Cologne
IEM Cologne Major 2026,2026-06-16,“It’s more like Vitality against Spirit than ZywOo against donk” – donk on Potential IEM Cologne Semi,https://insider-gaming.com/donk-iem-cologne-2026-major-interview/,spirit,donk,Insider Gaming,Intel Extreme Masters/2026/Cologne
IEM Cologne Major 2026,2026-06-17,"“You’re never perfect, but chasing perfection is key” – apEX on Vitality Leadership and Mentality",https://insider-gaming.com/apex-iem-cologne-2026-major-interview/,vit,apEX,Insider Gaming,Intel Extreme Masters/2026/Cologne
IEM Cologne Major 2026,2026-06-17,“We believe that he can be the difference-maker for us” – NiKo on playing with karrigan in the Lanxess,https://insider-gaming.com/niko-iem-cologne-2026-major-interview/,falcons,NiKo,Insider Gaming,Intel Extreme Masters/2026/Cologne
IEM Cologne Major 2026,2026-06-18,"“I thought there were different voices, too many voices in the team” – NertZ on Liquid",https://insider-gaming.com/nertz-iem-cologne-2026-major-interview/,g2,NertZ,Insider Gaming,Intel Extreme Masters/2026/Cologne
IEM Cologne Major 2026,2026-06-18,"“If they see I have pressure, they will be pressured too.” – Boombl4 on Leading BetBoom to the IEM Cologne Major Playoffs",https://insider-gaming.com/boombl4-iem-cologne-2026-major-interview/,betboom,Boombl4,Insider Gaming,Intel Extreme Masters/2026/Cologne
IEM Cologne Major 2026,2026-06-18,“I don’t have pressure” – molodoy on FURIA form,https://insider-gaming.com/molodoy-iem-cologne-2026-major-interview/,furia,molodoy,Insider Gaming,Intel Extreme Masters/2026/Cologne
IEM Cologne Major 2026,2026-06-19,"“On Dust 2, I had a feeling like, ‘bro, every major playoffs we are struggling'” – FURIA’s yuurih on Overcoming Doubt to Beat 9z",https://insider-gaming.com/yuurih-furia-iem-cologne-2026-major-interview/,furia,yuurih,Insider Gaming,Intel Extreme Masters/2026/Cologne
IEM Cologne Major 2026,2026-06-20,“I saw in their eyes that everybody was ready to play today” – YEKINDAR on FURIA IEM Cologne 2026 Major Semi-Final victory,https://insider-gaming.com/yekindar-iem-cologne-2026-major-interview/,furia,YEKINDAR,Insider Gaming,Intel Extreme Masters/2026/Cologne
IEM Cologne Major 2026,2026-06-21,"“There was a lot of pain, but today it feels like it was all worth it” – NiKo reflects on IEM Cologne 2026 Major Triumph",https://insider-gaming.com/niko-iem-cologne-2026-major-winners-interview/,falcons,NiKo,Insider Gaming,Intel Extreme Masters/2026/Cologne
IEM Cologne Major 2026,2026-06-17,"Interview with yuurih ahead of the IEM Cologne 2026 playoffs: on FURIA's bracket, preparation for 9z, and FalleN's future",https://players.com.ua/en/news/interview-with-yuurih-ahead-of-the-iem-cologne-2026-playoffs-on-furia-s-bracket-preparation-for-9z-and-fallen-s-future/,furia,yuurih,Players,Intel Extreme Masters/2026/Cologne
IEM Cologne Major 2026,2026-06-17,9z's Luchov on Preparing for FURIA and Believing in a Major Victory,https://players.com.ua/en/news/9z-s-luchov-on-preparing-for-furia-and-believing-in-a-major-victory/,9z,luchov,Players,Intel Extreme Masters/2026/Cologne
IEM Cologne Major 2026,2026-06-17,"ZywOo on the loss against 9z: ""It was a good slap in the face for us – we realized we needed to wake up""",https://players.com.ua/en/news/zywoo-on-the-loss-against-9z-it-was-a-good-slap-in-the-face-for-us-we-realized-we-needed-to-wake-up/,vit,ZywOo,Players,Intel Extreme Masters/2026/Cologne
IEM Cologne Major 2026,2026-06-18,TeSeS: «I think everyone can see glimpses of world-class Counter-Strike in our play»,https://players.com.ua/en/news/teses-i-think-everyone-can-see-glimpses-of-world-class-counter-strike-in-our-play/,falcons,TeSeS,Players,Intel Extreme Masters/2026/Cologne
IEM Cologne Major 2026,2026-06-18,"NertZ on the IEM Cologne Major playoffs: ""But I think these playoffs are, first and foremost, about handling pressure""",https://players.com.ua/en/news/nertz-on-the-iem-cologne-major-playoffs-but-i-think-these-playoffs-are-first-and-foremost-about-handling-pressure/,g2,NertZ,Players,Intel Extreme Masters/2026/Cologne
IEM Cologne Major 2026,2026-06-19,FURIA Coach Sidde: «We are going to go as far as our game can take us»,https://players.com.ua/en/news/furia-coach-sidde-we-are-going-to-go-as-far-as-our-game-can-take-us/,furia,sidde,Players,Intel Extreme Masters/2026/Cologne
IEM Cologne Major 2026,2026-06-20,"zonic after reaching the IEM Cologne 2026 final: ""The job is not done""",https://players.com.ua/en/news/zonic-after-reaching-the-iem-cologne-2026-final-the-job-is-not-done/,falcons,zonic,Players,Intel Extreme Masters/2026/Cologne
IEM Cologne Major 2026,2026-06-16,"MAJ3R (Aurora): ""We have everything we need to get a good result""",https://youtu.be/mnRLs6Wlg9o,aurora,MAJ3R,aAa Gaming,Intel Extreme Masters/2026/Cologne
IEM Cologne Major 2026,2026-06-17,FalleN (FURIA): “The favorite status can become a problem”,https://youtu.be/17HaXAfFLUc,furia,FalleN,aAa Gaming,Intel Extreme Masters/2026/Cologne
IEM Cologne Major 2026,2026-06-17,flameZ (Vitality): “We Haven’t Beaten Falcons This Year”,https://youtu.be/m81drdS2b8A,vit,flameZ,aAa Gaming,Intel Extreme Masters/2026/Cologne
IEM Cologne Major 2026,2026-06-18,"Zonic (Falcons): ""Cologne is the only thing I haven't won""",https://youtu.be/35sRl6_--x0,falcons,zonic,aAa Gaming,Intel Extreme Masters/2026/Cologne
IEM Cologne Major 2026,2026-06-20,Les mots d'apEX après l'élimination de Vitality à l'IEM Cologne Major 2026 !,https://youtu.be/V9WvMaefCA4,vit,apEX,aAa Gaming,Intel Extreme Masters/2026/Cologne
IEM Cologne Major 2026,2026-06-22,"m0NESY (Falcons): ""I think we had one of the hardest runs in history""",https://youtu.be/PSC6LprkEIw,falcons,m0NESY,aAa Gaming,Intel Extreme Masters/2026/Cologne
IEM Cologne Major 2026,2026-06-22,xKacpersky : « Pas du tout satisfait de notre début de saison »,https://www.team-aaa.com/fr/actualite/xkacpersky-interview-au-major-de-cologne_136418,,xKacpersky,aAa Gaming,Intel Extreme Masters/2026/Cologne
IEM Cologne Major 2026,2026-06-22,M80 s1n : « J’ai eu une intoxication alimentaire lors du Stage 2 »,https://www.team-aaa.com/fr/actualite/s1n-interview-major-de-cologne_136419,m80,s1n,aAa Gaming,Intel Extreme Masters/2026/Cologne
IEM Cologne Major 2026,2026-06-18,"MAJ3R ""Je suis comme du vin rouge : plus âgé, meilleur c'est.""",https://lasource.gg/news/maj3r-je-suis-comme-du-vin-rouge-plus-age-meilleur-c-est,aurora,MAJ3R,La Source,Intel Extreme Masters/2026/Cologne
IEM Cologne Major 2026,2026-06-20,"Neo : ""Aujourd'hui on a la gueule de bois et celle-là, elle fait mal""",https://lasource.gg/news/neo-aujourd-hui-on-a-la-gueule-de-bois-et-celle-la-elle-fait-mal,vit,Neo (French person),La Source,Intel Extreme Masters/2026/Cologne
IEM Cologne Major 2026,2026-06-21,"Katkame : ""J’étais très surpris et très heureux que Vitality s’intéresse à mon profil""",https://lasource.gg/news/katkame-j-etais-tres-surpris-et-tres-heureux-que-vitality-s-interesse-a-mon-prof,,Katkame,La Source,Intel Extreme Masters/2026/Cologne
IEM Cologne Major 2026,2026-06-21,"Aymeinstein : ""On a été incassable, c'est notre mental qui nous a différenciés""",https://lasource.gg/news/aymeinstein-on-a-ete-incassable-c-est-notre-mental-qui-nous-a-differencies-1,falcons,Aymeinstein,La Source,Intel Extreme Masters/2026/Cologne
IEM Cologne Major 2026,2026-06-22,"m0NESY : ""On a écrit l'histoire aujourd'hui""",https://lasource.gg/news/m0nesy-on-a-ecrit-l-histoire-aujourd-hui,falcons,m0NESY,La Source,Intel Extreme Masters/2026/Cologne
IEM Cologne Major 2026,2026-06-18,"Boombl4: ""It's important for the young players to have this new experience""",https://dfrag.gg/counterstrike/news/boombl4-its-important-for-the-young-players-to-have-this-new-experience/,betboom,Boombl4,DFRAG,Intel Extreme Masters/2026/Cologne
IEM Cologne Major 2026,2026-06-19,"XANTARES: ""We've made playoffs at other events, but this feels amazing""",https://dfrag.gg/counterstrike/news/xantares-weve-made-playoffs-at-other-events/,aurora,XANTARES,DFRAG,Intel Extreme Masters/2026/Cologne
IEM Cologne Major 2026,2026-06-19,"meyern: ""This is the most important experience any team can have""",https://dfrag.gg/counterstrike/news/meyern-this-is-the-most-important-experience-any-team-can-have/,9z,meyern,DFRAG,Intel Extreme Masters/2026/Cologne
IEM Cologne Major 2026,2026-06-19,"KSCERATO: ""We f**ked up some things, on Dust 2 we got humiliated""",https://dfrag.gg/counterstrike/news/kscerato-we-f-ked-up-some-things-on-dust-2-we-got-humiliated/,furia,KSCERATO,DFRAG,Intel Extreme Masters/2026/Cologne
IEM Cologne Major 2026,2026-06-21,"Wicadia @ IEM Cologne Major: ""We didn't play our A-game""",https://www.youtube.com/shorts/Y7TVEKoju7c,aurora,Wicadia,DFRAG,Intel Extreme Masters/2026/Cologne
IEM Cologne Major 2026,2026-06-21,Why SPUNJ thinks this Cologne Major is different,https://youtu.be/JJ38DG72zls,,SPUNJ,DFRAG,Intel Extreme Masters/2026/Cologne
IEM Cologne Major 2026,2026-06-21,"FalleN @ IEM Cologne Major: ""I don't think there's any favourite in a major final""",https://www.youtube.com/shorts/1ywhpTRDMoc,furia,FalleN,DFRAG,Intel Extreme Masters/2026/Cologne
IEM Cologne Major 2026,2026-06-21,"TeSeS on IEM Cologne Major win: ""I have no words... I was expecting other trophies first!""",https://dfrag.gg/counterstrike/news/teses-on-iem-cologne-major-win-i-have-no-words-i-was-expecting-other-trophies-first/,falcons,TeSeS,DFRAG,Intel Extreme Masters/2026/Cologne
IEM Cologne Major 2026,2026-06-21,"Intervju med molodoy: ""Ibland hörde vi inte fotsteg och förlorade""",https://fragbite.se/cs/news/62391/intervju-med-molodoy-ibland-horde-vi-inte-fotsteg-och-forlorade,furia,molodoy,Fragbite,Intel Extreme Masters/2026/Cologne
IEM Cologne Major 2026,2026-06-21,"Intervju med zonic efter Majorvinsten: ""Ägnar varje timme till spelarna""",https://fragbite.se/cs/news/62390/intervju-med-zonic-efter-majorvinsten-agnar-varje-timme-till-spelarna,falcons,zonic,Fragbite,Intel Extreme Masters/2026/Cologne
IEM Cologne Major 2026,2026-06-16,5EPlay专访sAw：Spirit没有教练对我们来说是个小优势,https://csgo.5eplay.com/article/260616sxfndy,g2,sAw,5EPlay,Intel Extreme Masters/2026/Cologne
IEM Cologne Major 2026,2026-06-19,5EPlay专访BIT：我们每天都在进步，且一直在接近自己的梦想,https://csgo.5eplay.com/article/2606197k9ou8,9z,BIT,5EPlay,Intel Extreme Masters/2026/Cologne
IEM Cologne Major 2026,2026-06-19,5EPlay专访FalleN：我更在意帮队友赢下他们的首个Major,https://csgo.5eplay.com/article/260619owq6an,furia,FalleN,5EPlay,Intel Extreme Masters/2026/Cologne
IEM Cologne Major 2026,2026-06-19,5EPlay专访XANTARES：目标非常明确，把奖杯带回土耳其,https://csgo.5eplay.com/article/2606199ye0l2,aurora,XANTARES,5EPlay,Intel Extreme Masters/2026/Cologne
IEM Cologne Major 2026,2026-06-19,5EPlay专访ZywOo：我不认为Falcons当前已建立完整的体系,https://csgo.5eplay.com/article/260619xz9bnf,vit,ZywOo,5EPlay,Intel Extreme Masters/2026/Cologne
IEM Cologne Major 2026,2026-06-19,5EPlay专访tN1R：击败Vitality就证明我们是当今最好的队伍,https://csgo.5eplay.com/article/260619ti6h2w,spirit,tN1R,5EPlay,Intel Extreme Masters/2026/Cologne
IEM Cologne Major 2026,2026-06-19,5EPlay专访SunPayus：HeavyGod是世界上最好的主防者,https://csgo.5eplay.com/article/260619r1si4q,g2,SunPayus,5EPlay,Intel Extreme Masters/2026/Cologne
IEM Cologne Major 2026,2026-06-22,5EPlay专访m0NESY：我答应过自己，要和NiKo一起赢下Major,https://csgo.5eplay.com/article/260622s6y7ru,falcons,m0NESY,5EPlay,Intel Extreme Masters/2026/Cologne
IEM Cologne Major 2026,2026-06-19,「四字箴言通关Major八强」Wicadia赛后采访,https://www.bilibili.com/video/BV1tVje6JELg,aurora,Wicadia,FaZe Clan Galaxy Archive,Intel Extreme Masters/2026/Cologne
IEM Cologne Major 2026,2026-06-19,"""若夺冠 Fallen或回心转意"" yuurih赛后采访",https://www.bilibili.com/video/BV1zeji6CE81,furia,yuurih,FaZe Clan Galaxy Archive,Intel Extreme Masters/2026/Cologne
IEM Cologne Major 2026,2026-06-19,「用一只眼书写历史」9z.max赛后采访,https://www.bilibili.com/video/BV1Zqji6rEZY,9z,max,FaZe Clan Galaxy Archive,Intel Extreme Masters/2026/Cologne
IEM Cologne Major 2026,2026-06-20,"""CS是个丢一分就会崩盘的游戏"" flameZ赛后采访",https://www.bilibili.com/video/BV1Z8jC6bE2F?spm_id_from=333.788.videopod.sections,vit,flameZ,FaZe Clan Galaxy Archive,Intel Extreme Masters/2026/Cologne
IEM Cologne Major 2026,2026-06-21,「战术:关门放卡神」Kscerato赛后采访,https://www.bilibili.com/video/BV1jJjx6VE64,furia,KSCERATO,FaZe Clan Galaxy Archive,Intel Extreme Masters/2026/Cologne
IEM Cologne Major 2026,2026-06-22,「我不在乎数据 只想赢」TeSeS冠军赛后采访,https://www.bilibili.com/video/BV1uq7F6fEG9,falcons,TeSeS,FaZe Clan Galaxy Archive,Intel Extreme Masters/2026/Cologne
IEM Cologne Major 2026,2026-06-22,「放平心态 卷土重来」molodoy亚军赛后采访,https://www.bilibili.com/video/BV1N27F6XET8,furia,molodoy,FaZe Clan Galaxy Archive,Intel Extreme Masters/2026/Cologne
IEM Cologne Major 2026,2026-06-02,IEM Cologne Major 2026 Stage 1 - Day 1,https://www.hltv.org/gallery/13108,,,HLTV,Intel Extreme Masters/2026/Cologne
IEM Cologne Major 2026,2026-06-03,IEM Cologne Major 2026 Stage 1 - Day 2,https://www.hltv.org/gallery/13109,,,HLTV,Intel Extreme Masters/2026/Cologne
IEM Cologne Major 2026,2026-06-04,IEM Cologne Major 2026 Stage 1 - Day 3,https://www.hltv.org/gallery/13110,,,HLTV,Intel Extreme Masters/2026/Cologne
IEM Cologne Major 2026,2026-06-05,IEM Cologne Major 2026 Stage 1 - Day 4,https://www.hltv.org/gallery/13111,,,HLTV,Intel Extreme Masters/2026/Cologne
IEM Cologne Major 2026,2026-06-06,IEM Cologne Major 2026 Stage 2 - Day 1,https://www.hltv.org/gallery/13112,,,HLTV,Intel Extreme Masters/2026/Cologne
IEM Cologne Major 2026,2026-06-07,IEM Cologne Major 2026 Stage 2 - Day 2,https://www.hltv.org/gallery/13113,,,HLTV,Intel Extreme Masters/2026/Cologne
IEM Cologne Major 2026,2026-06-08,IEM Cologne Major 2026 Stage 2 - Day 3,https://www.hltv.org/gallery/13114,,,HLTV,Intel Extreme Masters/2026/Cologne
IEM Cologne Major 2026,2026-06-09,IEM Cologne Major 2026 Stage 2 - Day 4,https://www.hltv.org/gallery/13115,,,HLTV,Intel Extreme Masters/2026/Cologne
IEM Cologne Major 2026,2026-06-11,IEM Cologne Major 2026 - Day 1,https://www.hltv.org/gallery/13117,,,HLTV,Intel Extreme Masters/2026/Cologne
IEM Cologne Major 2026,2026-06-12,IEM Cologne Major 2026 - Day 2,https://www.hltv.org/gallery/13118,,,HLTV,Intel Extreme Masters/2026/Cologne
IEM Cologne Major 2026,2026-06-13,IEM Cologne Major 2026 - Day 3,https://www.hltv.org/gallery/13119,,,HLTV,Intel Extreme Masters/2026/Cologne
IEM Cologne Major 2026,2026-06-14,IEM Cologne Major 2026 - Day 4,https://www.hltv.org/gallery/13120,,,HLTV,Intel Extreme Masters/2026/Cologne
IEM Cologne Major 2026,2026-06-15,IEM Cologne Major 2026 - Day 5,https://www.hltv.org/gallery/13121,,,HLTV,Intel Extreme Masters/2026/Cologne
IEM Cologne Major 2026,2026-06-17,IEM Cologne Major 2026 - Media Day,https://www.hltv.org/gallery/13122,,,HLTV,Intel Extreme Masters/2026/Cologne
IEM Cologne Major 2026,2026-06-18,IEM Cologne Major 2026 - Day 6,https://www.hltv.org/gallery/13124,,,HLTV,Intel Extreme Masters/2026/Cologne
IEM Cologne Major 2026,2026-06-19,IEM Cologne Major 2026 - Day 7,https://www.hltv.org/gallery/13125,,,HLTV,Intel Extreme Masters/2026/Cologne
IEM Cologne Major 2026,2026-06-20,IEM Cologne Major 2026 - Day 8,https://www.hltv.org/gallery/13126,,,HLTV,Intel Extreme Masters/2026/Cologne
IEM Cologne Major 2026,2026-06-21,IEM Cologne Major 2026 - Day 9,https://www.hltv.org/gallery/13127,,,HLTV,Intel Extreme Masters/2026/Cologne
IEM Cologne Major 2026,2026-06-25,Best of IEM Cologne Major 2026 - Fragmovie,https://youtu.be/nqfPRYqx3Tc,,,HLTV,Intel Extreme Masters/2026/Cologne
IEM Cologne Major 2026,2026-06-10,m0NESY - CS2 Player Profile,https://youtu.be/i93MtEIW8Wo,falcons,m0NESY,,Intel Extreme Masters/2026/Cologne
IEM Cologne Major 2026,2026-06-17,molodoy - CS2 Player Profile,https://youtu.be/chIMKGnvSpU,furia,molodoy,,Intel Extreme Masters/2026/Cologne
IEM Cologne Major 2026,2026-06-19,apEX - CS2 Player Profile,https://www.youtube.com/watch?v=KpxhfyjCO4E,vitality,apEX,,Intel Extreme Masters/2026/Cologne
CS Asia Championships 2026,2026-05-19,"CS Asia Championship teams, format, schedule, prizes, talent, fantasy",https://www.hltv.org/n/44655,,,HLTV,CS Asia Championships/2026
CS Asia Championships 2026,2026-05-24,latto goes back-to-back with second CAC MVP,https://www.hltv.org/n/44701,,,HLTV,CS Asia Championships/2026
CS Asia Championships 2026,2026-05-29,The EVPs and All-Stars of CS Asia Championship 2026,https://www.hltv.org/n/44725,,,HLTV,CS Asia Championships/2026
CS Asia Championships 2026,2026-05-19,"karrigan on Astana run: ""I'd give it an 8 or 9 out of 10""",https://www.hltv.org/n/44654,falcons,karrigan,HLTV,CS Asia Championships/2026
CS Asia Championships 2026,2026-05-19,"TaZ: ""It was very important to show the community and the players that we want to do better and are willing to make moves to improve""",https://www.hltv.org/n/44657,bc.game,TaZ,HLTV,CS Asia Championships/2026
CS Asia Championships 2026,2026-05-20,"insani: ""We came into this event a renewed and much-improved team""",https://www.hltv.org/n/44661,mibr,insani,HLTV,CS Asia Championships/2026
CS Asia Championships 2026,2026-05-20,"npl: ""We've worked a lot and it pays off; it's great to see""",https://www.hltv.org/n/44666,b8,npl,HLTV,CS Asia Championships/2026
CS Asia Championships 2026,2026-05-21,"Xizt: ""For sure this is a setback""",https://www.hltv.org/n/44676,nip,Xizt,HLTV,CS Asia Championships/2026
CS Asia Championships 2026,2026-05-21,"Lake on Major chances: ""We just gotta iron some stuff out, and I think we'll make a good run""",https://www.hltv.org/n/44678,m80,Lake,HLTV,CS Asia Championships/2026
CS Asia Championships 2026,2026-05-21,"biguzera on paiN's AWPer for Cologne: ""It's all up in the air still""",https://www.hltv.org/n/44682,pain,biguzera,HLTV,CS Asia Championships/2026
CS Asia Championships 2026,2026-05-22,"kl1m on beating PV: ""We're now getting into every series very confidently""",https://www.hltv.org/n/44686,mibr,kl1m,HLTV,CS Asia Championships/2026
CS Asia Championships 2026,2026-05-22,"Spinx: ""Everyone is suffering because of the Vitality era, every [title] you can get is important""",https://www.hltv.org/n/44690,mouz,Spinx,HLTV,CS Asia Championships/2026
CS Asia Championships 2026,2026-05-22,"latto on game-winning clutch: ""It's in the top three plays of my career""",https://www.hltv.org/n/44691,legacy,latto,HLTV,CS Asia Championships/2026
CS Asia Championships 2026,2026-05-23,"zonic on trophy pressure: ""It would be nice for the guys to get that out of the way""",https://www.hltv.org/n/44695,falcons,zonic,HLTV,CS Asia Championships/2026
CS Asia Championships 2026,2026-05-23,"arT: ""At Legacy I've developed a side of myself that wasn't really my strong suit: being a leader""",https://www.hltv.org/n/44697,legacy,arT,HLTV,CS Asia Championships/2026
CS Asia Championships 2026,2026-05-24,"torzsi: ""We got ten wins with the new lineup in the last two weeks, and we're proud of that""",https://www.hltv.org/n/44698,mouz,torzsi,HLTV,CS Asia Championships/2026
CS Asia Championships 2026,2026-05-24,"latto: ""Both wins are special, but this one has a little extra to it because we faced Falcons, a team I really respect""",https://www.hltv.org/n/44702,legacy,latto,HLTV,CS Asia Championships/2026
CS Asia Championships 2026,2026-05-18,misutaaa: 能回到一线真的让我很高兴 这对于我自己来说很重要,https://www.bilibili.com/opus/1207148627846234133,3dmax,misutaaa,Perfect World,CS Asia Championships/2026
CS Asia Championships 2026,2026-05-18,JBa: 我真心认为现在的M80比之前我所在的Wildcard要强的多,https://www.bilibili.com/opus/1207148340079230979,m80,JBa,Perfect World,CS Asia Championships/2026
CS Asia Championships 2026,2026-05-19,Grim: 我们真的很想打进CAC淘汰赛 在这里拿到一些久违的胜利,https://www.bilibili.com/opus/1207019130318749705,nrg,Grim,Perfect World,CS Asia Championships/2026
CS Asia Championships 2026,2026-05-19,LNZ: 在Ninjas in Pyjamas和Sangal Esports的经历让我学到了很多东西,https://www.bilibili.com/opus/1207018636353470469,mibr,LNZ,Perfect World,CS Asia Championships/2026
CS Asia Championships 2026,2026-05-19,NAF: 这支队伍的潜力一直都在 问题在于我们是否能够让每个人在任何时候都发挥出来,https://www.bilibili.com/opus/1207018099516112913,tl,NAF,Perfect World,CS Asia Championships/2026
CS Asia Championships 2026,2026-05-19,stavn: 重回赛场的感觉真的非常棒,https://www.bilibili.com/opus/1207017734440747013,nip,stavn,Perfect World,CS Asia Championships/2026
CS Asia Championships 2026,2026-05-19,s1zzi: 我很确定自己已经做好了准备,https://www.bilibili.com/opus/1207017386550493189,b8,s1zzi,Perfect World,CS Asia Championships/2026
CS Asia Championships 2026,2026-05-19,TaZ: 我们绝对是想向着那些最为重磅的冠军奖杯发起冲击的,https://www.bilibili.com/opus/1207017042912215056,bc.game,TaZ,Perfect World,CS Asia Championships/2026
CS Asia Championships 2026,2026-05-20,z4kr: 我们变的更加努力了 状态也都慢慢的回来了,https://www.bilibili.com/opus/1206774815386501124,lvg,z4kr,Perfect World,CS Asia Championships/2026
CS Asia Championships 2026,2026-05-20,Jee: 钢盔杯S2夺冠之后 大家整体的状态就都有所下滑,https://www.bilibili.com/opus/1206773436712484884,tyloo,Jee,Perfect World,CS Asia Championships/2026
CS Asia Championships 2026,2026-05-20,jL: 我现在很努力 比以前要更努力了,https://www.bilibili.com/opus/1206772049406590983,mouz,jL,Perfect World,CS Asia Championships/2026
CS Asia Championships 2026,2026-05-20,LNZ: 我们想做的是展示出自己长久以来的努力成果,https://www.bilibili.com/opus/1204537296322297860,mibr,LNZ,Perfect World,CS Asia Championships/2026
CS Asia Championships 2026,2026-05-20,m0NESY: 之前唱的Valera是很有意思的一首歌 听了之后心情会变好,https://www.bilibili.com/opus/1204529668456185860,falcons,m0NESY,Perfect World,CS Asia Championships/2026
CS Asia Championships 2026,2026-05-20,latto: 我认为我们今天打的很好 同时对手的发挥也都很出色,https://www.bilibili.com/opus/1204532228272422934,legacy,latto,Perfect World,CS Asia Championships/2026
CS Asia Championships 2026,2026-05-21,daps: 我们队里的不少人都是那种上限很高 下限也很低的那种选手,https://www.bilibili.com/opus/1206768660713046036,nrg,daps,Perfect World,CS Asia Championships/2026
CS Asia Championships 2026,2026-05-21,Maka: 我们今天发挥的非常差,https://www.bilibili.com/opus/1206767677162389524,3dmax,Maka,Perfect World,CS Asia Championships/2026
CS Asia Championships 2026,2026-05-21,ScrunK: s1mple对于他的辅助性狙击打法很满意,https://www.bilibili.com/opus/1205159770206502931,bc.game,ScrunK,Perfect World,CS Asia Championships/2026
CS Asia Championships 2026,2026-05-23,dumau: 能再次来到中国真的让我很高兴,https://www.bilibili.com/opus/1206766783754666001,legacy,dumau,Perfect World,CS Asia Championships/2026
CS Asia Championships 2026,2026-05-23,torzsi: jL是一位非常优秀的选手 能在高压情况中站出来,https://www.bilibili.com/opus/1206343334358941733,mouz,torzsi,Perfect World,CS Asia Championships/2026
CS Asia Championships 2026,2026-05-23,karrigan: 最重要的是全队都得保持良好的心态,https://www.bilibili.com/opus/1206338073016664089,falcons,karrigan,Perfect World,CS Asia Championships/2026
CS Asia Championships 2026,2026-05-23,NiKo: 我对于明天的决赛很有自信,https://www.bilibili.com/opus/1206336239075065856,falcons,NiKo,Perfect World,CS Asia Championships/2026
CS Asia Championships 2026,2026-05-25,Legacy: 一切或许皆是天意,https://www.bilibili.com/opus/1206323349864579077,legacy,dumau,Perfect World,CS Asia Championships/2026
CS Asia Championships 2026,2026-05-21,Graviti: misutaaa的加入让我们的交流更加高效,https://www.bilibili.com/video/BV1vfL46rEKd,3dmax,Graviti,Perfect World,CS Asia Championships/2026
CS Asia Championships 2026,2026-05-21,"oSee: 中国的粉丝们非常友好, 能在这里比赛真的很棒",https://www.bilibili.com/video/BV1FUL46JE8F,nrg,oSee,Perfect World,CS Asia Championships/2026
CS Asia Championships 2026,2026-05-21,Westmelon: 个人最想提升的部分是临场指挥,https://www.bilibili.com/video/BV1XpL46KEM1,lvg,Westmelon,Perfect World,CS Asia Championships/2026
CS Asia Championships 2026,2026-05-21,"s1mple: 团队领袖的角色一直在我心中存在, 但还能变得更好",https://www.bilibili.com/video/BV1oVL46GEH5,bc.game,s1mple,Perfect World,CS Asia Championships/2026
CS Asia Championships 2026,2026-05-21,"Snappi: 我觉得我们对stavn越来越熟悉了, 他带来了很多主动性",https://www.bilibili.com/video/BV1u8L46aEFM,nip,Snappi,Perfect World,CS Asia Championships/2026
CS Asia Championships 2026,2026-05-21,"EliGE: 大家的工作都岌岌可危, 这次赛事我们必须放手一搏",https://www.bilibili.com/video/BV1RwL867EBn,tl,EliGE,Perfect World,CS Asia Championships/2026
CS Asia Championships 2026,2026-05-21,JBa: 我的id只是名字的缩写,https://www.bilibili.com/video/BV1nDLb6dEto,m80,JBa,Perfect World,CS Asia Championships/2026
CS Asia Championships 2026,2026-05-21,"Techno: 这是在亚洲国家举办的比赛, 如果我们赢得了冠军, 那真的是一种光荣",https://www.bilibili.com/video/BV15HLb61Ey3,mongolz,Techno4K,Perfect World,CS Asia Championships/2026
CS Asia Championships 2026,2026-05-21,"torzsi: 我来过中国几次了, 去过成都和上海, 我觉得在街上散步很舒服很安全",https://www.bilibili.com/video/BV1E5Lb6nEPd,mouz,torzsi,Perfect World,CS Asia Championships/2026
CS Asia Championships 2026,2026-05-21,"Zero: s1mple一直都是我的偶像, 想在他最巅峰的时候和他对位",https://www.bilibili.com/video/BV1ANLb64EuS,tyloo,zero (Su Jingshen),Perfect World,CS Asia Championships/2026
CS Asia Championships 2026,2026-05-22,"zweih: 猎鹰很爱对枪, 这对我是好事",https://www.bilibili.com/video/BV1LaLv6AECG,parivision,zweih,Perfect World,CS Asia Championships/2026
CS Asia Championships 2026,2026-05-22,"dumau: 我总是很激情, 中国粉丝们, 让我们一起波哈!",https://www.bilibili.com/video/BV16pGt65ERy,legacy,dumau,Perfect World,CS Asia Championships/2026
CS Asia Championships 2026,2026-05-22,npl: 我觉得像黑马是很棒的一件事,https://www.bilibili.com/video/BV113Gt6QERA,b8,npl,Perfect World,CS Asia Championships/2026
CS Asia Championships 2026,2026-05-23,"NiKo: 八年后很多事情都发生了变化, 我和karrigan都更加成熟也学到了很多",https://www.bilibili.com/video/BV1jyGe6sE5F,falcons,NiKo,Perfect World,CS Asia Championships/2026
CS Asia Championships 2026,2026-05-23,"insani: 这是我第十次来中国了, 每次来这里都很开心",https://www.bilibili.com/video/BV1zpGq6KE2b,mibr,insani,Perfect World,CS Asia Championships/2026
CS Asia Championships 2026,2026-05-25,"arT: 想带latto和dumau冲冲TOP20, 现场观众也一直为我们喝彩",https://www.bilibili.com/video/BV1xUGx6UEW6,legacy,arT,Perfect World,CS Asia Championships/2026
CS Asia Championships 2026,2026-05-23,【CAC2026】latto：我們來到上海就是為了再次奪得冠軍。,https://csgo.com.hk/2026/05/23/cac-2026-latto-interview/tournament/,legacy,latto,TomorrowLAN,CS Asia Championships/2026
CS Asia Championships 2026,2026-05-20,karrigan专访 - 完美世界电竞APP x FGA - CAC.2026,https://www.bilibili.com/video/BV1ZkLC64EbB,falcons,karrigan,Faze Clan Galaxy Archive,CS Asia Championships/2026
CS Asia Championships 2026,2026-05-24,"xertioN专访: 我仍然遵从曼巴精神! 如果我再打好点, 本有机会赢下Falcons",https://www.bilibili.com/video/BV161G76UE7Q,mouz,xertioN,Faze Clan Galaxy Archive,CS Asia Championships/2026
CS Asia Championships 2026,2026-05-20,CS Asia Championships 2026 - Day 1,https://www.hltv.org/gallery/13103,,,HLTV,CS Asia Championships/2026
CS Asia Championships 2026,2026-05-21,CS Asia Championships 2026 - Day 2,https://www.hltv.org/gallery/13104,,,HLTV,CS Asia Championships/2026
CS Asia Championships 2026,2026-05-22,CS Asia Championships 2026 - Day 3,https://www.hltv.org/gallery/13105,,,HLTV,CS Asia Championships/2026
CS Asia Championships 2026,2026-05-23,CS Asia Championships 2026 - Day 4,https://www.hltv.org/gallery/13106,,,HLTV,CS Asia Championships/2026
CS Asia Championships 2026,2026-05-24,CS Asia Championships 2026 - Day 5,https://www.hltv.org/gallery/13107,,,HLTV,CS Asia Championships/2026
CS Asia Championships 2026,2026-03-13,TYLOO 四戰全勝一局未失！LVG 敗者組上演「一穿六」，兩支中國戰隊攜手晉級 CAC 2026 正賽,https://csgo.com.hk/2026/03/13/cac-2026-asian-qualifier-conclusion/tournament/,,,TomorrowLAN,CS Asia Championships/2026
Intel Extreme Masters Atlanta 2026,2026-05-10,"IEM Atlanta teams, format, schedule, prizes, talent, fantasy",https://www.hltv.org/n/44550,,,HLTV,Intel Extreme Masters/2026/Atlanta
Intel Extreme Masters Atlanta 2026,2026-05-17,w0nderful claims first career MVP at IEM Atlanta,https://www.hltv.org/n/44647,,,HLTV,Intel Extreme Masters/2026/Atlanta
Intel Extreme Masters Atlanta 2026,2026-05-28,The EVPs and All-Stars of IEM Atlanta 2026,https://www.hltv.org/n/44656,,,HLTV,Intel Extreme Masters/2026/Atlanta
Intel Extreme Masters Atlanta 2026,2026-05-11,"saffee: ""It feels good to have such a good victory against such a good team""",https://www.hltv.org/n/44561,pain,saffee,HLTV,Intel Extreme Masters/2026/Atlanta
Intel Extreme Masters Atlanta 2026,2026-05-11,"Krabeni: ""We didn't have anything to lose in Rivals""",https://www.hltv.org/n/44565,fut,Krabeni,HLTV,Intel Extreme Masters/2026/Atlanta
Intel Extreme Masters Atlanta 2026,2026-05-11,"beastik on Major qualification: ""I want to have some deep run, or I will not be satisfied""",https://www.hltv.org/n/44568,sinners,beastik,HLTV,Intel Extreme Masters/2026/Atlanta
Intel Extreme Masters Atlanta 2026,2026-05-12,"dumau: ""[arT]'s trying to find a balance, for what we like and what he sees in the game""",https://www.hltv.org/n/44569,legacy,dumau,HLTV,Intel Extreme Masters/2026/Atlanta
Intel Extreme Masters Atlanta 2026,2026-05-12,"ScrunK: ""You can tell [Senzu] has a champion's mentality""",https://www.hltv.org/n/44580,bc.game,ScrunK,HLTV,Intel Extreme Masters/2026/Atlanta
Intel Extreme Masters Atlanta 2026,2026-05-12,"FL4MUS: ""I'm trying to show that I'm individually good before the next transfer [period]""",https://www.hltv.org/n/44583,betboom,FL4MUS,HLTV,Intel Extreme Masters/2026/Atlanta
Intel Extreme Masters Atlanta 2026,2026-05-12,"iM: ""I think the biggest opponent for us is us, not Astralis, not Legacy, not even Vitality""",https://www.hltv.org/n/44585,navi,iM,HLTV,Intel Extreme Masters/2026/Atlanta
Intel Extreme Masters Atlanta 2026,2026-05-12,"JT: ""Right now we're kinda just in limbo""",https://www.hltv.org/n/44587,passion ua,JT,HLTV,Intel Extreme Masters/2026/Atlanta
Intel Extreme Masters Atlanta 2026,2026-05-13,"frozen: ""With the results that we [showed], I feel like anyone with a Falcons offer would've left""",https://www.hltv.org/n/44599,faze,frozen,HLTV,Intel Extreme Masters/2026/Atlanta
Intel Extreme Masters Atlanta 2026,2026-05-13,"siuhy: ""It's a very tough moment for the team""",https://www.hltv.org/n/44601,tl,siuhy,HLTV,Intel Extreme Masters/2026/Atlanta
Intel Extreme Masters Atlanta 2026,2026-05-13,"ropz: ""IEM Atlanta is not a priority event for us, but we don't want to go home with regrets""",https://www.hltv.org/n/44604,vit,ropz,HLTV,Intel Extreme Masters/2026/Atlanta
Intel Extreme Masters Atlanta 2026,2026-05-15,"arT: ""The chemistry of the team getting better helps me, because I can play more solid CS""",https://www.hltv.org/n/44618,legacy,arT,HLTV,Intel Extreme Masters/2026/Atlanta
Intel Extreme Masters Atlanta 2026,2026-05-16,"B1ad3: ""Beating Vitality in any condition benefits us hugely""",https://www.hltv.org/n/44623,navi,B1ad3,HLTV,Intel Extreme Masters/2026/Atlanta
Intel Extreme Masters Atlanta 2026,2026-05-16,"mezii: ""We had to expect that we weren't going to keep winning events with no preparation""",https://www.hltv.org/n/44632,vit,mezii,HLTV,Intel Extreme Masters/2026/Atlanta
Intel Extreme Masters Atlanta 2026,2026-05-16,"Tauson: ""I would like to play NAVI; it [makes it] more deserved for us to win""",https://www.hltv.org/n/44633,gl,Tauson,HLTV,Intel Extreme Masters/2026/Atlanta
Intel Extreme Masters Atlanta 2026,2026-05-17,"Aleksib: ""We're here to show that we deserve this trophy""",https://www.hltv.org/n/44635,navi,Aleksib,HLTV,Intel Extreme Masters/2026/Atlanta
Intel Extreme Masters Atlanta 2026,2026-05-17,"w0nderful: ""I knew one day I would get [an MVP]""",https://www.hltv.org/n/44648,navi,w0nderful,HLTV,Intel Extreme Masters/2026/Atlanta
Intel Extreme Masters Atlanta 2026,2026-05-11,"nitr0: ""I know it sounds cliché, but I truly believe we're finally on the right path""",https://www.dust2.us/news/73677/nitr0-i-know-it-sounds-cliche-but-i-truly-believe-were-finally-on-the-right-path,nrg,nitr0,Dust2.us,Intel Extreme Masters/2026/Atlanta
Intel Extreme Masters Atlanta 2026,2026-05-12,"T.c: ""We can still be competitive with three days of practice with someone like sdy""",https://www.dust2.us/news/73700/tc-we-can-still-be-competitive-with-three-days-of-practice-with-someone-like-sdy,passion ua,T.c,Dust2.us,Intel Extreme Masters/2026/Atlanta
Intel Extreme Masters Atlanta 2026,2026-05-12,"EliGE: ""I would definitely say there was a conflict of vision of how we wanted to play across the board""",https://www.dust2.us/news/73705/elige-i-would-definitely-say-there-was-a-conflict-of-vision-of-how-we-wanted-to-play-across-the-board,tl,EliGE,Dust2.us,Intel Extreme Masters/2026/Atlanta
Intel Extreme Masters Atlanta 2026,2026-05-12,"Lake: ""A mid game would be enough to beat Liquid""",https://www.dust2.us/news/73711/lake-a-mid-game-would-be-enough-to-beat-liquid,m80,Lake,Dust2.us,Intel Extreme Masters/2026/Atlanta
Intel Extreme Masters Atlanta 2026,2026-05-13,"ultimate: ""I think we've been playing good on Dust2, we just can't show it in official games""",https://www.dust2.us/news/73747/ultimate-i-think-weve-been-playing-good-on-dust2-we-just-cant-show-it-in-official-games,tl,ultimate,Dust2.us,Intel Extreme Masters/2026/Atlanta
Intel Extreme Masters Atlanta 2026,2026-05-13,"Aleksib: ""Vitality can feel exhausted after winning these trophies, but we need to work harder""",https://www.dust2.us/news/73753/aleksib-vitality-can-feel-exhausted-after-winning-these-trophies-but-we-need-to-work-harder,navi,Aleksib,Dust2.us,Intel Extreme Masters/2026/Atlanta
Intel Extreme Masters Atlanta 2026,2026-05-13,"flashie: ""We are Team Liquid, our results are not acceptable right now""",https://www.dust2.us/news/73758/flashie-we-are-team-liquid-our-results-are-not-acceptable-right-now,tl,flashie,Dust2.us,Intel Extreme Masters/2026/Atlanta
Intel Extreme Masters Atlanta 2026,2026-05-13,"nicx: ""This is my worst season by far""",https://www.dust2.us/news/73760/nicx-this-is-my-worst-season-by-far,passion ua,nicx,Dust2.us,Intel Extreme Masters/2026/Atlanta
Intel Extreme Masters Atlanta 2026,2026-05-14,"dumau: ""We have too much potential; we know what we are capable of""",https://www.dust2.us/news/73777/dumau-we-have-too-much-potential-we-know-what-we-are-capable-of,legacy,dumau,Dust2.us,Intel Extreme Masters/2026/Atlanta
Intel Extreme Masters Atlanta 2026,2026-05-14,"flameZ: ""We played really bad CS. We were playing probably an F game""",https://www.dust2.us/news/73783/flamez-we-played-really-bad-cs-we-were-playing-probably-an-f-game,vit,flameZ,Dust2.us,Intel Extreme Masters/2026/Atlanta
Intel Extreme Masters Atlanta 2026,2026-05-15,"latto: ""Legacy trusts in Brazilian players, and we will stay as a Brazilian team""",https://www.dust2.us/news/73811/latto-legacy-trusts-in-brazilian-players-and-we-will-stay-as-a-brazilian-team,legacy,latto,Dust2.us,Intel Extreme Masters/2026/Atlanta
Intel Extreme Masters Atlanta 2026,2026-05-15,"PR: ""We realized that playing the Tier 1 LANs is not for free""",https://www.dust2.us/news/73824/pr-we-realized-that-playing-the-tier-1-lans-is-not-for-free,gl,PR,Dust2.us,Intel Extreme Masters/2026/Atlanta
Intel Extreme Masters Atlanta 2026,2026-05-16,"b1t: ""Before Pro League, we didn't win for two years. I'm hungry to win trophies""",https://www.dust2.us/news/73851/b1t-before-pro-league-we-didnt-win-for-two-years-im-hungry-to-win-trophies,navi,b1t,Dust2.us,Intel Extreme Masters/2026/Atlanta
Intel Extreme Masters Atlanta 2026,2026-05-16,"ropz: ""When people say the scene is weak, it's complete delusion""",https://www.dust2.us/news/73855/ropz-when-people-say-the-scene-is-weak-its-complete-delusion,vit,ropz,Dust2.us,Intel Extreme Masters/2026/Atlanta
Intel Extreme Masters Atlanta 2026,2026-05-16,"REZ: ""I hope I can channel my inner Oakland when we play the grand final""",https://www.dust2.us/news/73861/rez-i-hope-i-can-channel-my-inner-oakland-when-we-play-the-grand-final,gl,REZ,Dust2.us,Intel Extreme Masters/2026/Atlanta
Intel Extreme Masters Atlanta 2026,2026-05-17,"iM on w0nderful: ""Only his confidence can stop him""",https://www.dust2.us/news/73901/im-on-w0nderful-only-his-confidence-can-stop-him,navi,iM,Dust2.us,Intel Extreme Masters/2026/Atlanta
Intel Extreme Masters Atlanta 2026,2026-05-16,"""s1mple has a really good chance to come back"" <nowiki>",https://youtu.be/Ml3ktXtPs-o,betboom,Boombl4,TL;DR,Intel Extreme Masters/2026/Atlanta
Intel Extreme Masters Atlanta 2026,2026-05-16,"""I think VRS gives young players more opportunities"" <nowiki>",https://youtu.be/_RBFBpXLo2Y,legacy,dumau,TL;DR,Intel Extreme Masters/2026/Atlanta
Intel Extreme Masters Atlanta 2026,2026-05-17,"""I like to play against NAVI and Vitality"" <nowiki>",https://youtu.be/YcHrH3I5A8o,gl,Snax,TL;DR,Intel Extreme Masters/2026/Atlanta
Intel Extreme Masters Atlanta 2026,2026-05-18,"""We didn't practice for a month"" <nowiki>",https://youtu.be/ttVQS6n2GJY,vit,flameZ,TL;DR,Intel Extreme Masters/2026/Atlanta
Intel Extreme Masters Atlanta 2026,2026-05-11,IEM Atlanta 2026 - Day 1,https://www.hltv.org/gallery/13092,,,HLTV,Intel Extreme Masters/2026/Atlanta
Intel Extreme Masters Atlanta 2026,2026-05-12,IEM Atlanta 2026 - Day 2,https://www.hltv.org/gallery/13094,,,HLTV,Intel Extreme Masters/2026/Atlanta
Intel Extreme Masters Atlanta 2026,2026-05-13,IEM Atlanta 2026 - Day 3,https://www.hltv.org/gallery/13096,,,HLTV,Intel Extreme Masters/2026/Atlanta
Intel Extreme Masters Atlanta 2026,2026-05-15,IEM Atlanta 2026 - Day 4,https://www.hltv.org/gallery/13098,,,HLTV,Intel Extreme Masters/2026/Atlanta
Intel Extreme Masters Atlanta 2026,2026-05-16,IEM Atlanta 2026 - Day 5,https://www.hltv.org/gallery/13100,,,HLTV,Intel Extreme Masters/2026/Atlanta
Intel Extreme Masters Atlanta 2026,2026-05-17,IEM Atlanta 2026 - Day 6,https://www.hltv.org/gallery/13102,,,HLTV,Intel Extreme Masters/2026/Atlanta
PGL Astana 2026,2026-05-05,"PGL Astana teams, format, schedule, prizes, talent, fantasy",https://www.hltv.org/n/44520,,,HLTV,PGL/2026/Astana
PGL Astana 2026,2026-05-17,donk storms to his first MVP of 2026 at PGL Astana,https://www.hltv.org/n/44641,,,HLTV,PGL/2026/Astana
PGL Astana 2026,2026-05-19,The EVPs and All-Stars of PGL Astana 2026,https://www.hltv.org/n/44653,,,HLTV,PGL/2026/Astana
PGL Astana 2026,2026-05-08,"karrigan interview: Leaving FaZe, joining Falcons, and first impressions",https://www.hltv.org/n/44529,falcons,karrigan,HLTV,PGL/2026/Astana
PGL Astana 2026,2026-05-09,"jL: ""It's a good chance for MOUZ to try me out; if they don't like it, they're not gonna go for me, and vice versa""",https://www.hltv.org/n/44531,mouz,jL,HLTV,PGL/2026/Astana
PGL Astana 2026,2026-05-09,"Chr1zN: ""In Cluj we weren't ready for it [...] now it's going to be much better""",https://www.hltv.org/n/44535,heroic,Chr1zN,HLTV,PGL/2026/Astana
PGL Astana 2026,2026-05-09,"cobrazera: ""We rested and we have so much energy, so we will do better from Bucharest""",https://www.hltv.org/n/44536,mongolz,cobrazera,HLTV,PGL/2026/Astana
PGL Astana 2026,2026-05-09,"zonic on karrigan: ""My main goal has really been to give him the keys to the ship""",https://www.hltv.org/n/44541,falcons,zonic,HLTV,PGL/2026/Astana
PGL Astana 2026,2026-05-09,"BIT: ""It's good to be here, honestly we never know how good we're going to be because we're not used to playing those teams""",https://www.hltv.org/n/44542,9z,BIT,HLTV,PGL/2026/Astana
PGL Astana 2026,2026-05-10,"alex: ""This was the first 2-1 win since February, and we needed it to break some mental barriers""",https://www.hltv.org/n/44544,gentle mates,alex (Spanish player),HLTV,PGL/2026/Astana
PGL Astana 2026,2026-05-10,"xertioN: ""I was a bit worried I would be this IGL that is just a burden, but so far, I'm feeling pretty comfortable""",https://www.hltv.org/n/44545,mouz,xertioN,HLTV,PGL/2026/Astana
PGL Astana 2026,2026-05-10,"YEKINDAR: ""At some point we maybe lost our identity a little bit""",https://www.hltv.org/n/44546,furia,YEKINDAR,HLTV,PGL/2026/Astana
PGL Astana 2026,2026-05-11,"MAJ3R on Aurora rumors: ""I’ve been in this scene long enough to know that thinking too much about the future only hurts your level now""",https://www.hltv.org/n/44554,aurora,MAJ3R,HLTV,PGL/2026/Astana
PGL Astana 2026,2026-05-11,"max: ""luchov is an amazing player. I wanted him a few years ago, but we couldn't buy him""",https://www.hltv.org/n/44557,9z,max,HLTV,PGL/2026/Astana
PGL Astana 2026,2026-05-11,"magixx: ""[tN1R's performance] was sometimes pretty poor, but what we're having so far in the last month, he's pretty impressive""",https://www.hltv.org/n/44562,spirit,magixx,HLTV,PGL/2026/Astana
PGL Astana 2026,2026-05-11,"fame on K27's Prospects: ""Sometimes when we play pracs, I see crazy moments. I haven't seen that in a long time""",https://www.hltv.org/n/44563,k27,fame,HLTV,PGL/2026/Astana
PGL Astana 2026,2026-05-12,"xelex on adapting: ""I don't want to die because I misplayed, I just want to die because I whiffed""",https://www.hltv.org/n/44572,mouz,xelex,HLTV,PGL/2026/Astana
PGL Astana 2026,2026-05-12,"NiKo: ""There aren't many IGLs we would've taken, basically, it was only karrigan or no one else""",https://www.hltv.org/n/44574,falcons,NiKo,HLTV,PGL/2026/Astana
PGL Astana 2026,2026-05-13,"HeavyGod: ""NertZ maybe wasn't the best in Liquid, but I knew what he was capable of and I always told him that""",https://www.hltv.org/n/44592,g2,HeavyGod,HLTV,PGL/2026/Astana
PGL Astana 2026,2026-05-13,"tenzy: ""Our development is going rapidly""",https://www.hltv.org/n/44595,magic,tenzy,HLTV,PGL/2026/Astana
PGL Astana 2026,2026-05-13,"soulfly on crowd pressure: ""We were scared to do some moves, people become more silent than normal, and I think we fixed that""",https://www.hltv.org/n/44596,aurora,soulfly,HLTV,PGL/2026/Astana
PGL Astana 2026,2026-05-14,"Jame: ""We were ready for the slump to happen soon, so we are not experiencing shock and horror from our poor results""",https://www.hltv.org/n/44607,parivision,Jame,HLTV,PGL/2026/Astana
PGL Astana 2026,2026-05-15,"jL: ""xelex is not feeling any pressure; maybe it's the team helping him, or maybe he's just a boss""",https://www.hltv.org/n/44613,mouz,jL,HLTV,PGL/2026/Astana
PGL Astana 2026,2026-05-15,"mo0N: ""We knew they would pick Dust2, and we trained it the whole night""",https://www.hltv.org/n/44616,magic,mo0N,HLTV,PGL/2026/Astana
PGL Astana 2026,2026-05-16,"TeSeS: ""Playing with karrigan is such a joy in these close games; he takes you under his wing""",https://www.hltv.org/n/44621,falcons,TeSeS,HLTV,PGL/2026/Astana
PGL Astana 2026,2026-05-16,"S0tF1k on future with Spirit's main team: ""We will see after Astana""",https://www.hltv.org/n/44627,spirit,S0tF1k,HLTV,PGL/2026/Astana
PGL Astana 2026,2026-05-16,"karrigan: ""m0NESY was feeling it, I could've let him loose, but sometimes we have to win in different ways than just off individual firepower""",https://www.hltv.org/n/44630,falcons,karrigan,HLTV,PGL/2026/Astana
PGL Astana 2026,2026-05-17,"tN1R on reason for his uptick in form: ""It's really a lot of work on my mentality""",https://www.hltv.org/n/44642,spirit,tN1R,HLTV,PGL/2026/Astana
PGL Astana 2026,2026-05-10,"karrigan about FaZe, Falcons, Niko, his transfer and more",https://youtu.be/Y4C9CER5Pbc,falcons,karrigan,PGL,PGL/2026/Astana
PGL Astana 2026,2026-05-10,dastan about what PGL Astana 2026 and his honest thoughts on his team!,https://youtu.be/-gqA5KTVx94,parivision,dastan,PGL,PGL/2026/Astana
PGL Astana 2026,2026-05-13,PVISION's dastan after failing to qualify for PGL Astana 2026 Playoffs,https://youtu.be/n72FQ6tqd9s,parivision,dastan,PGL,PGL/2026/Astana
PGL Astana 2026,2026-05-10,"sycrone про xertioN: «У него всегда были отличные качества для того, чтобы стать IGL»",https://www.offstage.ru/cs2/articles/sycrone-pro-xertion-u-nego-vsegda-byli-otlichnye-kachestva-dlya-togo-chtoby-stat-igl,mouz,sycrone,OFFSTAGE,PGL/2026/Astana
PGL Astana 2026,2026-05-11,"«Главными звёздами команды должны быть игроки и тренер» — большое интервью с помощником тренера Falcons, Aymeinstein",https://www.offstage.ru/cs2/articles/glavnymi-zvyozdami-komandy-dolzhny-byt-igroki-i-trener-bolshoe-intervyu-s-pomoshhnikom-trenera-falcons-aymeinstein,falcons,Aymeinstein,OFFSTAGE,PGL/2026/Astana
PGL Astana 2026,2026-05-12,"mo0N про PGL Astana 2026: «Очень классно, что первый турнир так же, как у molodoy, у меня в Астане»",https://www.offstage.ru/cs2/articles/mo0n-pro-pgl-astana-2026-ochen-klassno-chto-pervyj-turnir-tak-zhe-kak-u-molodoy-u-menya-v-astane,magic,mo0N,OFFSTAGE,PGL/2026/Astana
PGL Astana 2026,2026-05-13,"AW на PGL Astana 2026: «Не надо ждать, что мы выйдем в плей-офф»",https://www.youtube.com/watch?v=fFKF7vY_jxE,magic,AW,OFFSTAGE,PGL/2026/Astana
PGL Astana 2026,2026-05-13,"sidde про уход FalleN: «Когда эта тема поднимается, тиммейты подходят к нему и уговаривают остаться подольше»",https://www.offstage.ru/cs2/articles/sidde-pro-uhod-fallen-kogda-eta-tema-podnimaetsya-timmejty-podhodyat-k-nemu-i-ugovarivayut-ostatsya-podolshe,furia,sidde,OFFSTAGE,PGL/2026/Astana
PGL Astana 2026,2026-05-14,"«Мы выигрываем, но, думаю, всё равно каждый может выступить получше»: интервью со Spinx про MOUZ и PGL Astana",https://www.offstage.ru/cs2/articles/my-vyigryvaem-no-dumayu-vsyo-ravno-kazhdyj-mozhet-vystupit-poluchshe-intervyu-so-spinx-pro-mouz-i-pgl-astana,mouz,Spinx,OFFSTAGE,PGL/2026/Astana
PGL Astana 2026,2026-05-15,Interview with AW at PGL Astana after defeating 9z,https://www.youtube.com/watch?v=tj3BXm9CCeU,magic,AW,OFFSTAGE,PGL/2026/Astana
PGL Astana 2026,2026-05-16,"donk про Team Spirit: «У меня цель, чтобы пацаны сияли, и помогать им в этом»",https://www.offstage.ru/cs2/articles/u-menya-czel-chtoby-paczany-siyali-i-pomogat-im-v-etom-bolshoe-intervyu-s-donk-pro-team-spirit,spirit,donk,OFFSTAGE,PGL/2026/Astana
PGL Astana 2026,2026-05-17,«В CS2 нет никакой книжки правил или единственно правильного сценария»: большой монолог sFade8 с PGL Astana 2026,https://www.offstage.ru/cs2/articles/v-cs2-net-nikakoj-knizhki-pravil-ili-edinstvenno-pravilnogo-sczenariya-bolshoj-monolog-sfade8-s-pgl-astana-2026,magic,sFade8,OFFSTAGE,PGL/2026/Astana
PGL Astana 2026,2026-05-17,Интервью с xertioN по итогам PGL Astana 2026,https://www.youtube.com/watch?v=PIY0LJpxeNw,mouz,xertioN,OFFSTAGE,PGL/2026/Astana
PGL Astana 2026,2026-05-18,"molodoy: ""I replicated s1mple's highlight and they bought me a bootcamp ticket""",https://www.youtube.com/watch?v=BzXLwF0XLJA,furia,molodoy,OFFSTAGE,PGL/2026/Astana
PGL Astana 2026,2026-05-18,"«Я был, можно сказать, шокирован, потому что не ожидал такого»: большое интервью с xelex про переход в MOUZ",https://www.offstage.ru/cs2/articles/ya-byl-mozhno-skazat-shokirovan-potomu-chto-ne-ozhidal-takogo-bolshoe-intervyu-s-xelex-pro-perehod-v-mouz,mouz,xelex,OFFSTAGE,PGL/2026/Astana
PGL Astana 2026,2026-05-19,"luchov: «Я думаю, мечта любого человека, играющего в CS — представлять команду и свою страну»",https://www.offstage.ru/cs2/articles/luchov-ya-dumayu-mechta-lyubogo-cheloveka-igrayushhego-v-cs-predstavlyat-komandu-i-svoyu-stranu,9z,luchov,OFFSTAGE,PGL/2026/Astana
PGL Astana 2026,2026-05-21,"neaLaN: «Быть лидером и капитаном в команде — это больше, чем просто колить и строить игру»",https://www.offstage.ru/cs2/articles/nealan-byt-liderom-i-kapitanom-v-komande-eto-bolshe-chem-prosto-kolit-i-stroit-igru,fisher college,neaLaN,OFFSTAGE,PGL/2026/Astana
PGL Astana 2026,2026-05-25,"«Мне кажется, что CS сейчас в хорошем состоянии»: большое интервью с BIT про 9z, игроков команды и PGL Astana",https://www.offstage.ru/cs2/articles/mne-kazhetsya-chto-cs-sejchas-v-horoshem-sostoyanii-bolshoe-intervyu-s-bit-o-9z-igrokov-komandy-i-pgl-astana,9z,BIT,OFFSTAGE,PGL/2026/Astana
PGL Astana 2026,2026-05-27,zweih: «Я очень надеялся выиграть Spirit»,https://www.youtube.com/watch?v=Wmpy_d5v7SQ,parivision,zweih,OFFSTAGE,PGL/2026/Astana
PGL Astana 2026,2026-05-28,"«Я считаю, что игра будет по-прежнему жить»: большое интервью с аналитиком Bleh с PGL Astana 2026",https://www.offstage.ru/cs2/articles/ya-schitayu-chto-igra-budet-po-prezhnemu-zhit-bolshoe-intervyu-s-analitikom-bleh-s-pgl-astana-2026,,Bleh,OFFSTAGE,PGL/2026/Astana
PGL Astana 2026,2026-05-09,PGL Astana 2026 - Day 1,https://www.hltv.org/gallery/13089,,,HLTV,PGL/2026/Astana
PGL Astana 2026,2026-05-10,PGL Astana 2026 - Day 2,https://www.hltv.org/gallery/13090,,,HLTV,PGL/2026/Astana
PGL Astana 2026,2026-05-11,PGL Astana 2026 - Day 3,https://www.hltv.org/gallery/13091,,,HLTV,PGL/2026/Astana
PGL Astana 2026,2026-05-12,PGL Astana 2026 - Day 4,https://www.hltv.org/gallery/13093,,,HLTV,PGL/2026/Astana
PGL Astana 2026,2026-05-13,PGL Astana 2026 - Day 5,https://www.hltv.org/gallery/13095,,,HLTV,PGL/2026/Astana
PGL Astana 2026,2026-05-15,PGL Astana 2026 - Day 6,https://www.hltv.org/gallery/13097,,,HLTV,PGL/2026/Astana
PGL Astana 2026,2026-05-16,PGL Astana 2026 - Day 7,https://www.hltv.org/gallery/13099,,,HLTV,PGL/2026/Astana
PGL Astana 2026,2026-05-17,PGL Astana 2026 - Day 8,https://www.hltv.org/gallery/13101,,,HLTV,PGL/2026/Astana
BLAST Rivals Spring 2026,2026-04-28,"BLAST Rivals 2026 S1 teams, format, schedule, prizes, talent, fantasy",https://www.hltv.org/n/44466,,,HLTV,BLAST/Rivals/2026/Spring
BLAST Rivals Spring 2026,2026-05-03,ZywOo claims BLAST Rivals MVP,https://www.hltv.org/n/44514,,,HLTV,BLAST/Rivals/2026/Spring
BLAST Rivals Spring 2026,2026-05-06,The EVPs and All-Stars of BLAST Rivals 2026 Season 1,https://www.hltv.org/n/44521,,,HLTV,BLAST/Rivals/2026/Spring
BLAST Rivals Spring 2026,2026-04-28,"Twistzz: ""I hope frozen wants to be here for the rebuild and be a pillar alongside me and the other OGs""",https://www.hltv.org/n/44471,faze,Twistzz,HLTV,BLAST/Rivals/2026/Spring
BLAST Rivals Spring 2026,2026-04-28,"ryu: ""I'm with guys who have insane experience and I'm just trying to absorb it""",https://www.hltv.org/n/44472,astralis,ryu (Lithuanian player),HLTV,BLAST/Rivals/2026/Spring
BLAST Rivals Spring 2026,2026-04-29,"molodoy: ""I can only try to help FalleN win more tournaments in his last year""",https://www.hltv.org/n/44473,furia,molodoy,HLTV,BLAST/Rivals/2026/Spring
BLAST Rivals Spring 2026,2026-04-29,"flameZ on Fort Worth and Atlanta: ""We haven't given up on those trophies, but I think there is a priority on resting""",https://www.hltv.org/n/44478,vit,flameZ,HLTV,BLAST/Rivals/2026/Spring
BLAST Rivals Spring 2026,2026-04-29,"huNter-: ""I'm really happy I skipped Rio because I saw what my teammates are capable of""",https://www.hltv.org/n/44480,g2,huNter-,HLTV,BLAST/Rivals/2026/Spring
BLAST Rivals Spring 2026,2026-04-30,"Aleksib: ""I don't think any trophy without beating Vitality would be deserved""",https://www.hltv.org/n/44482,navi,Aleksib,HLTV,BLAST/Rivals/2026/Spring
BLAST Rivals Spring 2026,2026-04-30,"REZ on Cache return: ""I won IEM Oakland with that map, so it has a place in my heart""",https://www.hltv.org/n/44484,gl,REZ,HLTV,BLAST/Rivals/2026/Spring
BLAST Rivals Spring 2026,2026-04-30,"HooXi: ""We should be happy about the [team's] progression so far""",https://www.hltv.org/n/44488,astralis,HooXi,HLTV,BLAST/Rivals/2026/Spring
BLAST Rivals Spring 2026,2026-04-30,"SunPayus: ""I'm being more curious [...] instead of being so judgmental, and that is really helping""",https://www.hltv.org/n/44490,g2,SunPayus,HLTV,BLAST/Rivals/2026/Spring
BLAST Rivals Spring 2026,2026-05-01,"enkay J on FURIA win: ""I'm happy for the boys because they've been through a lot of shit""",https://www.hltv.org/n/44492,faze,enkay J,HLTV,BLAST/Rivals/2026/Spring
BLAST Rivals Spring 2026,2026-05-01,"Twistzz: ""I feel like tomorrow we get to show the real us against [NAVI]""",https://www.hltv.org/n/44500,faze,Twistzz,HLTV,BLAST/Rivals/2026/Spring
BLAST Rivals Spring 2026,2026-05-02,"hypex: ""I'm excited to see what Vitality are like [on stage]""",https://www.hltv.org/n/44502,gl,hypex,HLTV,BLAST/Rivals/2026/Spring
BLAST Rivals Spring 2026,2026-05-03,"Aleksib: ""makazze [has] Ancient as his wallpaper on his phone""",https://www.hltv.org/n/44508,navi,Aleksib,HLTV,BLAST/Rivals/2026/Spring
BLAST Rivals Spring 2026,2026-05-03,"apEX: ""I'm this annoying older man who just keeps repeating, 'Guys, let's fucking go again. I know you're fried, but let's fucking go'""",https://www.hltv.org/n/44510,vit,apEX,HLTV,BLAST/Rivals/2026/Spring
BLAST Rivals Spring 2026,2026-05-03,"ZywOo: ""For once, I'll say I robbed [my teammates of the MVP]""",https://www.hltv.org/n/44515,vit,ZywOo,HLTV,BLAST/Rivals/2026/Spring
BLAST Rivals Spring 2026,2026-04-29,"ZywOo: ""We handle pressure better than anyone else""",https://blast.tv/cs/news/zywoo-we-handle-pressure-better-than-anyone-else,vit,ZywOo,BLAST,BLAST/Rivals/2026/Spring
BLAST Rivals Spring 2026,2026-04-29,"coolio: ""Even if I said 'let's just go and die' they'd follow it""",https://blast.tv/cs/news/coolio-even-if-i-said-lets-just-go-and-die-theyd-follow-it,fut,coolio,BLAST,BLAST/Rivals/2026/Spring
BLAST Rivals Spring 2026,2026-04-30,"ryu: ""Consistency has been a struggle""",https://blast.tv/cs/news/ryu-consistency-has-been-a-struggle,astralis,ryu (Lithuanian player),BLAST,BLAST/Rivals/2026/Spring
BLAST Rivals Spring 2026,2026-04-30,"MATYS: ""It's working a lot better than the roster we had with malbs""",https://blast.tv/cs/news/matys-its-working-a-lot-better-than-the-roster-we-had-with-malbs,g2,MATYS,BLAST,BLAST/Rivals/2026/Spring
BLAST Rivals Spring 2026,2026-05-01,"Tauson on PR: ""I don't think he's thinking about playing for anyone other than GamerLegion""",https://blast.tv/cs/news/tauson-on-pr-i-dont-think-hes-thinking-of-playing-for-anyone-other-than-gamerlegion,gl,Tauson,BLAST,BLAST/Rivals/2026/Spring
BLAST Rivals Spring 2026,2026-05-01,"molodoy: ""In the past, I would do things without saying, now if I want to do something I'll always say it""",https://blast.tv/cs/news/molodoy-in-the-past-i-would-do-things-without-saying,furia,molodoy,BLAST,BLAST/Rivals/2026/Spring
BLAST Rivals Spring 2026,2026-05-02,"enkay J on Neityu: ""I believe he is the best solution""",https://blast.tv/cs/news/enkay-j-on-neityu-i-believe-he-is-the-best-solution,faze,enkay J,BLAST,BLAST/Rivals/2026/Spring
BLAST Rivals Spring 2026,2026-05-02,"Aleksib on roster rumours: ""Sometimes people are right, sometimes they're completely out of touch""",https://blast.tv/cs/news/aleksib-on-roster-rumours-sometimes-people-are-right-sometimes-theyre-compltely-out-of-touch,navi,Aleksib,BLAST,BLAST/Rivals/2026/Spring
BLAST Rivals Spring 2026,2026-05-03,"ropz: ""You never think you're going to win a series after one map""",https://blast.tv/cs/news/ropz-you-never-think-youre-going-to-win-a-series-after-one-map,vit,ropz,BLAST,BLAST/Rivals/2026/Spring
BLAST Rivals Spring 2026,2026-04-28,"Snax: ""I would rather play against FURIA and Vitality than other teams""",https://www.dust2.us/news/73263/snax-i-would-rather-play-against-furia-and-vitality-than-other-teams,gl,Snax,Dust2.us,BLAST/Rivals/2026/Spring
BLAST Rivals Spring 2026,2026-04-29,"ropz on AG2 update: ""It doesn't feel right. It's hard to say, but not the best first impression""",https://www.dust2.us/news/73270/ropz-on-ag2-update-it-doesnt-feel-right-its-hard-to-say-but-not-the-best-first-impression,vit,ropz,Dust2.us,BLAST/Rivals/2026/Spring
BLAST Rivals Spring 2026,2026-04-29,"phzy: ""HooXi will be the guy to step up and say the hard things to say""",https://www.dust2.us/news/73271/phzy-hooxi-will-be-the-guy-to-step-up-and-say-the-hard-things-to-say,astralis,phzy,Dust2.us,BLAST/Rivals/2026/Spring
BLAST Rivals Spring 2026,2026-04-29,"coolio: ""We can beat the loser of G2 and Astralis, even though I'm playing""",https://www.dust2.us/news/73295/coolio-we-can-beat-the-loser-of-g2-and-astralis-even-though-im-playing,fut,coolio,Dust2.us,BLAST/Rivals/2026/Spring
BLAST Rivals Spring 2026,2026-04-29,"NertZ on Liquid's struggles: ""The overall thing I would say is conflicts between players""",https://www.dust2.us/news/73290/nertz-on-liquids-struggles-the-overall-thing-i-would-say-is-conflicts-between-players,g2,NertZ,Dust2.us,BLAST/Rivals/2026/Spring
BLAST Rivals Spring 2026,2026-04-29,"enkay J on joining FaZe: ""The keyboard warriors are going to be typing and hating me being here""",https://www.dust2.us/news/73289/enkay-j-on-joining-faze-the-keyboard-warriors-are-going-to-be-typing-and-hating-me-being-here,faze,enkay J,Dust2.us,BLAST/Rivals/2026/Spring
BLAST Rivals Spring 2026,2026-04-29,"Neityu: ""I'm pretty satisfied with how Twistzz calls. I had this style when I played with shox""",https://www.dust2.us/news/73302/neityu-im-pretty-satisfied-with-how-twistzz-calls-i-had-this-style-when-i-played-with-shox,faze,Neityu,Dust2.us,BLAST/Rivals/2026/Spring
BLAST Rivals Spring 2026,2026-04-30,"Krabeni: ""I always had in my head that I wanted to play for an international roster""",https://www.dust2.us/news/73325/krabeni-i-always-had-in-my-head-that-i-wanted-to-play-for-an-international-roster,fut,Krabeni,Dust2.us,BLAST/Rivals/2026/Spring
BLAST Rivals Spring 2026,2026-04-30,"hypex: ""We're here to stop Vitality""",https://www.dust2.us/news/73331/hypex-were-here-to-stop-vitality,gl,hypex,Dust2.us,BLAST/Rivals/2026/Spring
BLAST Rivals Spring 2026,2026-04-30,"YEKINDAR on a return to IGLing: ""I've learned a lot, but maybe I'm not 100% ready""",https://www.dust2.us/news/73323/yekindar-on-a-return-to-igling-ive-learned-a-lot-but-maybe-im-not-100-ready,furia,YEKINDAR,Dust2.us,BLAST/Rivals/2026/Spring
BLAST Rivals Spring 2026,2026-04-30,"apEX: ""If we win the trophy will people remember that we struggled in the groups in like six months""",https://www.dust2.us/news/73339/apex-if-we-win-the-trophy-will-people-remember-that-we-struggled-in-the-groups-in-like-six-months,vit,apEX,Dust2.us,BLAST/Rivals/2026/Spring
BLAST Rivals Spring 2026,2026-04-30,"Twistzz: ""A lot of curses have been broken today""",https://www.dust2.us/news/73343/twistzz-a-lot-of-curses-have-been-broken-today,faze,Twistzz,Dust2.us,BLAST/Rivals/2026/Spring
BLAST Rivals Spring 2026,2026-05-02,"Snax: ""We are playing at the highest level so even small mistakes can make the difference""",https://www.dust2.us/news/73395/snax-we-are-playing-at-the-highest-level-so-even-small-mistakes-can-make-the-difference,gl,Snax,Dust2.us,BLAST/Rivals/2026/Spring
BLAST Rivals Spring 2026,2026-05-02,"makazze: ""Last time we played Vitality I got f*cked so hopefully this time I will do something versus them""",https://www.dust2.us/news/73399/makazze-last-time-we-played-vitality-i-got-fcked-so-hopefully-this-time-i-will-do-something-versus-them,navi,makazze,Dust2.us,BLAST/Rivals/2026/Spring
BLAST Rivals Spring 2026,2026-05-02,"XTQZZZ: ""NAVI are hungry to beat us and that's something we have to address tonight""",https://www.dust2.us/news/73402/xtqzzz-navi-are-hungry-to-beat-us-and-thats-something-we-have-to-address-tonight,vit,XTQZZZ,Dust2.us,BLAST/Rivals/2026/Spring
BLAST Rivals Spring 2026,2026-05-03,"apEX: ""Props to NAVI for this one; they made us sweat a lot""",https://www.dust2.us/news/73433/apex-props-to-navi-for-this-one-they-made-us-sweat-a-lot,vit,apEX,Dust2.us,BLAST/Rivals/2026/Spring
BLAST Rivals Spring 2026,2026-04-29,“You don’t need like three star players to bring Vitality down” – aleksib BLAST Rivals Fort Worth Interview,https://insider-gaming.com/aleksib-blast-rivals-fort-worth-interview/,navi,Aleksib,Insider Gaming,BLAST/Rivals/2026/Spring
BLAST Rivals Spring 2026,2026-04-29,“People think that we are just running and shooting” – FUT Coach coolio,https://insider-gaming.com/fut-coolio-blast-rivals-fort-worth-interview/,fut,coolio,Insider Gaming,BLAST/Rivals/2026/Spring
BLAST Rivals Spring 2026,2026-04-29,"“I would even compare him to m0nesy” – Tauson on hypex, ash, and GamerLegion refinding themselves",https://insider-gaming.com/tauson-blast-rivals-fort-worth-interview/,gl,Tauson,Insider Gaming,BLAST/Rivals/2026/Spring
BLAST Rivals Spring 2026,2026-04-28,BLAST Rivals 2026 Season 1 - Media Day,https://www.hltv.org/gallery/13083,,,HLTV,BLAST/Rivals/2026/Spring
BLAST Rivals Spring 2026,2026-04-29,BLAST Rivals 2026 Season 1 - Day 1,https://www.hltv.org/gallery/13084,,,HLTV,BLAST/Rivals/2026/Spring
BLAST Rivals Spring 2026,2026-04-30,BLAST Rivals 2026 Season 1 - Day 2,https://www.hltv.org/gallery/13085,,,HLTV,BLAST/Rivals/2026/Spring
BLAST Rivals Spring 2026,2026-05-01,BLAST Rivals 2026 Season 1 - Day 3,https://www.hltv.org/gallery/13086,,,HLTV,BLAST/Rivals/2026/Spring
BLAST Rivals Spring 2026,2026-05-02,BLAST Rivals 2026 Season 1 - Day 4,https://www.hltv.org/gallery/13087,,,HLTV,BLAST/Rivals/2026/Spring
BLAST Rivals Spring 2026,2026-05-03,BLAST Rivals 2026 Season 1 - Day 5,https://www.hltv.org/gallery/13088,,,HLTV,BLAST/Rivals/2026/Spring
Intel Extreme Masters Rio 2026,2026-04-19,ZywOo claims the MVP at IEM Rio 2026,https://www.hltv.org/n/44420,,,HLTV,Intel Extreme Masters/2026/Rio
Intel Extreme Masters Rio 2026,2026-04-24,The EVPs and All-Stars of IEM Rio 2026,https://www.hltv.org/n/44442,,,HLTV,Intel Extreme Masters/2026/Rio
Intel Extreme Masters Rio 2026,2026-04-13,"tAk: ""I'm excited to play [Vitality]. It's one hell of an opportunity, so if not tomorrow, then when?""",https://www.hltv.org/n/44351,g2,tAk,HLTV,Intel Extreme Masters/2026/Rio
Intel Extreme Masters Rio 2026,2026-04-13,"S0tF1k on academy reunion: ""It felt like coming home to your own guys - like a grandma when your kids come back for summer""",https://www.hltv.org/n/44353,spirit,S0tF1k,HLTV,Intel Extreme Masters/2026/Rio
Intel Extreme Masters Rio 2026,2026-04-13,"arT: ""We still have a long road ahead of us to make the team better""",https://www.hltv.org/n/44355,legacy,arT,HLTV,Intel Extreme Masters/2026/Rio
Intel Extreme Masters Rio 2026,2026-04-14,"NiKo on karrigan rumors: ""There is really no distraction from our side at all""",https://www.hltv.org/n/44354,falcons,NiKo,HLTV,Intel Extreme Masters/2026/Rio
Intel Extreme Masters Rio 2026,2026-04-14,"apEX: ""Sometimes I have to focus on being the IGL and not only trashtalking because doing both is tough if you struggle""",https://www.hltv.org/n/44362,vit,apEX,HLTV,Intel Extreme Masters/2026/Rio
Intel Extreme Masters Rio 2026,2026-04-14,"kyxsan on mentality amidst rumors: ""My job is to come here and play, and that's what I'm doing""",https://www.hltv.org/n/44365,falcons,kyxsan,HLTV,Intel Extreme Masters/2026/Rio
Intel Extreme Masters Rio 2026,2026-04-14,"EliGE on making the Major: ""We honestly just got lucky, obviously, and that doesn't feel good""",https://www.hltv.org/n/44364,tl,EliGE,HLTV,Intel Extreme Masters/2026/Rio
Intel Extreme Masters Rio 2026,2026-04-15,"torszi: ""Maybe in the last couple of months we got into a bad spiral where we were always overanalyzing stuff""",https://www.hltv.org/n/44372,mouz,torszi,HLTV,Intel Extreme Masters/2026/Rio
Intel Extreme Masters Rio 2026,2026-04-15,"KSCERATO: ""There is no Brazilian team that won a tournament in Brazil, so hopefully this will be our time""",https://www.hltv.org/n/44371,furia,KSCERATO,HLTV,Intel Extreme Masters/2026/Rio
Intel Extreme Masters Rio 2026,2026-04-15,"Maka: ""I don't understand how and why we lacked the elements we needed to play today""",https://www.hltv.org/n/44378,3dmax,Maka,HLTV,Intel Extreme Masters/2026/Rio
Intel Extreme Masters Rio 2026,2026-04-16,"tN1R: ""S0tF1k is trying to fix some very important mistakes, and trying to give us more freedom""",https://www.hltv.org/n/44385,spirit,tN1R,HLTV,Intel Extreme Masters/2026/Rio
Intel Extreme Masters Rio 2026,2026-04-16,"B1ad3: ""The way makazze is playing is amazing""",https://www.hltv.org/n/44392,navi,B1ad3,HLTV,Intel Extreme Masters/2026/Rio
Intel Extreme Masters Rio 2026,2026-04-16,"zonic: ""Vitality win a lot of games by people already being scared and thinking that they can't win. You have to disrespect them""",https://www.hltv.org/n/44390,falcons,zonic,HLTV,Intel Extreme Masters/2026/Rio
Intel Extreme Masters Rio 2026,2026-04-17,"Jimpphat: ""If we're not able to [lift trophies] with this roster, there will be some changes at some moment""",https://www.hltv.org/n/44402,mouz,Jimpphat,HLTV,Intel Extreme Masters/2026/Rio
Intel Extreme Masters Rio 2026,2026-04-17,"sh1ro on why Spirit struggle vs. Falcons: ""Right now, I can genuinely say I have no fucking idea""",https://www.hltv.org/n/44403,spirit,sh1ro,HLTV,Intel Extreme Masters/2026/Rio
Intel Extreme Masters Rio 2026,2026-04-18,"mezii: ""apEX is used to being the villain, so we know what to expect coming into this arena against FURIA""",https://www.hltv.org/n/44406,vit,mezii,HLTV,Intel Extreme Masters/2026/Rio
Intel Extreme Masters Rio 2026,2026-04-18,"magixx: ""We're playing pretty good, so I'm really looking forward to [Vitality] because, maybe, we can win a map""",https://www.hltv.org/n/44410,spirit,magixx,HLTV,Intel Extreme Masters/2026/Rio
Intel Extreme Masters Rio 2026,2026-04-19,"flameZ: ""We want no debate, where people will clearly say that the Vitality era was the better one. [Today] is another opportunity for that""",https://www.hltv.org/n/44413,vit,flameZ,HLTV,Intel Extreme Masters/2026/Rio
Intel Extreme Masters Rio 2026,2026-04-19,"FalleN: ""I want to help people change their lives through Counter-Strike and other games""",https://www.hltv.org/n/44414,furia,FalleN,HLTV,Intel Extreme Masters/2026/Rio
Intel Extreme Masters Rio 2026,2026-04-19,"NiKo: ""We're just not good enough in playoffs right now""",https://www.hltv.org/n/44419,falcons,NiKo,HLTV,Intel Extreme Masters/2026/Rio
Intel Extreme Masters Rio 2026,2026-04-19,"ZywOo: ""We won four trophies already [this year] and we just feel like we cannot stop""",https://www.hltv.org/n/44423,vit,ZywOo,HLTV,Intel Extreme Masters/2026/Rio
Intel Extreme Masters Rio 2026,2026-04-13,"drop após enfrentar Vitality: ""Tarefa que não desejo nem para meu maior inimigo""",https://www.dust2.com.br/noticias/72781/drop-apos-enfrentar-vitality-tarefa-que-nao-desejo-nem-para-meu-maior-inimigo,red canids,drop,Dust2.com.br,Intel Extreme Masters/2026/Rio
Intel Extreme Masters Rio 2026,2026-04-13,zonic foge de rumores de karrigan e quer evitar times brasileiros na IEM Rio,https://www.dust2.com.br/noticias/72801/zonic-foge-de-rumores-de-karrigan-e-quer-evitar-times-brasileiros-na-iem-rio,falcons,zonic,Dust2.com.br,Intel Extreme Masters/2026/Rio
Intel Extreme Masters Rio 2026,2026-04-13,"Nervosismo não pode atrapalhar Legacy no Rio, diz latto",https://www.dust2.com.br/noticias/72803/nervosismo-nao-pode-atrapalhar-legacy-no-rio-diz-latto,legacy,latto,Dust2.com.br,Intel Extreme Masters/2026/Rio
Intel Extreme Masters Rio 2026,2026-04-13,"FalleN sobre título no Brasil: ""Seria mais importante que um Major""",https://www.dust2.com.br/noticias/72807/fallen-sobre-titulo-no-brasil-seria-mais-importante-que-um-major,furia,FalleN,Dust2.com.br,Intel Extreme Masters/2026/Rio
Intel Extreme Masters Rio 2026,2026-04-14,"dav1deuS: ""Contra a Vitality, não jogamos nem 10% do que poderíamos""",https://www.dust2.com.br/noticias/72822/dav1deus-contra-a-vitality-nao-jogamos-nem-10-do-que-poderiamos,red canids,dav1deuS,Dust2.com.br,Intel Extreme Masters/2026/Rio
Intel Extreme Masters Rio 2026,2026-04-14,"try lamenta ausência de Senzu: ""Provavelmente é a peça mais forte do time""",https://www.dust2.com.br/noticias/72842/try-lamenta-ausencia-de-senzu-provavelmente-e-a-peca-mais-forte-do-time,passion ua,try,Dust2.com.br,Intel Extreme Masters/2026/Rio
Intel Extreme Masters Rio 2026,2026-04-14,"YEKINDAR vê retomada da FURIA: ""Estamos no caminho certo""",https://www.dust2.com.br/noticias/72845/yekindar-ve-retomada-da-furia-estamos-no-caminho-certo,furia,YEKINDAR,Dust2.com.br,Intel Extreme Masters/2026/Rio
Intel Extreme Masters Rio 2026,2026-04-14,"n1ssim após eliminação: ""Saímos com um sentimento de fracasso""",https://www.dust2.com.br/noticias/72847/n1ssim-apos-eliminacao-saimos-com-um-sentimento-de-fracasso,legacy,n1ssim,Dust2.com.br,Intel Extreme Masters/2026/Rio
Intel Extreme Masters Rio 2026,2026-04-15,"chayJESUS: ""O que me deixa triste é saber que poderíamos ter feito melhor”",https://www.dust2.com.br/noticias/72870/chayjesus-o-que-me-deixa-triste-e-saber-que-poderiamos-ter-feito-melhor,red canids,chayJESUS,Dust2.com.br,Intel Extreme Masters/2026/Rio
Intel Extreme Masters Rio 2026,2026-04-15,"NertZ vê saldo positivo da G2 na IEM Rio: ""Não tínhamos um objetivo vindo para cá""",https://www.dust2.com.br/noticias/72879/nertz-ve-saldo-positivo-da-g2-na-iem-rio-nao-tinhamos-um-objetivo-vindo-para-ca,g2,NertZ,Dust2.com.br,Intel Extreme Masters/2026/Rio
Intel Extreme Masters Rio 2026,2026-04-15,"yuurih: ""Esse time sabe como vencer na arena""",https://www.dust2.com.br/noticias/72887/yuurih-esse-time-sabe-como-vencer-na-arena,furia,yuurih,Dust2.com.br,Intel Extreme Masters/2026/Rio
Intel Extreme Masters Rio 2026,2026-04-16,"ZywOo sobre playoffs da IEM Rio: ""Gostamos de jogar contra a torcida""",https://www.dust2.com.br/noticias/72911/zywoo-sobre-playoffs-da-iem-rio-gostamos-de-jogar-contra-a-torcida,vit,ZywOo,Dust2.com.br,Intel Extreme Masters/2026/Rio
Intel Extreme Masters Rio 2026,2026-04-16,"donk comenta interesse da BC.Game: ""Não levo a sério porque não tem chance""",https://www.dust2.com.br/noticias/72919/donk-comenta-interesse-da-bcgame-nao-levo-a-serio-porque-nao-tem-chance,spirit,donk,Dust2.com.br,Intel Extreme Masters/2026/Rio
Intel Extreme Masters Rio 2026,2026-04-16,"xertioN valoriza quartas de final para MOUZ: ""Precisamos construir momentum""",https://www.dust2.com.br/noticias/72920/xertion-valoriza-quartas-de-final-para-mouz-precisamos-construir-momentum,mouz,xertioN,Dust2.com.br,Intel Extreme Masters/2026/Rio
Intel Extreme Masters Rio 2026,2026-04-17,"Na 4ª IEM Rio, b1t quer reencontrar a FURIA nos playoffs",https://www.dust2.com.br/noticias/72922/na-4-iem-rio-b1t-quer-reencontrar-a-furia-nos-playoffs,navi,b1t,Dust2.com.br,Intel Extreme Masters/2026/Rio
Intel Extreme Masters Rio 2026,2026-04-17,"molodoy: ""Estou ansioso para ver como as pessoas vão nos apoiar na arena""",https://www.dust2.com.br/noticias/72923/molodoy-estou-ansioso-para-ver-como-as-pessoas-vao-nos-apoiar-na-arena,furia,molodoy,Dust2.com.br,Intel Extreme Masters/2026/Rio
Intel Extreme Masters Rio 2026,2026-04-17,"apEX: ""Eu respeito muito o FalleN, parabéns pelo o que você fez Sr. Toledo""",https://www.dust2.com.br/noticias/72960/apex-eu-respeito-muito-o-fallen-parabens-pelo-o-que-voce-fez-sr-toledo,vit,apEX,Dust2.com.br,Intel Extreme Masters/2026/Rio
Intel Extreme Masters Rio 2026,2026-04-18,Spinx avalia dificuldades da MOUZ após 6ª derrota seguida para Spirit,https://www.dust2.com.br/noticias/72953/spinx-avalia-dificuldades-da-mouz-apos-6-derrota-seguida-para-spirit,mouz,Spinx,Dust2.com.br,Intel Extreme Masters/2026/Rio
Intel Extreme Masters Rio 2026,2026-04-18,"NiKo sobre FalleN: ""Estou triste por não ter conseguido jogar com ele, estivemos perto algumas vezes""",https://www.dust2.com.br/noticias/72975/niko-sobre-fallen-estou-triste-por-nao-ter-conseguido-jogar-com-ele-estivemos-perto-algumas-vezes,falcons,NiKo,Dust2.com.br,Intel Extreme Masters/2026/Rio
Intel Extreme Masters Rio 2026,2026-04-18,"FalleN: ""Virão outros ídolos, outros heróis e caras para serem campeões""",https://www.dust2.com.br/noticias/72982/fallen-virao-outros-idolos-outros-herois-e-caras-para-serem-campeoes,furia,FalleN,Dust2.com.br,Intel Extreme Masters/2026/Rio
Intel Extreme Masters Rio 2026,2026-04-19,"KSCERATO sobre carência de AWPs e IGLs no Brasil: ""Falta de oportunidade""",https://www.dust2.com.br/noticias/72998/kscerato-sobre-carencia-de-awps-e-igls-no-brasil-falta-de-oportunidade,furia,KSCERATO,Dust2.com.br,Intel Extreme Masters/2026/Rio
Intel Extreme Masters Rio 2026,2026-04-19,ropz celebra feito inédito e 13º título com a Vitality,https://www.dust2.com.br/noticias/73011/ropz-celebra-feito-inedito-e-13-titulo-com-a-vitality,vit,ropz,Dust2.com.br,Intel Extreme Masters/2026/Rio
Intel Extreme Masters Rio 2026,2026-04-13,IEM Rio 2026 - Day 1,https://www.hltv.org/gallery/13076,,,HLTV,Intel Extreme Masters/2026/Rio
Intel Extreme Masters Rio 2026,2026-04-14,IEM Rio 2026 - Day 2,https://www.hltv.org/gallery/13077,,,HLTV,Intel Extreme Masters/2026/Rio
Intel Extreme Masters Rio 2026,2026-04-15,IEM Rio 2026 - Day 3,https://www.hltv.org/gallery/13078,,,HLTV,Intel Extreme Masters/2026/Rio
Intel Extreme Masters Rio 2026,2026-04-17,IEM Rio 2026 - Day 4,https://www.hltv.org/gallery/13079,,,HLTV,Intel Extreme Masters/2026/Rio
Intel Extreme Masters Rio 2026,2026-04-18,IEM Rio 2026 - Day 5,https://www.hltv.org/gallery/13080,,,HLTV,Intel Extreme Masters/2026/Rio
Intel Extreme Masters Rio 2026,2026-04-19,IEM Rio 2026 - Day 6,https://www.hltv.org/gallery/13081,,,HLTV,Intel Extreme Masters/2026/Rio
BLAST Open Spring 2026,2026-03-16,"BLAST Open Rotterdam teams, format, schedule, talent, prizes, fantasy",https://www.hltv.org/n/44104,,,HLTV,BLAST/Open/2026/Spring
BLAST Open Spring 2026,2026-03-29,Pristine playoffs takes ropz to BLAST Open Rotterdam MVP,https://www.hltv.org/n/44213,,,HLTV,BLAST/Open/2026/Spring
BLAST Open Spring 2026,2026-04-01,The EVPs and All-Stars of BLAST Open Rotterdam 2026,https://www.hltv.org/n/44217,,,HLTV,BLAST/Open/2026/Spring
BLAST Open Spring 2026,2026-03-17,"karrigan on NEO removal: ""It kind of came as a surprise to all of us because we're this close to the Major""",https://www.hltv.org/n/44109,faze,karrigan,HLTV,BLAST/Open/2026/Spring
BLAST Open Spring 2026,2026-03-17,"magixx on BLAST preparation: ""I feel we still have something to play with and we are still not washed up""",https://www.hltv.org/n/44110,spirit,magixx,HLTV,BLAST/Open/2026/Spring
BLAST Open Spring 2026,2026-03-17,"zonic: ""I'm being a bit harsher now because we have so much potential on this team. But they have to play for the team""",https://www.hltv.org/n/44113,falcons,zonic,HLTV,BLAST/Open/2026/Spring
BLAST Open Spring 2026,2026-03-18,"Snappi: ""We needed some time to figure out how people react differently in the officials""",https://www.hltv.org/n/44112,nip,Snappi,HLTV,BLAST/Open/2026/Spring
BLAST Open Spring 2026,2026-03-18,"malbsMd: ""I want to be the malbs that I once was, and I'm hoping to find myself again""",https://www.hltv.org/n/44118,tl,malbsMd,HLTV,BLAST/Open/2026/Spring
BLAST Open Spring 2026,2026-03-18,"dgt: ""These three months have been about as good as we could have hoped for""",https://www.hltv.org/n/44120,9z,dgt,HLTV,BLAST/Open/2026/Spring
BLAST Open Spring 2026,2026-03-19,"KSCERATO: ""It was really important for us to have a break after EPL""",https://www.hltv.org/n/44132,furia,KSCERATO,HLTV,BLAST/Open/2026/Spring
BLAST Open Spring 2026,2026-03-19,"Brollan: ""It was just a lot of details; we were not on the same page""",https://www.hltv.org/n/44137,mouz,Brollan,HLTV,BLAST/Open/2026/Spring
BLAST Open Spring 2026,2026-03-20,"Grim: ""I think the future is going to be brighter when we can get more time""",https://www.hltv.org/n/44141,nrg,Grim,HLTV,BLAST/Open/2026/Spring
BLAST Open Spring 2026,2026-03-21,"woxic: ""We have some little missing parts. And if we can fix those against great teams, I think we can get the trophy""",https://www.hltv.org/n/44147,aurora,woxic,HLTV,BLAST/Open/2026/Spring
BLAST Open Spring 2026,2026-03-21,"flashie: ""We never got the chance to focus on what we should be focusing on; we're finally on the right path""",https://www.hltv.org/n/44149,tl,flashie,HLTV,BLAST/Open/2026/Spring
BLAST Open Spring 2026,2026-03-22,"sycrone: ""I think we sort of fell apart in this tournament""",https://www.hltv.org/n/44153,mouz,sycrone,HLTV,BLAST/Open/2026/Spring
BLAST Open Spring 2026,2026-03-22,"TeSeS: ""We need to do better, but I think this team is really strong mentally and we can handle it""",https://www.hltv.org/n/44158,falcons,TeSeS,HLTV,BLAST/Open/2026/Spring
BLAST Open Spring 2026,2026-03-23,"Aleksib on w0nderful: ""He's very hard on himself, so I need to remind him constantly that he's world-class""",https://www.hltv.org/n/44165,navi,Aleksib,HLTV,BLAST/Open/2026/Spring
BLAST Open Spring 2026,2026-03-24,"apEX: ""Even when we’re not playing our A-game, our low game is towards B, so it’s still enough sometimes to beat good teams""",https://www.hltv.org/n/44171,vit,apEX,HLTV,BLAST/Open/2026/Spring
BLAST Open Spring 2026,2026-03-24,"FalleN: ""I think everyone in the team is trying to find new ways to play well""",https://www.hltv.org/n/44168,furia,FalleN,HLTV,BLAST/Open/2026/Spring
BLAST Open Spring 2026,2026-03-26,"NiKo on seeking revenge against PARIVISION: ""We made them look better than they are""",https://www.hltv.org/n/44186,falcons,NiKo,HLTV,BLAST/Open/2026/Spring
BLAST Open Spring 2026,2026-03-26,"MAJ3R on XANTARES' hand injury: ""Sometimes he feels pain""",https://www.hltv.org/n/44187,aurora,MAJ3R,HLTV,BLAST/Open/2026/Spring
BLAST Open Spring 2026,2026-03-26,"mzinho: ""I was so happy that I stepped up [vs Spirit]""",https://www.hltv.org/n/44189,mongolz,mzinho,HLTV,BLAST/Open/2026/Spring
BLAST Open Spring 2026,2026-03-26,"dastan on ZywOo's 1v5: ""I hope this will teach my guys to play 100% every moment""",https://www.hltv.org/n/44190,parivision,dastan,HLTV,BLAST/Open/2026/Spring
BLAST Open Spring 2026,2026-03-27,"flameZ: ""I just want to try and stick with the good form""",https://www.hltv.org/n/44191,vit,flameZ,HLTV,BLAST/Open/2026/Spring
BLAST Open Spring 2026,2026-03-27,"soulfly: ""I really want to beat Vitality; I want to prove we're different from others""""",https://www.hltv.org/n/44198,aurora,soulfly,HLTV,BLAST/Open/2026/Spring
BLAST Open Spring 2026,2026-03-28,"ropz: ""We want to play NAVI. I'm sure they think they can beat us; we're going to show they can't""",https://www.hltv.org/n/44204,vit,ropz,HLTV,BLAST/Open/2026/Spring
BLAST Open Spring 2026,2026-03-28,"iM: ""It's going to be a huge test for us to see where we are""",https://www.hltv.org/n/44209,navi,iM,HLTV,BLAST/Open/2026/Spring
BLAST Open Spring 2026,2026-03-29,"ropz: ""You wish for that kind of thing, to win every game, every match, and to actually do it is an incredible feeling""",https://www.hltv.org/n/44215,vit,ropz,HLTV,BLAST/Open/2026/Spring
BLAST Open Spring 2026,2026-03-29,"Aleksib: ""We're trying to evolve as a team, but it's still one step behind Vitality. Maybe even two""",https://www.hltv.org/n/44214,navi,Aleksib,HLTV,BLAST/Open/2026/Spring
BLAST Open Spring 2026,2026-03-27,"MAJ3R: ""We still lack something to win tournaments""",https://blast.tv/cs/news/maj3r-we-still-lack-something-to-win-tournaments,aurora,MAJ3R,BLAST,BLAST/Open/2026/Spring
BLAST Open Spring 2026,2026-03-29,"mezii: ""NAVI are confident, but we wanted to remind them who the big dogs are""",https://blast.tv/cs/news/mezii-navi-are-confident-but-we-wanted-to-remind-them-who-the-big-dogs-are,vit,mezii,BLAST,BLAST/Open/2026/Spring
BLAST Open Spring 2026,2026-03-30,"XTQZZZ: ""I have no time for doing things for people to see if I'm good or not""",https://blast.tv/cs/news/xtqzzz-i-have-no-time-for-doing-things-for-people-to-see-if-im-good-or-not,vit,XTQZZZ,BLAST,BLAST/Open/2026/Spring
BLAST Open Spring 2026,2026-03-17,zonic forbyder FACEIT i en uge op til BLAST Open Rotterdam,https://www.dust2.dk/nyheder/71771/zonic-forbyder-faceit-i-en-uge-op-til-blast-open-rotterdam,falcons,zonic,Dust2.dk,BLAST/Open/2026/Spring
BLAST Open Spring 2026,2026-03-17,Snappi efter LAN-sejr: “Vi får bedre styr på vores roller”,https://www.dust2.dk/nyheder/71782/snappi-efter-lan-sejr-vi-faar-bedre-styr-paa-vores-roller,nip,Snappi,Dust2.dk,BLAST/Open/2026/Spring
BLAST Open Spring 2026,2026-03-17,"br0 om Liquids skifte til NA: ""Godt spillet""",https://www.dust2.dk/nyheder/71792/br0-om-liquids-skifte-til-na-godt-spillet,nrg,br0,Dust2.dk,BLAST/Open/2026/Spring
BLAST Open Spring 2026,2026-03-17,"molodoy avalia 1º ano na FURIA: ""Foi muito bom, mas quero ganhar mais""",https://www.dust2.com.br/noticias/71775/molodoy-avalia-1-ano-na-furia-foi-muito-bom-mas-quero-ganhar-mais,furia,molodoy,Dust2.com.br,BLAST/Open/2026/Spring
BLAST Open Spring 2026,2026-03-18,"malbsMd comenta troca de time: ""Até eu fiquei surpreso""",https://www.dust2.com.br/noticias/71787/malbsmd-comenta-troca-de-time-ate-eu-fiquei-surpreso,tl,malbsMd,Dust2.com.br,BLAST/Open/2026/Spring
BLAST Open Spring 2026,2026-03-18,"makazze sobre título e MVP: ""Estava trabalhando muito e funcionou""",https://www.dust2.com.br/noticias/71807/makazze-sobre-titulo-e-mvp-estava-trabalhando-muito-e-funcionou,navi,makazze,Dust2.com.br,BLAST/Open/2026/Spring
BLAST Open Spring 2026,2026-03-19,"Derrotas ""ligaram alguns alertas"" na FURIA, diz FalleN",https://www.dust2.com.br/noticias/71826/derrotas-ligaram-alguns-alertas-na-furia-diz-fallen,furia,FalleN,Dust2.com.br,BLAST/Open/2026/Spring
BLAST Open Spring 2026,2026-03-19,"Pela família e pela 9z, meyern volta aos palcos após seis anos",https://www.dust2.com.br/noticias/71834/pela-familia-e-pela-9z-meyern-volta-aos-palcos-apos-seis-anos,9z,meyern,Dust2.com.br,BLAST/Open/2026/Spring
BLAST Open Spring 2026,2026-03-19,sycrone comenta renovação com a MOUZ e revela propostas de times do top 10,https://www.dust2.com.br/noticias/71859/sycrone-comenta-renovacao-com-a-mouz-e-revela-propostas-de-times-do-top-10,mouz,sycrone,Dust2.com.br,BLAST/Open/2026/Spring
BLAST Open Spring 2026,2026-03-19,"HUASOPEEK vê 9z ""bagunçada"" em derrota para Vitality",https://www.dust2.com.br/noticias/71863/huasopeek-ve-9z-baguncada-em-derrota-para-vitality,9z,HUASOPEEK,Dust2.com.br,BLAST/Open/2026/Spring
BLAST Open Spring 2026,2026-03-20,"frozen sobre vaga no Major: ""A pressão faz parte da FaZe""",https://www.dust2.com.br/noticias/71880/frozen-sobre-vaga-no-major-a-pressao-faz-parte-da-faze,faze,frozen,Dust2.com.br,BLAST/Open/2026/Spring
BLAST Open Spring 2026,2026-03-21,"sidde: ""Se você quer estar entre os melhores do mundo, tem que fechar esse tipo de jogo""",https://www.dust2.com.br/noticias/71890/sidde-se-voce-quer-estar-entre-os-melhores-do-mundo-tem-que-fechar-esse-tipo-de-jogo,furia,sidde,Dust2.com.br,BLAST/Open/2026/Spring
BLAST Open Spring 2026,2026-03-21,"max: ""A MOUZ é um time que assisto muito, sabíamos como eles jogavam""",https://www.dust2.com.br/noticias/71911/max-a-mouz-e-um-time-que-assisto-muito-sabiamos-como-eles-jogavam,9z,max,Dust2.com.br,BLAST/Open/2026/Spring
BLAST Open Spring 2026,2026-03-21,"zweih brinca com ""lei do ex"": ""Poderia dizer que foi porque sei todas táticas, mas não é verdade, sempre trocam""",https://www.dust2.com.br/noticias/71919/zweih-brinca-com-lei-do-ex-poderia-dizer-que-foi-porque-sei-todas-taticas-mas-nao-e-verdade-sempre-trocam,parivision,zweih,Dust2.com.br,BLAST/Open/2026/Spring
BLAST Open Spring 2026,2026-03-22,"KSCERATO sobre bom desempenho: ""Acredito nas coisas que penso""",https://www.dust2.com.br/noticias/71936/kscerato-sobre-bom-desempenho-acredito-nas-coisas-que-penso,furia,KSCERATO,Dust2.com.br,BLAST/Open/2026/Spring
BLAST Open Spring 2026,2026-03-23,"bit vê 9z distante de europeus, mas ""evoluindo muito rápido""",https://www.dust2.com.br/noticias/71953/bit-ve-9z-distante-de-europeus-mas-evoluindo-muito-rapido,9z,BIT,Dust2.com.br,BLAST/Open/2026/Spring
BLAST Open Spring 2026,2026-03-23,"FalleN: ""São poucos times que conseguem constância absoluta em qualquer esporte""",https://www.dust2.com.br/noticias/71972/fallen-sao-poucos-times-que-conseguem-constancia-absoluta-em-qualquer-esporte,furia,FalleN,Dust2.com.br,BLAST/Open/2026/Spring
BLAST Open Spring 2026,2026-03-23,"ZywOo explica motivação da Vitality: ""Nós sabemos o quão difícil é ganhar um troféu""",https://www.dust2.com.br/noticias/71981/zywoo-explica-motivacao-da-vitality-nos-sabemos-o-quao-dificil-e-ganhar-um-trofeu,vit,ZywOo,Dust2.com.br,BLAST/Open/2026/Spring
BLAST Open Spring 2026,2026-03-27,woxic quer Aurora corajosa contra a Vitality,https://www.dust2.com.br/noticias/72114/woxic-quer-aurora-corajosa-contra-a-vitality,aurora,woxic,Dust2.com.br,BLAST/Open/2026/Spring
BLAST Open Spring 2026,2026-03-27,Treinador da PARIVISION explica freguesia da Falcons e vê NAVI favorita na semi,https://www.dust2.com.br/noticias/72123/treinador-da-parivision-explica-freguesia-da-falcons-e-ve-navi-favorita-na-semi,parivision,dastan,Dust2.com.br,BLAST/Open/2026/Spring
BLAST Open Spring 2026,2026-03-28,ropz comenta pressão por título e relembra vice para FURIA,https://www.dust2.com.br/noticias/72146/ropz-comenta-pressao-por-titulo-e-relembra-vice-para-furia,vit,ropz,Dust2.com.br,BLAST/Open/2026/Spring
BLAST Open Spring 2026,2026-03-28,"NAVI terá ""preparação limitada"" para final da BLAST, diz Aleksib",https://www.dust2.com.br/noticias/72158/navi-tera-preparacao-limitada-para-final-da-blast-diz-aleksib,navi,Aleksib,Dust2.com.br,BLAST/Open/2026/Spring
BLAST Open Spring 2026,2026-03-29,"flameZ mira 13º título no Rio: ""Temos o Grand Slam e queremos ganhá-lo""",https://www.dust2.com.br/noticias/72186/flamez-mira-13-titulo-no-rio-temos-o-grand-slam-e-queremos-ganha-lo,vit,flameZ,Dust2.com.br,BLAST/Open/2026/Spring
BLAST Open Spring 2026,2026-03-17,frozen on NEO benching: Some changes needed to be done,https://youtu.be/ncFuzGFzTSs,faze,frozen,Pley.gg,BLAST/Open/2026/Spring
BLAST Open Spring 2026,2026-03-17,"TeSeS is done being the sacrificial lamb: ""I need to prioritize myself""",https://youtu.be/Le63pvQadDk,falcons,TeSeS,Pley.gg,BLAST/Open/2026/Spring
BLAST Open Spring 2026,2026-03-18,"makazze: ""B1ad3 is the smartest coach in CS 100%""",https://youtu.be/L_1mk_TZ_10,navi,makazze,Pley.gg,BLAST/Open/2026/Spring
BLAST Open Spring 2026,2026-03-18,"Grim on why he moved to NRG: ""I was experiencing a lot of burnout""",https://youtu.be/BJknorS6RbM,nrg,Grim,Pley.gg,BLAST/Open/2026/Spring
BLAST Open Spring 2026,2026-03-18,xKacpersky has high hopes for NIP: “We need to play perfect CS”,https://youtu.be/GYd821rX_Jc,nip,xKacpersky,Pley.gg,BLAST/Open/2026/Spring
BLAST Open Spring 2026,2026-03-18,"molodoy on stage matches: ""Maybe I need to change my style""",https://youtu.be/C2gTuFwYoGY,furia,molodoy,Pley.gg,BLAST/Open/2026/Spring
BLAST Open Spring 2026,2026-03-18,"donk won't go international: ""For me Spirit is family""",https://youtu.be/3o617yjfvh4,spirit,donk,Pley.gg,BLAST/Open/2026/Spring
BLAST Open Spring 2026,2026-03-18,"No more villain role for apEX: ""My players are getting used to the pressure now""",https://youtu.be/0fZKFK2TMFU,vit,apEX,Pley.gg,BLAST/Open/2026/Spring
BLAST Open Spring 2026,2026-03-18,EliGE confused about VRS rules: “Orgs commission dedicated VRS people”,https://youtu.be/TYdpjc_REDQ,tl,EliGE,Pley.gg,BLAST/Open/2026/Spring
BLAST Open Spring 2026,2026-03-18,"Jimpphat transfer rumors and more: ""My coach asked me, 'What is this?'""",https://youtu.be/ugK2TqsBDJY,mouz,Jimpphat,Pley.gg,BLAST/Open/2026/Spring
BLAST Open Spring 2026,2026-03-26,"""He was basically a FACEIT Player"": XTQZZZ on flameZ's wild evolution",https://youtu.be/NO1L8ovTZqc,vit,XTQZZZ,Pley.gg,BLAST/Open/2026/Spring
BLAST Open Spring 2026,2026-03-26,"Proud PARIVISION coach: ""It's some elite, like inner honor to know, we are a Stage 3 team""",https://youtu.be/qWSGMcbjSPg,parivision,dastaan,Pley.gg,BLAST/Open/2026/Spring
BLAST Open Spring 2026,2026-03-26,"""Mentally they are way stronger"": MAJ3R explains the gap between Aurora and Vitality",https://youtu.be/wsWHWFHekig,aurora,MAJ3R,Pley.gg,BLAST/Open/2026/Spring
BLAST Open Spring 2026,2026-03-27,"""He can be the same as Senzu"": mzinho details the integration of cobrazera",https://youtu.be/lAreplkzxIM,mongolz,mzinho,Pley.gg,BLAST/Open/2026/Spring
BLAST Open Spring 2026,2026-03-27,"XANTARES on severe hand pain: ""It's terrible actually""",https://youtu.be/W79R21PgTNQ,aurora,XANTARES,Pley.gg,BLAST/Open/2026/Spring
BLAST Open Spring 2026,2026-03-27,"""That's the only time we needed our coach"": Techno4K reflects on loss to Aurora",https://youtu.be/3G1i_lCeD34,mongolz,Techno4K,Pley.gg,BLAST/Open/2026/Spring
BLAST Open Spring 2026,2026-03-27,"""It just felt like nothing was kind of going my way"" - NiKo after PARIVISION match",https://youtu.be/E7mLUHVZil0,falcons,NiKo,Pley.gg,BLAST/Open/2026/Spring
BLAST Open Spring 2026,2026-03-28,"Wicadia after Vitality defeat: ""We crumbled under the pressure""",https://youtu.be/2hVCT0vQ2oU,aurora,Wicadia,Pley.gg,BLAST/Open/2026/Spring
BLAST Open Spring 2026,2026-03-28,"""We're pretty confident in our map pool right now"": Aleksib addresses NAVI's map pick trend",https://youtu.be/cn2IneYMR0g,navi,Aleksib,Pley.gg,BLAST/Open/2026/Spring
BLAST Open Spring 2026,2026-03-28,"""Even the rounds that we were good, they just outplayed us"": zweih on PARIVISION's loss to NAVI",https://youtu.be/-k_Lkb2OEYo,parivision,zweih,Pley.gg,BLAST/Open/2026/Spring
BLAST Open Spring 2026,2026-03-29,"NatTea on Her CS debut at BLAST Rotterdam: ""You get to say things how it is""",https://youtu.be/n_2nMo_iE_k,,NatTea,Pley.gg,BLAST/Open/2026/Spring
BLAST Open Spring 2026,2026-03-29,"ZywOo: ""Everybody can pop up in the game, that is the beauty of Vitality right now""",https://youtu.be/OIP3RtltWm0,vit,ZywOo,Pley.gg,BLAST/Open/2026/Spring
BLAST Open Spring 2026,2026-03-29,"flameZ: ""Nobody gives a f* who is MVP as long as we win trophies""",https://youtu.be/ciOt_8ErA7U,vit,flameZ,Pley.gg,BLAST/Open/2026/Spring
BLAST Open Spring 2026,2026-03-29,"""Robin had an insane final and he deserved that MVP"": apEX praises ropz after Rotterdam final",https://youtu.be/WIvR62LAZgg,vit,apEX,Pley.gg,BLAST/Open/2026/Spring
BLAST Open Spring 2026,2026-03-30,"""It was time to use it"": XTQZZZ on Vitality's Anubis boost",https://youtu.be/JDG9Eoc2moA,vit,XTQZZZ,Pley.gg,BLAST/Open/2026/Spring
BLAST Open Spring 2026,2026-03-30,"mezii: ""If we keep innovating, keep working hard, I don't think teams can get close to us""",https://youtu.be/c6uaAIZMLUU,vit,mezii,Pley.gg,BLAST/Open/2026/Spring
BLAST Open Spring 2026,2026-03-31,"""Stay Tuned"": BLAST's Anne Banschbach on the 2027 Winter Major",https://youtu.be/C7Rb1mvP_jY,,Anne Banschbach,Pley.gg,BLAST/Open/2026/Spring
BLAST Open Spring 2026,2026-04-01,"""It felt like my life led to that"": Scrawny reflects on a decade of casting Counter-Strike",https://youtu.be/jM0wLMxTXvs,,Scrawny,Pley.gg,BLAST/Open/2026/Spring
BLAST Open Spring 2026,2026-04-08,"""It's got to be the point where karrigan would be a coach"": launders on the future of FaZe",https://youtu.be/3ew07SNh7GI,,launders,Pley.gg,BLAST/Open/2026/Spring
BLAST Open Spring 2026,2026-03-17,xKacpersky on NIP stint: “Right now we’re on the right direction to make good progress”,https://www.hotspawn.com/counter-strike/news/xkacpersky-blast-open-rotterdam-2026-interview,nip,xKacpersky,Hotspawn,BLAST/Open/2026/Spring
BLAST Open Spring 2026,2026-03-17,"Brollan on MOUZ’s recent struggles: “We truly believe in ourselves, still”",https://www.hotspawn.com/counter-strike/news/brollan-blast-open-rotterdam-2026-interview,mouz,Brollan,Hotspawn,BLAST/Open/2026/Spring
BLAST Open Spring 2026,2026-03-17,EliGE on Liquid moving to Americas VRS: “I don’t think that the decision was made to be evil”,https://www.hotspawn.com/counter-strike/news/elige-blast-open-rotterdam-2026-interview,tl,EliGE,Hotspawn,BLAST/Open/2026/Spring
BLAST Open Spring 2026,2026-03-18,"Grim on NRG move: “When I joined, they basically gave me most roles I wanted”",https://www.hotspawn.com/counter-strike/news/grim-blast-open-rotterdam-2026-interview,nrg,Grim,Hotspawn,BLAST/Open/2026/Spring
BLAST Open Spring 2026,2026-03-26,NiKo: “Anything but winning a couple of trophies this year would be disappointing”,https://www.hotspawn.com/counter-strike/news/niko-blast-open-rotterdam-2026-interview,falcons,NiKo,Hotspawn,BLAST/Open/2026/Spring
BLAST Open Spring 2026,2026-03-26,mzinho: “Senzu and cobrazera are always searching for duels… I think there’s no difference”,https://www.hotspawn.com/counter-strike/news/mzinho-blast-open-rotterdam-2026-interview,mongolz,mzinho,Hotspawn,BLAST/Open/2026/Spring
BLAST Open Spring 2026,2026-03-26,"soulfly on reaching a Tier 1 Final: “I really did this, because my brother was not believing in me”",https://www.hotspawn.com/counter-strike/news/soulfly-blast-open-rotterdam-2026-interview,aurora,soulfly,Hotspawn,BLAST/Open/2026/Spring
BLAST Open Spring 2026,2026-03-27,"XTQZZZ: “It’s tough to win a trophy… When you have an opportunity, you have to take it”",https://www.hotspawn.com/counter-strike/news/xtqzzz-blast-open-rotterdam-2026-interview,vit,XTQZZZ,Hotspawn,BLAST/Open/2026/Spring
BLAST Open Spring 2026,2026-03-28,"NatTea: “There is something about CS, there is something about the atmosphere… I would want more of that in my life”",https://www.hotspawn.com/counter-strike/news/nattea-blast-open-rotterdam-2026-interview,,NatTea,Hotspawn,BLAST/Open/2026/Spring
BLAST Open Spring 2026,2026-03-29,"dupreeh on record-breaking Vitality: “If I can keep my own personal five Major wins for myself, I’ll be very happy”",https://www.hotspawn.com/counter-strike/news/dupreeh-blast-open-rotterdam-2026-interview,,dupreeh,Hotspawn,BLAST/Open/2026/Spring
BLAST Open Spring 2026,2026-03-30,mezii on beating NAVI: “We wanted to be the ones to put them back down a peg”,https://www.hotspawn.com/counter-strike/news/mezii-blast-open-rotterdam-2026-winners-interview,vit,mezii,Hotspawn,BLAST/Open/2026/Spring
BLAST Open Spring 2026,2026-03-17,"yuurih: ""Our T-side is not good.""",https://rdy.gg/en/cs2/news/yuurih-our-t-side-is-not-good-interview,furia,yuurih,rdy.gg,BLAST/Open/2026/Spring
BLAST Open Spring 2026,2026-03-18,makazze: “I was sleeping 5-6 hours and we won the tournament”,https://rdy.gg/en/cs2/news/makazze-sleeping-5-6-hours-tournament-interview,navi,makazze,rdy.gg,BLAST/Open/2026/Spring
BLAST Open Spring 2026,2026-03-19,"XTQZZZ: ""[flameZ] just needed to be more consistent in my opinion""",https://rdy.gg/en/cs2/news/xtqzzz-flamez-needed-to-be-more-consistent,vit,XTQZZZ,rdy.gg,BLAST/Open/2026/Spring
BLAST Open Spring 2026,2026-03-26,"flameZ: ""Astralis won 3 majors, but they haven't won 2 Grand Slams.""",https://rdy.gg/en/cs2/news/flamez-astralis-havent-won-two-grand-slams,vit,flameZ,rdy.gg,BLAST/Open/2026/Spring
BLAST Open Spring 2026,2026-03-27,"NiKo: ""I don't think we're at a level where we can say right now we're aiming for a trophy""",https://rdy.gg/en/cs2/news/niko-i-dont-think-were-in-a-position-to-win,falcons,NiKo,rdy.gg,BLAST/Open/2026/Spring
BLAST Open Spring 2026,2026-03-27,"woxic: ""We try to move around all the time, and take control.""",https://rdy.gg/en/cs2/news/woxic-we-try-to-move-around-all-the-time-and-take-control,aurora,woxic,rdy.gg,BLAST/Open/2026/Spring
BLAST Open Spring 2026,2026-03-27,"NiKo says: ""Our plan didn't work"" as Falcons stumble to a quarter-final exit against PARIVISION",https://rdy.gg/en/cs2/news/niko-plan-didnt-work-falcons-lose-to-parivision,falcons,NiKo,rdy.gg,BLAST/Open/2026/Spring
BLAST Open Spring 2026,2026-03-28,"ropz: ""[on flameZ's form] It's less kills for me, but if that makes my life easier and wins come easier I really don't care.""",https://rdy.gg/en/cs2/news/ropz-talks-about-flamez-form,vit,ropz,rdy.gg,BLAST/Open/2026/Spring
BLAST Open Spring 2026,2026-03-29,"ZywOo: ""My keyboard was dying on Inferno""",https://rdy.gg/en/cs2/news/my-keyboard-was-dying-on-inferno-zywoo,vit,ZywOo,rdy.gg,BLAST/Open/2026/Spring
BLAST Open Spring 2026,2026-03-17,“I think it’s frustrating for anyone”: TeSeS on Fixing Falcons Errors,https://insider-gaming.com/teses-blast-open-rotterdam-interview/,falcons,TeSeS,Insider Gaming,BLAST/Open/2026/Spring
BLAST Open Spring 2026,2026-03-17,“People Think I’m Just a Cheerleader”: XTQZZZ on Coaching Era-Defining Vitality,https://insider-gaming.com/xtqzzz-blast-open-rotterdam-interview/,vit,XTQZZZ,Insider Gaming,BLAST/Open/2026/Spring
BLAST Open Spring 2026,2026-03-18,“This Is A Good Tournament To Start Winning”: yuurih on the importance of BLAST Open Rotterdam,https://insider-gaming.com/yuurih-blast-open-rotterdam-interview/,furia,yuurih,Insider Gaming,BLAST/Open/2026/Spring
BLAST Open Spring 2026,2026-03-28,"PARIVISION's Dastan: ""Our goal is to attend tournaments and be top 10""",https://youtu.be/FXvsT7R482o,parivision,dastan,TL;DR,BLAST/Open/2026/Spring
BLAST Open Spring 2026,2026-03-29,"ZywOo: ""apEX is the daddy in the team""",https://youtu.be/ed6t-zXDI3o,vit,ZywOo,TL;DR,BLAST/Open/2026/Spring
BLAST Open Spring 2026,2026-04-03,"m0NESY on cats vs dogs, the deadliest animal he could fight, and which CS map he would live on",https://youtu.be/ewAMbRMuHdM,falcons,m0NESY,TL;DR,BLAST/Open/2026/Spring
BLAST Open Spring 2026,2026-04-17,"zweih on being stranded with Jame on an island, dreams of winning Cologne again, and cats vs dogs",https://youtu.be/zk1jwhu7xyM,parivision,zweih,TL;DR,BLAST/Open/2026/Spring
BLAST Open Spring 2026,2026-03-28,"MaT (Vitality): ""We had an extremely solid plan against Aurora""",https://youtu.be/BPFaReX98Qw,vit,MaT,aAa Gaming,BLAST/Open/2026/Spring
BLAST Open Spring 2026,2026-03-29,"apEX (Vitality): ""What motivates us most is to be the best team in history.""",https://youtu.be/rC7Zj3n0S3w,vit,apEX,aAa Gaming,BLAST/Open/2026/Spring
BLAST Open Spring 2026,2026-03-27,"Aymeinstein : ""On est dans une phase de reconstruction du jeu""",https://lasource.gg/news/aymeinstein-on-est-dans-une-phase-de-reconstruction-du-jeu,falcons,Aymeinstein,La Source,BLAST/Open/2026/Spring
BLAST Open Spring 2026,2026-03-28,"woxic : ""Contre Vitality, ce sera un peu la finale avant la finale""",https://lasource.gg/news/woxic-contre-vitality-ce-sera-un-peu-la-finale-avant-la-finale,aurora,woxic,La Source,BLAST/Open/2026/Spring
BLAST Open Spring 2026,2026-03-28,"ZywOo : ""On a un deuxième donk dans l'équipe""",https://lasource.gg/news/zywoo-on-a-un-deuxieme-donk-dans-l-equipe-1,vit,ZywOo,La Source,BLAST/Open/2026/Spring
BLAST Open Spring 2026,2026-03-29,B1ad3 : “On pense pouvoir battre Vitality”,https://lasource.gg/news/b1ad3-on-pense-pouvoir-battre-vitality,navi,B1ad3,La Source,BLAST/Open/2026/Spring
BLAST Open Spring 2026,2026-03-29,"XTQZZZ : ""Ce tournoi a été smooth""",https://lasource.gg/news/xtqzzz-ce-tournoi-a-ete-smooth,vit,XTQZZZ,La Source,BLAST/Open/2026/Spring
BLAST Open Spring 2026,2026-03-18,BLAST Open Rotterdam 2026 - Day 1,https://www.hltv.org/gallery/13049,,,HLTV,BLAST/Open/2026/Spring
BLAST Open Spring 2026,2026-03-19,BLAST Open Rotterdam 2026 - Day 2,https://www.hltv.org/gallery/13050,,,HLTV,BLAST/Open/2026/Spring
BLAST Open Spring 2026,2026-03-20,BLAST Open Rotterdam 2026 - Day 3,https://www.hltv.org/gallery/13051,,,HLTV,BLAST/Open/2026/Spring
BLAST Open Spring 2026,2026-03-21,BLAST Open Rotterdam 2026 - Day 4,https://www.hltv.org/gallery/13052,,,HLTV,BLAST/Open/2026/Spring
BLAST Open Spring 2026,2026-03-22,BLAST Open Rotterdam 2026 - Day 5,https://www.hltv.org/gallery/13053,,,HLTV,BLAST/Open/2026/Spring
BLAST Open Spring 2026,2026-03-23,BLAST Open Rotterdam 2026 - Day 6,https://www.hltv.org/gallery/13054,,,HLTV,BLAST/Open/2026/Spring
BLAST Open Spring 2026,2026-03-27,BLAST Open Rotterdam 2026 - Day 7,https://www.hltv.org/gallery/13055,,,HLTV,BLAST/Open/2026/Spring
BLAST Open Spring 2026,2026-03-28,BLAST Open Rotterdam 2026 - Day 8,https://www.hltv.org/gallery/13057,,,HLTV,BLAST/Open/2026/Spring
BLAST Open Spring 2026,2026-03-29,BLAST Open Rotterdam 2026 - Day 9,https://www.hltv.org/gallery/13058,,,HLTV,BLAST/Open/2026/Spring
ESL Pro League Season 23,2026-03-15,makazze claims career-first MVP at EPL S23 finals,https://www.hltv.org/n/44097,,,HLTV,ESL/Pro League/Season 23
ESL Pro League Season 23,2026-03-17,The EVPs and All-Stars of ESL Pro League Season 23 Finals,https://www.hltv.org/n/44111,,,HLTV,ESL/Pro League/Season 23
ESL Pro League Season 23,2026-03-12,"cobrazera on replacing Senzu: ""That kind of pressure is the hardest [part]""",https://www.hltv.org/n/44060,mongolz,cobrazera,HLTV,ESL/Pro League/Season 23
ESL Pro League Season 23,2026-03-12,"saadzin: ""arT is very good, not only in the server but also out of game""",https://www.hltv.org/n/44061,legacy,saadzin,HLTV,ESL/Pro League/Season 23
ESL Pro League Season 23,2026-03-12,"Wicadia on EPL playoffs: ""Most of the teams are not in the best shape, so I think we have a high chance""",https://www.hltv.org/n/44063,aurora,Wicadia,HLTV,ESL/Pro League/Season 23
ESL Pro League Season 23,2026-03-12,"Spinx: ""We believe that one win can change everything""",https://www.hltv.org/n/44065,mouz,Spinx,HLTV,ESL/Pro League/Season 23
ESL Pro League Season 23,2026-03-12,"cmtry: ""It's becoming a bit tough to play because people are starting to read us and our style""",https://www.hltv.org/n/44064,fut,cmtry,HLTV,ESL/Pro League/Season 23
ESL Pro League Season 23,2026-03-12,"B1ad3: ""Some games that I see us lose, we lose because of a lack of firepower""",https://www.hltv.org/n/44068,navi,B1ad3,HLTV,ESL/Pro League/Season 23
ESL Pro League Season 23,2026-03-13,"soulfly on first arena win: ""I didn't know that I would have so much emotion""",https://www.hltv.org/n/44077,aurora,soulfly,HLTV,ESL/Pro League/Season 23
ESL Pro League Season 23,2026-03-13,"lauNX: ""I waited for this revenge from Cluj-Napoca, it was my home country and it hit me in the feelings. Now it's equal""",https://www.hltv.org/n/44080,fut,lauNX,HLTV,ESL/Pro League/Season 23
ESL Pro League Season 23,2026-03-14,"phzy: ""You can feel the Swedish support, maybe that's why I had a life game""",https://www.hltv.org/n/44083,astralis,phzy,HLTV,ESL/Pro League/Season 23
ESL Pro League Season 23,2026-03-14,"Aleksib on beating FUT: ""You could feel that there was something extra about the game""",https://www.hltv.org/n/44089,navi,Aleksib,HLTV,ESL/Pro League/Season 23
ESL Pro League Season 23,2026-03-15,"MAJ3R on facing NAVI: ""I feel like revenge for when we lost to them in the EPL final""",https://www.hltv.org/n/44092,aurora,MAJ3R,HLTV,ESL/Pro League/Season 23
ESL Pro League Season 23,2026-03-15,"HooXi on people writing him off after G2: ""It feels good to prove some of them wrong""",https://www.hltv.org/n/44095,astralis,HooXi,HLTV,ESL/Pro League/Season 23
ESL Pro League Season 23,2026-03-15,"makazze: ""Now that I won a tier-one event, I'm writing history""",https://www.hltv.org/n/44099,navi,makazze,HLTV,ESL/Pro League/Season 23
ESL Pro League Season 23,2026-03-12,ESL Pro League Season 23 Finals - Pub Quiz,https://www.hltv.org/gallery/13045,,,HLTV,ESL/Pro League/Season 23
ESL Pro League Season 23,2026-03-13,ESL Pro League Season 23 Finals - Day 1,https://www.hltv.org/gallery/13044,,,HLTV,ESL/Pro League/Season 23
ESL Pro League Season 23,2026-03-14,ESL Pro League Season 23 Finals - Day 2,https://www.hltv.org/gallery/13046,,,HLTV,ESL/Pro League/Season 23
ESL Pro League Season 23,2026-03-15,ESL Pro League Season 23 Finals - Day 3,https://www.hltv.org/gallery/13048,,,HLTV,ESL/Pro League/Season 23
ESL Pro League Season 23,2026-03-01,"Freed from the shackles of an academy, FUT have broken through",https://www.hltv.org/n/43974,fut,,HLTV,ESL/Pro League/Season 23
ESL Pro League Season 23,2026-02-27,"ESL Pro League teams, format, schedule, prizes, fantasy",https://www.hltv.org/n/43963,,,HLTV,ESL/Pro League/Season 23
PGL Cluj-Napoca 2026,2026-02-13,"PGL Cluj-Napoca teams, format, schedule, prizes, talent, fantasy",https://www.hltv.org/n/43861,,,HLTV,PGL/2026/Cluj-Napoca
PGL Cluj-Napoca 2026,2026-02-22,ZywOo takes a historic 30th MVP at PGL Cluj-Napoca 2026,https://www.hltv.org/n/43942,,,HLTV,PGL/2026/Cluj-Napoca
PGL Cluj-Napoca 2026,2026-02-26,The EVPs and All-Stars of PGL Cluj-Napoca 2026,https://www.hltv.org/n/43957,,,HLTV,PGL/2026/Cluj-Napoca
PGL Cluj-Napoca 2026,2026-02-14,"B1ad3 on deciding against changes: ""We believed that this season we would have a lot of potential to be a trophy contender""",https://www.hltv.org/n/43871,navi,B1ad3,HLTV,PGL/2026/Cluj-Napoca
PGL Cluj-Napoca 2026,2026-02-14,"NiKo: ""Every MVP I get, I always think nowadays that it might be my last one, so I really wanna enjoy it""",https://www.hltv.org/n/43872,falcons,NiKo,HLTV,PGL/2026/Cluj-Napoca
PGL Cluj-Napoca 2026,2026-02-15,"Staehr on ryu and phzy: ""I'm very surprised in a good way""",https://www.hltv.org/n/43878,astralis,Staehr,HLTV,PGL/2026/Cluj-Napoca
PGL Cluj-Napoca 2026,2026-02-15,"MAJ3R: ""FUT shoot better than Spirit, Vitality or Falcons""",https://www.hltv.org/n/43882,aurora,MAJ3R,HLTV,PGL/2026/Cluj-Napoca
PGL Cluj-Napoca 2026,2026-02-16,"3DMAX out of Cluj after 0-6 run: ""It sucks, we cannot play properly, we are losing our feeling""",https://www.hltv.org/n/43889,3dmax,bodyy,HLTV,PGL/2026/Cluj-Napoca
PGL Cluj-Napoca 2026,2026-02-16,"flameZ: ""We wanted to peak for the Cologne Major, but things have probably changed because of the Grand Slam""",https://www.hltv.org/n/43892,vit,flameZ,HLTV,PGL/2026/Cluj-Napoca
PGL Cluj-Napoca 2026,2026-02-17,"Brollan: ""FUT play very in your face and it caught us off-guard in some situations""",https://www.hltv.org/n/43898,mouz,Brollan,HLTV,PGL/2026/Cluj-Napoca
PGL Cluj-Napoca 2026,2026-02-17,"npl on s1zzi: ""He has the X-factor; if we want to become tier-one in the future, we need it""",https://www.hltv.org/n/43900,b8,npl,HLTV,PGL/2026/Cluj-Napoca
PGL Cluj-Napoca 2026,2026-02-17,"TOBIZ: ""Hopefully, Alkaren will return, but we just have to get the best out of the situation""",https://www.hltv.org/n/43903,heroic,TOBIZ,HLTV,PGL/2026/Cluj-Napoca
PGL Cluj-Napoca 2026,2026-02-18,"Aleksib: ""It was very nice to see iM act this way""",https://www.hltv.org/n/43914,navi,Aleksib,HLTV,PGL/2026/Cluj-Napoca
PGL Cluj-Napoca 2026,2026-02-19,"Jame: ""I don't make big expectations; I live in a reality where we make mistakes that you cannot win with""",https://www.hltv.org/n/43911,parivision,Jame,HLTV,PGL/2026/Cluj-Napoca
PGL Cluj-Napoca 2026,2026-02-20,"dastan: ""Zero pressure, that was the difference between us and them""",https://www.hltv.org/n/43923,parivision,dastan,HLTV,PGL/2026/Cluj-Napoca
PGL Cluj-Napoca 2026,2026-02-21,"zweih: ""I hoped we were going to make one playoff in the first season; it's insane""",https://www.hltv.org/n/43934,parivision,zweih,HLTV,PGL/2026/Cluj-Napoca
PGL Cluj-Napoca 2026,2026-02-22,"torzsi on crowd backlash: ""It got to me; every time the camera was on me, I heard the boos""",https://www.hltv.org/n/43940,mouz,torzsi,HLTV,PGL/2026/Cluj-Napoca
PGL Cluj-Napoca 2026,2026-02-22,"ZywOo on letting teammates get MVPs: ""One day, maybe, when I get to 30 years old""",https://www.hltv.org/n/43943,vit,ZywOo,HLTV,PGL/2026/Cluj-Napoca
PGL Cluj-Napoca 2026,2026-02-14,PGL Cluj-Napoca 2026 - Day 1,https://www.hltv.org/gallery/13031,,,HLTV,PGL/2026/Cluj-Napoca
PGL Cluj-Napoca 2026,2026-02-15,PGL Cluj-Napoca 2026 - Day 2,https://www.hltv.org/gallery/13032,,,HLTV,PGL/2026/Cluj-Napoca
PGL Cluj-Napoca 2026,2026-02-16,PGL Cluj-Napoca 2026 - Day 3,https://www.hltv.org/gallery/13033,,,HLTV,PGL/2026/Cluj-Napoca
PGL Cluj-Napoca 2026,2026-02-17,PGL Cluj-Napoca 2026 - Day 4,https://www.hltv.org/gallery/13034,,,HLTV,PGL/2026/Cluj-Napoca
PGL Cluj-Napoca 2026,2026-02-18,PGL Cluj-Napoca 2026 - Day 5,https://www.hltv.org/gallery/13035,,,HLTV,PGL/2026/Cluj-Napoca
PGL Cluj-Napoca 2026,2026-02-20,PGL Cluj-Napoca 2026 - Day 6,https://www.hltv.org/gallery/13037,,,HLTV,PGL/2026/Cluj-Napoca
PGL Cluj-Napoca 2026,2026-02-21,PGL Cluj-Napoca 2026 - Day 7,https://www.hltv.org/gallery/13039,,,HLTV,PGL/2026/Cluj-Napoca
PGL Cluj-Napoca 2026,2026-02-22,PGL Cluj-Napoca 2026 - Day 8,https://www.hltv.org/gallery/13040,,,HLTV,PGL/2026/Cluj-Napoca
Intel Extreme Masters Kraków 2026,2026-01-26,"IEM Kraków teams, format, schedule, prizes, talent, fantasy",https://www.hltv.org/n/43720,,,HLTV,Intel Extreme Masters/2026/Kraków
Intel Extreme Masters Kraków 2026,2026-02-08,ZywOo earns IEM Krakow 2026 MVP with his best-ever Big Event rating,https://www.hltv.org/n/43842,,,HLTV,Intel Extreme Masters/2026/Kraków
Intel Extreme Masters Kraków 2026,2026-02-11,The EVPs and All-Stars of IEM Krakow 2026,https://www.hltv.org/n/43853,,,HLTV,Intel Extreme Masters/2026/Kraków
Intel Extreme Masters Kraków 2026,2026-02-11,The VRS winners and losers of IEM Krakow,https://www.hltv.org/n/43855,,,HLTV,Intel Extreme Masters/2026/Kraków
Intel Extreme Masters Kraków 2026,2026-01-27,"vsm and piriajr talk joining paiN, Kraków preparation, and goals for 2026",https://www.hltv.org/n/43725,pain,vsm,HLTV,Intel Extreme Masters/2026/Kraków
Intel Extreme Masters Kraków 2026,2026-01-28,"woxic: ""When you think it's the end of the road, it's always great to bring new blood to the team""",https://www.hltv.org/n/43735,aurora,woxic,HLTV,Intel Extreme Masters/2026/Kraków
Intel Extreme Masters Kraków 2026,2026-01-28,"phzy: ""I've shown glimpses of what I can do; I've just gotta reach that level more consistently""",https://www.hltv.org/n/43736,astralis,phzy,HLTV,Intel Extreme Masters/2026/Kraków
Intel Extreme Masters Kraków 2026,2026-01-28,"TaZ: ""There is huge pressure on both s1mple and electroNic to perform and come back, because I don't think anyone believes that it's possible""",https://www.hltv.org/n/43740,bc.game,TaZ,HLTV,Intel Extreme Masters/2026/Kraków
Intel Extreme Masters Kraków 2026,2026-01-29,"dastan: ""It was very nice to be happy for at least a few days and give some hope for new guys and teams""",https://www.hltv.org/n/43746,parivision,dastan,HLTV,Intel Extreme Masters/2026/Kraków
Intel Extreme Masters Kraków 2026,2026-01-29,"cairne on Snappi: ""He can call the whole round two seconds before freeze time ends, it's crazy""",https://www.hltv.org/n/43749,nip,cairne,HLTV,Intel Extreme Masters/2026/Kraków
Intel Extreme Masters Kraków 2026,2026-01-30,"Krabeni on transfer offers: ""We all knew what we are capable of together, so in the end, everyone declined everything""",https://www.hltv.org/n/43753,fut,Krabeni,HLTV,Intel Extreme Masters/2026/Kraków
Intel Extreme Masters Kraków 2026,2026-01-30,"oSee: ""What I've been doing my whole career is AWPing, and I didn't want to stray away from that""",https://www.hltv.org/n/43761,nrg,oSee,HLTV,Intel Extreme Masters/2026/Kraków
Intel Extreme Masters Kraków 2026,2026-01-30,"s1mple: ""Once we've been together for one or two months, I'll be more comfortable and I'm pretty sure my game will be sharper""",https://www.hltv.org/n/43764,bc.game,s1mple,HLTV,Intel Extreme Masters/2026/Kraków
Intel Extreme Masters Kraków 2026,2026-01-31,"huNter-: ""I don't expect to have 1.30 ratings all of a sudden, but I want just a bit more consistency""",https://www.hltv.org/n/43772,g2,huNter-,HLTV,Intel Extreme Masters/2026/Kraków
Intel Extreme Masters Kraków 2026,2026-01-31,"tN1R: ""It looks like the old roster with only me as a new player, but in reality it's a full new team""",https://www.hltv.org/n/43776,spirit,tN1R,HLTV,Intel Extreme Masters/2026/Kraków
Intel Extreme Masters Kraków 2026,2026-02-01,"bodyy: ""Last year, we played CS that was the identity of 3DMAX, but it's hard to consistently replicate""",https://www.hltv.org/n/43780,3dmax,bodyy,HLTV,Intel Extreme Masters/2026/Kraków
Intel Extreme Masters Kraków 2026,2026-02-01,"Spinx: ""If we were even 2-3% better last year, we would probably win some events""",https://www.hltv.org/n/43784,mouz,Spinx,HLTV,Intel Extreme Masters/2026/Kraków
Intel Extreme Masters Kraków 2026,2026-02-01,"YEKINDAR: ""We never really considered ourselves on the Vitality level""",https://www.hltv.org/n/43788,furia,YEKINDAR,HLTV,Intel Extreme Masters/2026/Kraków
Intel Extreme Masters Kraków 2026,2026-02-02,"HooXi: ""I have a very different view on this lineup because now I can actually think long term""",https://www.hltv.org/n/43791,astralis,HooXi,HLTV,Intel Extreme Masters/2026/Kraków
Intel Extreme Masters Kraków 2026,2026-02-02,"ropz: ""We know that we can win a lot of trophies, but we are not setting those extreme goals""",https://www.hltv.org/n/43795,vit,ropz,HLTV,Intel Extreme Masters/2026/Kraków
Intel Extreme Masters Kraków 2026,2026-02-02,"kyxsan: ""We're still alive, and that's the most important thing""",https://www.hltv.org/n/43799,falcons,kyxsan,HLTV,Intel Extreme Masters/2026/Kraków
Intel Extreme Masters Kraków 2026,2026-02-04,"karrigan: ""We could not even make the game close or have a feeling of progression""",https://www.hltv.org/n/43809,faze,karrigan,HLTV,Intel Extreme Masters/2026/Kraków
Intel Extreme Masters Kraków 2026,2026-02-04,"HeavyGod on missing out on Top 20: ""Maybe it was a bit harmful because maybe I expected it""",https://www.hltv.org/n/43819,g2,HeavyGod,HLTV,Intel Extreme Masters/2026/Kraków
Intel Extreme Masters Kraków 2026,2026-02-04,"soulfly: ""Playing with XANTARES is kind of [like] playing with wallhack""",https://www.hltv.org/n/43820,aurora,soulfly,HLTV,Intel Extreme Masters/2026/Kraków
Intel Extreme Masters Kraków 2026,2026-02-05,"FalleN: ""Just because something was working before, it doesn't necessarily mean it's going to keep working""",https://www.hltv.org/n/43821,furia,FalleN,HLTV,Intel Extreme Masters/2026/Kraków
Intel Extreme Masters Kraków 2026,2026-02-07,"xertioN: ""It's much easier for us to be comfortable on stage""",https://www.hltv.org/n/43830,mouz,xertioN,HLTV,Intel Extreme Masters/2026/Kraków
Intel Extreme Masters Kraków 2026,2026-02-07,"sidde: ""Right now we have the same level of comfort as we had last year""",https://www.hltv.org/n/43834,furia,sidde,HLTV,Intel Extreme Masters/2026/Kraków
Intel Extreme Masters Kraków 2026,2026-02-08,"ZywOo: ""I can say it was my best performance that I've ever played in a tournament""",https://www.hltv.org/n/43844,vit,ZywOo,HLTV,Intel Extreme Masters/2026/Kraków
Intel Extreme Masters Kraków 2026,2026-01-28,"Ærgerlig Chr1zN efter nederlag: ""Vi får måske bare ikke fulgt helt igennem""",https://www.dust2.dk/nyheder/70059/aergerlig-chr1zn-efter-nederlag-vi-faar-maaske-bare-ikke-fulgt-helt-igennem,heroic,Chr1zN,Dust2.dk,Intel Extreme Masters/2026/Kraków
Intel Extreme Masters Kraków 2026,2026-01-28,Snappi om målet for NIP: “Vi skal op ad ranglisten – gerne top 15 eller top 10 inden sommeren”,https://www.dust2.dk/nyheder/70077/snappi-om-maalet-for-nip-vi-skal-op-ad-ranglisten-gerne-top-15-eller-top-10-inden-sommeren,nip,Snappi,Dust2.dk,Intel Extreme Masters/2026/Kraków
Intel Extreme Masters Kraków 2026,2026-01-29,"sjuush: ""Det har været rigtig godt at få cairne ind på holdet""",https://www.dust2.dk/nyheder/70108/sjuush-det-har-vaeret-rigtig-godt-at-faa-cairne-ind-paa-holdet,nip,sjuush,Dust2.dk,Intel Extreme Masters/2026/Kraków
Intel Extreme Masters Kraków 2026,2026-01-30,Staehr om Tauson: “Det er øv – en af os ryger ud”,https://www.dust2.dk/nyheder/70134/staehr-om-tauson-det-er-oev-en-af-os-ryger-ud,astralis,Staehr,Dust2.dk,Intel Extreme Masters/2026/Kraków
Intel Extreme Masters Kraków 2026,2026-01-31,"HooXi om revanche mod PARIVISION: ""Vi fik smæk af dem online (...) vi har lært en del siden da""",https://www.dust2.dk/nyheder/70181/hooxi-om-revanche-mod-parivision-vi-fik-smaek-af-dem-online-vi-har-laert-en-del-siden-da,astralis,HooXi,Dust2.dk,Intel Extreme Masters/2026/Kraków
Intel Extreme Masters Kraków 2026,2026-02-02,"TeSeS efter nederlag til Aurora: ""Det er et wake-up call""",https://www.dust2.dk/nyheder/70232/teses-efter-nederlag-til-aurora-det-er-et-wake-up-call,falcons,TeSeS,Dust2.dk,Intel Extreme Masters/2026/Kraków
Intel Extreme Masters Kraków 2026,2026-02-02,"ryu om FUT: ""Jeg er ret tæt med nogle af dem, de er mine venner""",https://www.dust2.dk/nyheder/70241/ryu-om-fut-jeg-er-ret-taet-med-nogle-af-dem-de-er-mine-venner,astralis,ryu,Dust2.dk,Intel Extreme Masters/2026/Kraków
Intel Extreme Masters Kraków 2026,2026-01-28,"vsm: ""dgt nunca foi solo bomb, entro para fazer uma função que ele não sabia fazer""",https://www.dust2.com.br/noticias/70063/vsm-dgt-nunca-foi-solo-bomb-entro-para-fazer-uma-funcao-que-ele-nao-sabia-fazer,pain,v$m,Dust2.com.br,Intel Extreme Masters/2026/Kraków
Intel Extreme Masters Kraków 2026,2026-01-28,MUTiRiS celebra virada sobre Legacy e vê s1mple com potencial de top 1,https://www.dust2.com.br/noticias/70070/mutiris-celebra-virada-sobre-legacy-e-ve-s1mple-com-potencial-de-top-1,bc.game,MUTiRiS,Dust2.com.br,Intel Extreme Masters/2026/Kraków
Intel Extreme Masters Kraków 2026,2026-01-29,"biguzera: ""Por mim, eu jogaria nas piores posições possíveis""",https://www.dust2.com.br/noticias/70099/biguzera-por-mim-eu-jogaria-nas-piores-posicoes-possiveis,pain,biguzera,Dust2.com.br,Intel Extreme Masters/2026/Kraków
Intel Extreme Masters Kraków 2026,2026-01-29,"Manager vê ""falta de responsabilidade e respeito"" em início do ano da Legacy",https://www.dust2.com.br/noticias/70114/manager-ve-falta-de-responsabilidade-e-respeito-em-inicio-do-ano-da-legacy,legacy,RiVAS,Dust2.com.br,Intel Extreme Masters/2026/Kraków
Intel Extreme Masters Kraków 2026,2026-01-30,"piriajr comenta ""maior chance da carreira"" na paiN",https://www.dust2.com.br/noticias/70139/piriajr-comenta-maior-chance-da-carreira-na-pain,pain,piriajr,Dust2.com.br,Intel Extreme Masters/2026/Kraków
Intel Extreme Masters Kraków 2026,2026-01-30,"s1mple elogia nova BC.Game: ""Finalmente tenho um time decente""",https://www.dust2.com.br/noticias/70145/s1mple-elogia-nova-bcgame-finalmente-tenho-um-time-decente,bc.game,s1mple,Dust2.com.br,Intel Extreme Masters/2026/Kraków
Intel Extreme Masters Kraków 2026,2026-01-31,"FURIA inspirou internacionalização da Astralis, diz HooXi",https://www.dust2.com.br/noticias/70150/furia-inspirou-internacionalizacao-da-astralis-diz-hooxi,astralis,HooXi,Dust2.com.br,Intel Extreme Masters/2026/Kraków
Intel Extreme Masters Kraków 2026,2026-01-31,"FalleN: ""A peteca iria abaixar um pouco uma hora ou outra""",https://www.dust2.com.br/noticias/70174/fallen-a-peteca-iria-abaixar-um-pouco-uma-hora-ou-outra,furia,FalleN,Dust2.com.br,Intel Extreme Masters/2026/Kraków
Intel Extreme Masters Kraków 2026,2026-01-31,apEX não vê jogo especial contra s1mple e defende ZywOo,https://www.dust2.com.br/noticias/70191/apex-nao-ve-jogo-especial-contra-s1mple-e-defende-zywoo,vit,apEX,Dust2.com.br,Intel Extreme Masters/2026/Kraków
Intel Extreme Masters Kraków 2026,2026-02-01,"Aleksib quer NAVI estável no top 5: ""Não merecemos estar lá ainda""",https://www.dust2.com.br/noticias/70182/aleksib-quer-navi-estavel-no-top-5-nao-merecemos-estar-la-ainda,navi,Aleksib,Dust2.com.br,Intel Extreme Masters/2026/Kraków
Intel Extreme Masters Kraków 2026,2026-02-01,torzsi diz o que falta para a MOUZ vencer mais títulos,https://www.dust2.com.br/noticias/70207/torzsi-diz-o-que-falta-para-a-mouz-vencer-mais-titulos,mouz,torzsi,Dust2.com.br,Intel Extreme Masters/2026/Kraków
Intel Extreme Masters Kraków 2026,2026-02-01,"KSCERATO sobre top 9: ""Para brasileiro sempre é mais difícil""",https://www.dust2.com.br/noticias/70222/kscerato-sobre-top-9-para-brasileiro-sempre-e-mais-dificil,furia,KSCERATO,Dust2.com.br,Intel Extreme Masters/2026/Kraków
Intel Extreme Masters Kraków 2026,2026-02-03,"YEKINDAR sobre ser IGL da FURIA: ""Se pudesse escolher, provavelmente não""",https://www.dust2.com.br/noticias/70267/yekindar-sobre-ser-igl-da-furia-se-pudesse-escolher-provavelmente-nao,furia,YEKINDAR,Dust2.com.br,Intel Extreme Masters/2026/Kraków
Intel Extreme Masters Kraków 2026,2026-02-03,"m0NESY explica retrospecto ruim da Falcons em finais: ""Nos faltou consistência""",https://www.dust2.com.br/noticias/70264/m0nesy-explica-retrospecto-ruim-da-falcons-em-finais-nos-faltou-consistencia,falcons,m0NESY,Dust2.com.br,Intel Extreme Masters/2026/Kraków
Intel Extreme Masters Kraków 2026,2026-02-03,"dupreeh enxerga Astralis ""no caminho certo"" com internacionalização",https://www.dust2.com.br/noticias/70281/dupreeh-enxerga-astralis-no-caminho-certo-com-internacionalizacao,,dupreeh,Dust2.com.br,Intel Extreme Masters/2026/Kraków
Intel Extreme Masters Kraków 2026,2026-02-03,"yuurih comenta adaptação difícil de TR: ""Tudo estava dando errado""",https://www.dust2.com.br/noticias/70294/yuurih-comenta-adaptacao-dificil-de-tr-tudo-estava-dando-errado,furia,yuurih,Dust2.com.br,Intel Extreme Masters/2026/Kraków
Intel Extreme Masters Kraków 2026,2026-02-04,"""Quero ficar na G2, mas, se eu jogar como em 2025, não vai ter como"", brinca malbsMd",https://www.dust2.com.br/noticias/70321/quero-ficar-na-g2-mas-se-eu-jogar-como-em-2025-nao-vai-ter-como-brinca-malbsmd,g2,malbsMd,Dust2.com.br,Intel Extreme Masters/2026/Kraków
Intel Extreme Masters Kraków 2026,2026-02-04,"FalleN detalha conversa da FURIA: ""Único caminho que nos fez chegar até aqui""",https://www.dust2.com.br/noticias/70323/fallen-detalha-conversa-da-furia-unico-caminho-que-nos-fez-chegar-ate-aqui,furia,FalleN,Dust2.com.br,Intel Extreme Masters/2026/Kraków
Intel Extreme Masters Kraków 2026,2026-02-05,"donk comenta disputa com ZywOo e retrospecto de ""carregar"" a Spirit",https://www.dust2.com.br/noticias/70340/donk-comenta-disputa-com-zywoo-e-retrospecto-de-carregar-a-spirit,spirit,donk,Dust2.com.br,Intel Extreme Masters/2026/Kraków
Intel Extreme Masters Kraków 2026,2026-02-06,"ZywOo: ""Sabemos que podemos vencer tudo. Essa é a nossa motivação""",https://www.dust2.com.br/noticias/70343/zywoo-sabemos-que-podemos-vencer-tudo-essa-e-a-nossa-motivacao,vit,ZywOo,Dust2.com.br,Intel Extreme Masters/2026/Kraków
Intel Extreme Masters Kraków 2026,2026-02-06,"sidde: ""O sucesso do ano passado pode voltar contra você""",https://www.dust2.com.br/noticias/70376/sidde-o-sucesso-do-ano-passado-pode-voltar-contra-voce,furia,sidde,Dust2.com.br,Intel Extreme Masters/2026/Kraków
Intel Extreme Masters Kraków 2026,2026-02-07,"molodoy ao eliminar Spirit: ""Não penso em quem vamos jogar contra""",https://www.dust2.com.br/noticias/70419/molodoy-ao-eliminar-spirit-nao-penso-em-quem-vamos-jogar-contra,furia,molodoy,Dust2.com.br,Intel Extreme Masters/2026/Kraków
Intel Extreme Masters Kraków 2026,2026-02-07,apEX diz o que mudou na FURIA e na Vitality desde o vice na IEM Chengdu,https://www.dust2.com.br/noticias/70428/apex-diz-o-que-mudou-na-furia-e-na-vitality-desde-o-vice-na-iem-chengdu,vit,apEX,Dust2.com.br,Intel Extreme Masters/2026/Kraków
Intel Extreme Masters Kraków 2026,2026-02-09,"flameZ celebra título e avalia FURIA: ""Possivelmente sentiram a pressão""",https://www.dust2.com.br/noticias/70461/flamez-celebra-titulo-e-avalia-furia-possivelmente-sentiram-a-pressao,vit,flameZ,Dust2.com.br,Intel Extreme Masters/2026/Kraków
Intel Extreme Masters Kraków 2026,2026-02-05,"flameZ: «On the other hand, if he's going to do it grinding with the team, he has to be a bit more positive and open-minded, because they're a three-weeks team»",https://players.com.ua/en/news/flamez-on-the-other-hand-if-he-s-going-to-do-it-grinding-with-the-team-he-has-to-be-a-bit-more-positive-and-open-minded-because-they-re-a-three-weeks-team/,vit,flameZ,Players,Intel Extreme Masters/2026/Kraków
Intel Extreme Masters Kraków 2026,2026-02-05,Jimpphat about the match against G2: “It's a little bit like an unknown opponent for us. We just need to play our own game”,https://players.com.ua/en/news/jimpphat-about-the-match-against-g2-it-s-a-little-bit-like-an-unknown-opponent-for-us-we-just-need-to-play-our-own-game/,mouz,Jimpphat,Players,Intel Extreme Masters/2026/Kraków
Intel Extreme Masters Kraków 2026,2026-02-05,"MATYS: “I’d say Zyw0o, nothing s1mple has already matters after CS:GO”",https://players.com.ua/en/news/matys-i-d-say-zyw0o-nothing-s1mple-has-already-matters-after-cs-go/,g2,MATYS,Players,Intel Extreme Masters/2026/Kraków
Intel Extreme Masters Kraków 2026,2026-02-06,sidde after the victory over Aurora: «I think we played close to our best level»,https://players.com.ua/en/news/sidde-after-the-victory-over-aurora-i-think-we-played-close-to-our-best-level/,furia,sidde,Players,Intel Extreme Masters/2026/Kraków
Intel Extreme Masters Kraków 2026,2026-02-06,"KSCERATO after the victory over Aurora: «I mean, we prepared a lot. We had two days to prepare for them»",https://players.com.ua/en/news/kscerato-after-the-victory-over-aurora-i-mean-we-prepared-a-lot-we-had-two-days-to-prepare-for-them/,furia,KSCERATO,Players,Intel Extreme Masters/2026/Kraków
Intel Extreme Masters Kraków 2026,2026-02-07,"mezii after reaching the final of IEM Kraków 2026: ""We still want to get up there and lift that trophy. So that's the plan for tomorrow""",https://players.com.ua/en/news/mezii-after-reaching-the-final-of-iem-krakow-2026-we-still-want-to-get-up-there-and-lift-that-trophy-so-that-s-the-plan-for-tomorrow/,vitality,mezii,Players,Intel Extreme Masters/2026/Kraków
Intel Extreme Masters Kraków 2026,2026-02-08,ZywOo about Molodoy: «I just think he needs to be better as a team»,https://players.com.ua/en/news/zywoo-about-molodoy-i-just-think-he-needs-to-be-better-as-a-team/,vitality,ZywOo,Players,Intel Extreme Masters/2026/Kraków
Intel Extreme Masters Kraków 2026,2026-02-05,"KSCERATO at IEM Krakow 2026: “You have to be able to understand the opponents and what they are doing… in this level, if you blink, you’re dead”",https://www.hotspawn.com/counter-strike/news/furia-kscerato-iem-krakow-2026-interview,furia,KSCERATO,Hotspawn,Intel Extreme Masters/2026/Kraków
Intel Extreme Masters Kraków 2026,2026-02-05,"donk on individual awards: “I cannot be the best player in the world if I will not win tournaments, it’s easy”",https://www.hotspawn.com/counter-strike/news/spirit-donk-iem-krakow-2026-interview,spirit,donk,Hotspawn,Intel Extreme Masters/2026/Kraków
Intel Extreme Masters Kraków 2026,2026-02-05,huNter- at IEM Krakow 2026: “We are just trying to enjoy the game more…. we are all humans and sometimes you cannot control everything”,https://www.hotspawn.com/counter-strike/news/g2-hunter-iem-krakow-2026-interview,g2,huNter-,Hotspawn,Intel Extreme Masters/2026/Kraków
Intel Extreme Masters Kraków 2026,2026-02-05,"torzsi on MOUZ in 2026: “We still trust every player in the lineup and we have the same chemistry, like a family”",https://www.hotspawn.com/counter-strike/news/mouz-torzsi-iem-krakow-2026-interview,mouz,torzsi,Hotspawn,Intel Extreme Masters/2026/Kraków
Intel Extreme Masters Kraków 2026,2026-02-06,"XANTARES on soulfly: “He’s a soldier, that’s what we needed”",https://www.hotspawn.com/counter-strike/news/xantares-iem-krakow-2026-interview,aurora,XANTARES,Hotspawn,Intel Extreme Masters/2026/Kraków
Intel Extreme Masters Kraków 2026,2026-02-06,"mezii at IEM Kraków: “To get to number one is hard, but to stay is even harder for us”",https://www.hotspawn.com/counter-strike/news/mezii-iem-krakow-2026-interview,vit,mezii,Hotspawn,Intel Extreme Masters/2026/Kraków
Intel Extreme Masters Kraków 2026,2026-01-27,"Maka on comeback from 12:5: “We won one round, two rounds, and then the communication stepped up”",https://bo3.gg/news/exclusive-maka-on-comeback-from-12-5-we-won-one-round-two-rounds-and-then-the-communication-stepped-up,3dmax,Maka,BO3.GG,Intel Extreme Masters/2026/Kraków
Intel Extreme Masters Kraków 2026,2026-01-27,"MUTiRiS about s1mple: ""Individually, he’s still there — top three, maybe the best in the world""",https://bo3.gg/news/exclusive-mutiris-about-s1mple-individually-he-s-still-there-top-three-maybe-the-best-in-the-world,bc.game,MUTiRiS,BO3.GG,Intel Extreme Masters/2026/Kraków
Intel Extreme Masters Kraków 2026,2026-01-27,malbsMd: “I’ve always been the guy who holds W and goes in for the team”,https://bo3.gg/news/exclusive-malbsmd-i-ve-always-been-the-guy-who-holds-w-and-goes-in-for-the-team,g2,malbsMd,BO3.GG,Intel Extreme Masters/2026/Kraków
Intel Extreme Masters Kraków 2026,2026-01-29,"Lucky on the game against s1mple and electroNic: “Those guys are legends, but we felt like we were the better team today”",https://bo3.gg/news/exclusive-Lucky-on-the-game-against-s1mple-and-electronic-those-guys-are-legends-but-we-felt-like-we-were-the-better-team-today,3dmax,Lucky (French player),BO3.GG,Intel Extreme Masters/2026/Kraków
Intel Extreme Masters Kraków 2026,2026-01-30,"lauNX on the game at Tier 1 level: “At the moment, I haven’t felt pressure against any team we played”",https://bo3.gg/news/exclusive-launx-on-the-game-at-tier-1-level-at-the-moment-i-haven-t-felt-pressure-against-any-team-we-played,fut,lauNX,BO3.GG,Intel Extreme Masters/2026/Kraków
Intel Extreme Masters Kraków 2026,2026-01-30,"huNter-: “We don’t have a player who will just drop 50 kills like NiKo or m0NESY, so everyone needs to step up — and I think we’re capable of that”",https://bo3.gg/news/exclusive-hunter-we-dont-have-a-player-who-will-just-drop-50-kills-like-niko-or-m0nesy-so-everyone-needs-to-step-up-and-i-think-we-re-capable-of-that,g2,huNter-,BO3.GG,Intel Extreme Masters/2026/Kraków
Intel Extreme Masters Kraków 2026,2026-01-30,nitr0: “I still believe I’m one of the top IGLs”,https://bo3.gg/news/exclusive-nitr0-i-still-believe-i-m-one-of-the-top-igls,nrg,nitr0,BO3.GG,Intel Extreme Masters/2026/Kraków
Intel Extreme Masters Kraków 2026,2026-01-30,"MAJ3R on soufly's adaptation: “He’s helping the team, and for now I’m satisfied with his performance”",https://bo3.gg/news/exclusive-maj3r-on-soufly-s-adaptation-he-s-helping-the-team-and-for-now-i-m-satisfied-with-his-performance,aurora,MAJ3R,BO3.GG,Intel Extreme Masters/2026/Kraków
Intel Extreme Masters Kraków 2026,2026-01-30,HooXi: “Today we took a step down and then a step back up”,https://bo3.gg/news/exclusive-hooxi-today-we-took-a-step-down-and-then-a-step-back-up,astralis,HooXi,BO3.GG,Intel Extreme Masters/2026/Kraków
Intel Extreme Masters Kraków 2026,2026-01-30,"Krabeni on the match against Liquid: “To be honest, I didn’t feel any specific problems”",https://bo3.gg/news/exclusive-krabeni-on-the-match-against-liquid-to-be-honest-i-didn-t-feel-any-specific-problems,fut,Krabeni,BO3.GG,Intel Extreme Masters/2026/Kraków
Intel Extreme Masters Kraków 2026,2026-01-31,"cmtry on Win Against FURIA: ""For me, it was just a regular game against a strong opponent""",https://bo3.gg/news/exclusive-cmtry-on-the-victory-over-furia-for-me-it-was-just-another-game-against-a-strong-opponent,fut,cmtry,BO3.GG,Intel Extreme Masters/2026/Kraków
Intel Extreme Masters Kraków 2026,2026-01-31,bodyy: “Winning a Major is the last thing on my bucket list”,https://bo3.gg/news/exclusive-bodyy-winning-a-major-is-the-last-thing-on-my-bucket-list,3dmax,bodyy,BO3.GG,Intel Extreme Masters/2026/Kraków
Intel Extreme Masters Kraków 2026,2026-02-01,apEX: “It’s always good to play against s1mple — the CS:GO GOAT”,https://bo3.gg/news/exclusive-apex-it-s-always-good-to-play-against-s1mple-the-cs-go-goat,vit,apEX,BO3.GG,Intel Extreme Masters/2026/Kraków
Intel Extreme Masters Kraków 2026,2026-02-01,woxic on Falcons: “You can compare them to Real Madrid”,https://bo3.gg/news/exclusive-woxic-on-falcons-you-can-compare-them-to-real-madrid,aurora,woxic,BO3.GG,Intel Extreme Masters/2026/Kraków
Intel Extreme Masters Kraków 2026,2026-02-01,FalleN: “910 has been one of the best AWPers last year”,https://bo3.gg/news/exclusive-fallen-910-has-been-one-of-the-best-awpers-last-year,furia,FalleN,BO3.GG,Intel Extreme Masters/2026/Kraków
Intel Extreme Masters Kraków 2026,2026-02-02,"Aleksib: “We want to beat these team, but we keep losing to Spirit time and time again, and we still haven’t found the right solution”",https://bo3.gg/news/exclusive-aleksib-we-want-to-beat-these-team-but-we-keep-losing-to-spirit-time-and-time-again-and-we-still-haven-t-found-the-right-solution,navi,Aleksib,BO3.GG,Intel Extreme Masters/2026/Kraków
Intel Extreme Masters Kraków 2026,2026-02-02,"phzy: “We’re very close on some maps to beating top teams like Spirit, and the other day we lost to ENCE, so stability is the main thing we need right now”",https://bo3.gg/news/exclusive-phzy-we-re-very-close-on-some-maps-to-beating-top-teams-like-spirit-and-the-other-day-we-lost-to-ence-so-stability-is-the-main-thing-we-need-right-now,astralis,phzy,BO3.GG,Intel Extreme Masters/2026/Kraków
Intel Extreme Masters Kraków 2026,2026-02-02,mezii on s1mple: “He’s done so much for the game — he’s one of the greatest players ever”,https://bo3.gg/news/exclusive-mezii-on-s1mple-he-s-done-so-much-for-the-game-he-s-one-of-the-greatest-players-ever,vit,mezii,BO3.GG,Intel Extreme Masters/2026/Kraków
Intel Extreme Masters Kraków 2026,2026-02-02,"broky on if he is better than s1mple in CS2: ""I don’t know. I think if he keeps playing like he is, he can still get better""",https://bo3.gg/news/exclusive-broky-on-if-he-is-better-than-s1mple-in-cs2-i-don-t-know-i-think-if-he-keeps-playing-like-he-is-he-can-still-get-better,faze,broky,BO3.GG,Intel Extreme Masters/2026/Kraków
Intel Extreme Masters Kraków 2026,2026-02-03,xertioN: “This is the strongest MOUZ I’ve been a part of”,https://bo3.gg/news/exclusive-xertion-this-is-the-strongest-mouz-i-ve-been-a-part-of,mouz,xertioN,BO3.GG,Intel Extreme Masters/2026/Kraków
Intel Extreme Masters Kraków 2026,2026-02-04,"sh1ro: ""I don't care about the lack of an MVP — I'm just not interested in it""",https://bo3.gg/news/exclusive-sh1ro-i-don-t-care-about-the-lack-of-an-mvp-i-m-just-not-interested-in-it,spirit,sh1ro,BO3.GG,Intel Extreme Masters/2026/Kraków
Intel Extreme Masters Kraków 2026,2026-02-05,"HeavyGod: ""Anyone who says trophies don't matter is lying. For a player, a trophy is a symbol""",https://bo3.gg/news/exclusive-heavygod-anyone-who-says-trophies-aren-t-important-is-lying-for-a-player-a-trophy-is-a-symbol,g2,HeavyGod,BO3.GG,Intel Extreme Masters/2026/Kraków
Intel Extreme Masters Kraków 2026,2026-02-06,"molodoy: ""When you're not the favorite, people don't have high expectations""",https://bo3.gg/news/exclusive-molodoy-when-you-re-not-the-favourite-people-don-t-have-unrealistic-expectations-of-you,furia,molodoy,BO3.GG,Intel Extreme Masters/2026/Kraków
Intel Extreme Masters Kraków 2026,2026-02-07,"Spinx: ""As for the whole “aura” thing, I don’t know, maybe I’m too old, but I think it’s more of a TikTok thing""",https://bo3.gg/news/exclusive-spinx-as-for-the-whole-aura-thing-i-don-t-know-maybe-i-m-too-old-but-i-think-it-s-more-of-a-tiktok-thing,mouz,Spinx,BO3.GG,Intel Extreme Masters/2026/Kraków
Intel Extreme Masters Kraków 2026,2026-02-07,"Jimpphat on transfer rumors: ""I never wanted to leave MOUZ""",https://bo3.gg/news/exclusive-jimpphat-on-transfer-rumors-i-never-wanted-to-leave-mouz,mouz,Jimpphat,BO3.GG,Intel Extreme Masters/2026/Kraków
Intel Extreme Masters Kraków 2026,2026-02-09,"ZywOo: ""If we keep winning trophies, the legacy will come naturally""",https://bo3.gg/news/exclusive-zywoo-if-we-keep-winning-trophies-the-legacy-will-come-naturally,vit,ZywOo,BO3.GG,Intel Extreme Masters/2026/Kraków
Intel Extreme Masters Kraków 2026,2026-01-30,xKacpersky: RZUCIŁEM SZKOŁĘ DLA COUNTER-STRIKE'A,https://youtu.be/Ul-OYx_QtVQ,nip,xKacpersky,Respawn.pl,Intel Extreme Masters/2026/Kraków
Intel Extreme Masters Kraków 2026,2026-01-30,Snax: NASTAWIAŁEM SIĘ NA KONIEC KARIERY,https://youtu.be/X7bv0CAbIWM,gl,Snax,Respawn.pl,Intel Extreme Masters/2026/Kraków
Intel Extreme Masters Kraków 2026,2026-01-31,hypex: NIE SPODZIEWAŁEM SIĘ TYLU POLAKÓW W GAMERLEGION,https://youtu.be/0q8voeCQIfE,gl,hypex,Respawn.pl,Intel Extreme Masters/2026/Kraków
Intel Extreme Masters Kraków 2026,2026-02-01,"Lucky: KATOWICE BYŁY LEGENDARNE, ZDZIWIŁA MNIE ZMIANA NA KRAKÓW",https://youtu.be/KUbCzkAogcQ,3dmax,Lucky (French player),Respawn.pl,Intel Extreme Masters/2026/Kraków
Intel Extreme Masters Kraków 2026,2026-02-01,woxic: 2025 BYŁ NAJLEPSZY DLA TURECKIEGO COUNTER-STRIKE'A!,https://youtu.be/dPK0Pat_rA4,aurora,woxic,Respawn.pl,Intel Extreme Masters/2026/Kraków
Intel Extreme Masters Kraków 2026,2026-02-04,phzy: VINS BYŁ DOBRYM LIDEREM DRUŻYNY,https://youtu.be/lWvaq29pTVo,astralis,phzy,Respawn.pl,Intel Extreme Masters/2026/Kraków
Intel Extreme Masters Kraków 2026,2026-02-06,KSCERATO chwali się językiem polskim i zdradza plan na donka,https://youtu.be/6TXRkOcO9bA,furia,KSCERATO,Respawn.pl,Intel Extreme Masters/2026/Kraków
Intel Extreme Masters Kraków 2026,2026-02-07,TORZSI o przenosinach IEM do Krakowa i pojedynku na Vitality,https://youtu.be/qOfmGr6Iaus,mouz,torzsi,Respawn.pl,Intel Extreme Masters/2026/Kraków
Intel Extreme Masters Kraków 2026,2026-02-07,KubiK: JESTEM ZMIESZANY RANKINGIEM VRS,https://youtu.be/3dAps_K-WTQ,,KubiK,Respawn.pl,Intel Extreme Masters/2026/Kraków
Intel Extreme Masters Kraków 2026,2026-02-08,PASHABICEPS CHCE ZBUDOWAĆ POLSKI ZESPÓŁ I ZDRADZA PLANY NA 2026 ROK,https://youtu.be/tmHlZ1Ln5Do,,pashaBiceps,Respawn.pl,Intel Extreme Masters/2026/Kraków
Intel Extreme Masters Kraków 2026,2026-02-09,"ropz zdradza, jak będzie świętował zwycięstwo na IEM Kraków 2026",https://youtu.be/UOVHb6bwdpQ,vit,ropz,Respawn.pl,Intel Extreme Masters/2026/Kraków
Intel Extreme Masters Kraków 2026,2026-01-28,"HooXi: device属于稳健派, phzy更加激进",https://csgo.5eplay.com/article/260129i9m8oy,astralis,HooXi,5EPlay,Intel Extreme Masters/2026/Kraków
Intel Extreme Masters Kraków 2026,2026-01-29,"nitr0: CS2比CSGO更具战术性, 带娃比管队友简单",https://csgo.5eplay.com/article/260129vgq56f,nrg,nitr0,5EPlay,Intel Extreme Masters/2026/Kraków
Intel Extreme Masters Kraków 2026,2026-01-30,"s1mple: 我只对比赛感兴趣, 适应新沟通环境很难",https://csgo.5eplay.com/article/260131fmegsc,bc.game,s1mple,5EPlay,Intel Extreme Masters/2026/Kraków
Intel Extreme Masters Kraków 2026,2026-01-31,"Aleksib: 本次版本更新得很好, 并未针对PV做准备",https://csgo.5eplay.com/article/260201b6d0kf,navi,Aleksib,5EPlay,Intel Extreme Masters/2026/Kraków
Intel Extreme Masters Kraków 2026,2026-02-01,"MAJ3R: 我们克制Falcons, soulfly更冷静善于沟通",https://csgo.5eplay.com/article/260202gcvqsr,aurora,MAJ3R,5EPlay,Intel Extreme Masters/2026/Kraków
Intel Extreme Masters Kraków 2026,2026-02-02,"apEX: 法国梦之队首选ZywOo, 想追平五星上将荣誉",https://csgo.5eplay.com/article/260203xr5g7n,vit,apEX,5EPlay,Intel Extreme Masters/2026/Kraków
Intel Extreme Masters Kraków 2026,2026-02-08,"donk: 没人会在乎季军, magixx的指挥很有潜力",https://csgo.5eplay.com/article/260208a8wef2,spirit,donk,5EPlay,Intel Extreme Masters/2026/Kraków
Intel Extreme Masters Kraków 2026,2026-01-28,IEM Kraków 2026 Stage 1 - Day 1,https://www.hltv.org/gallery/13021,,,HLTV,Intel Extreme Masters/2026/Kraków
Intel Extreme Masters Kraków 2026,2026-01-29,IEM Kraków 2026 Stage 1 - Day 2,https://www.hltv.org/gallery/13022,,,HLTV,Intel Extreme Masters/2026/Kraków
Intel Extreme Masters Kraków 2026,2026-01-30,IEM Kraków 2026 Stage 1 - Day 3,https://www.hltv.org/gallery/13023,,,HLTV,Intel Extreme Masters/2026/Kraków
Intel Extreme Masters Kraków 2026,2026-01-31,IEM Kraków 2026 - Day 1,https://www.hltv.org/gallery/13024,,,HLTV,Intel Extreme Masters/2026/Kraków
Intel Extreme Masters Kraków 2026,2026-02-01,IEM Kraków 2026 - Day 2,https://www.hltv.org/gallery/13025,,,HLTV,Intel Extreme Masters/2026/Kraków
Intel Extreme Masters Kraków 2026,2026-02-02,IEM Kraków 2026 - Day 3,https://www.hltv.org/gallery/13026,,,HLTV,Intel Extreme Masters/2026/Kraków
Intel Extreme Masters Kraków 2026,2026-02-03,IEM Kraków 2026 - Day 4,https://www.hltv.org/gallery/13027,,,HLTV,Intel Extreme Masters/2026/Kraków
Intel Extreme Masters Kraków 2026,2026-02-06,IEM Kraków 2026 - Day 5,https://www.hltv.org/gallery/13028,,,HLTV,Intel Extreme Masters/2026/Kraków
Intel Extreme Masters Kraków 2026,2026-02-07,IEM Kraków 2026 - Day 6,https://www.hltv.org/gallery/13029,,,HLTV,Intel Extreme Masters/2026/Kraków
Intel Extreme Masters Kraków 2026,2026-02-08,IEM Kraków 2026 - Day 7,https://www.hltv.org/gallery/13030,,,HLTV,Intel Extreme Masters/2026/Kraków
BLAST Bounty Winter 2026,2026-01-25,NiKo claims BLAST Bounty Season 1 MVP,https://www.hltv.org/n/43715,,,HLTV,BLAST/Bounty/2026/Winter
BLAST Bounty Winter 2026,2026-01-27,The EVP and All-Stars of BLAST Bounty 2026 Season 1 Finals,https://www.hltv.org/n/43729,,,HLTV,BLAST/Bounty/2026/Winter
BLAST Bounty Winter 2026,2026-01-21,"Chr1zN: ""There is a clear goal to get HEROIC back at the top and [...] I'm here to make that happen""",https://www.hltv.org/n/43676,heroic,Chr1zN,HLTV,BLAST/Bounty/2026/Winter
BLAST Bounty Winter 2026,2026-01-21,"kyxsan: ""A lot of Schengen events happen this year, it was impossible to get kyousuke for all""",https://www.hltv.org/n/43678,falcons,kyxsan,HLTV,BLAST/Bounty/2026/Winter
BLAST Bounty Winter 2026,2026-01-21,"PR: ""I was getting hyped up that something good for me could happen, but after a few days I realized it was just Twitter rumors""",https://www.hltv.org/n/43677,gl,PR,HLTV,BLAST/Bounty/2026/Winter
BLAST Bounty Winter 2026,2026-01-21,"sidde: ""We're trying to focus on molodoy having the AWP as many rounds as we can""",https://www.hltv.org/n/43681,furia,sidde,HLTV,BLAST/Bounty/2026/Winter
BLAST Bounty Winter 2026,2026-01-21,"zont1x: ""From an organization perspective, you need to make changes to have better results, so donk will not leave""",https://www.hltv.org/n/43683,spirit,zont1x,HLTV,BLAST/Bounty/2026/Winter
BLAST Bounty Winter 2026,2026-01-21,"zweih on good start in PARIVISION: ""I just got lucky; I was playing Geometry Dash and connecting to the server""",https://www.hltv.org/n/43685,parivision,zweih,HLTV,BLAST/Bounty/2026/Winter
BLAST Bounty Winter 2026,2026-01-22,"siuhy: ""There will never be a moment when everyone's feeling 100% comfortable, that's CS""",https://www.hltv.org/n/43682,tl,siuhy,HLTV,BLAST/Bounty/2026/Winter
BLAST Bounty Winter 2026,2026-01-22,"apEX: ""Obviously it's not because you don't suck your coach's d*ck that he's not good""",https://www.hltv.org/n/43687,vit,apEX,HLTV,BLAST/Bounty/2026/Winter
BLAST Bounty Winter 2026,2026-01-23,"molodoy: ""I want more [trophies] this year, but you don't need to overthink; CS is the dream""",https://www.hltv.org/n/43698,furia,molodoy,HLTV,BLAST/Bounty/2026/Winter
BLAST Bounty Winter 2026,2026-01-23,"mezii: ""No matter the position we're in, someone always comes up with either a great call or individual greatness""",https://www.hltv.org/n/43702,vit,mezii,HLTV,BLAST/Bounty/2026/Winter
BLAST Bounty Winter 2026,2026-01-24,"NiKo: ""We did some good things in practice, so I'm not too surprised that we are doing well""",https://www.hltv.org/n/43709,falcons,NiKo,HLTV,BLAST/Bounty/2026/Winter
BLAST Bounty Winter 2026,2026-01-24,"dastan: ""I try to be very strict because every bad situation will cost [us] in the future""",https://www.hltv.org/n/43712,parivision,dastan,HLTV,BLAST/Bounty/2026/Winter
BLAST Bounty Winter 2026,2026-01-25,"Jame: ""LanDaLan was top-two after Rio; This one is like a regular CCT event""",https://www.hltv.org/n/43717,parivision,Jame,HLTV,BLAST/Bounty/2026/Winter
BLAST Bounty Winter 2026,2026-01-21,"PR on playing Passion UA: ""It was quite easy, in my humble opinion""",https://blast.tv/cs/news/pr-on-passion-ua,gl,PR,BLAST,BLAST/Bounty/2026/Winter
BLAST Bounty Winter 2026,2026-01-22,"EliGE: ""If someone comes on the market there could always be a roster change""",https://blast.tv/cs/news/elige-if-someone-comes-on-the-market,tl,EliGE,BLAST,BLAST/Bounty/2026/Winter
BLAST Bounty Winter 2026,2026-01-22,"yxngstxr: ""It's never nice to play against donk, but it's crazy as an AWPer""",https://blast.tv/cs/news/yxngstxr-its-never-nice-to-play-against-donk,heroic,yxngstxr,BLAST,BLAST/Bounty/2026/Winter
BLAST Bounty Winter 2026,2026-01-25,"dastan: ""I hope the win will help the guys to be more confident""",https://blast.tv/cs/news/dastan-i-hope-the-win-will-help-the-guys,parivision,dastan,BLAST,BLAST/Bounty/2026/Winter
BLAST Bounty Winter 2026,2026-01-21,"NiKo on joining Falcons: ""I didn't agree with some of the moves that was happening in G2""",https://youtu.be/K_qFqX_Ucr4,falcons,NiKo,Pley.gg,BLAST/Bounty/2026/Winter
BLAST Bounty Winter 2026,2026-01-21,KSCERATO on staying at FURIA: “I refused Liquid”,https://youtu.be/ObNWjOM65YM,furia,KSCERATO,Pley.gg,BLAST/Bounty/2026/Winter
BLAST Bounty Winter 2026,2026-01-21,"ropz on Anubis: ""Probably the worst map ever""",https://youtu.be/tdIaJzxXbyo,vit,ropz,Pley.gg,BLAST/Bounty/2026/Winter
BLAST Bounty Winter 2026,2026-01-23,"TeSeS : ""C'est juste une question de temps""",https://lasource.gg/news/teses-c-est-juste-une-question-de-temps,falcons,TeSeS,La Source,BLAST/Bounty/2026/Winter
BLAST Bounty Winter 2026,2026-01-23,"ZywOo : ""On est la pour gagner contre n'importe qui""",https://lasource.gg/news/zywoo-on-est-la-pour-gagner-contre-n-importe-qui,vit,ZywOo,La Source,BLAST/Bounty/2026/Winter
BLAST Bounty Winter 2026,2026-01-24,"apEX : ""Il va falloir qu’on se mette une petite claque""",https://lasource.gg/news/apex-il-va-falloir-qu-on-se-mette-une-petite-claque,vit,apEX,La Source,BLAST/Bounty/2026/Winter
BLAST Bounty Winter 2026,2026-01-26,"Aymeinstein : “J’étais comme un gosse, c’était quelque chose d’exceptionnel”",https://lasource.gg/news/aymen-j-etais-comme-un-gosse-c-etait-quelque-chose-d-exceptionnel,falcons,Aymeinstein,La Source,BLAST/Bounty/2026/Winter
BLAST Bounty Winter 2026,2026-01-22,BLAST Bounty 2026 Season 1 Finals - Day 1,https://www.hltv.org/gallery/13017,,,HLTV,BLAST/Bounty/2026/Winter
BLAST Bounty Winter 2026,2026-01-23,BLAST Bounty 2026 Season 1 Finals - Day 2,https://www.hltv.org/gallery/13018,,,HLTV,BLAST/Bounty/2026/Winter
BLAST Bounty Winter 2026,2026-01-24,BLAST Bounty 2026 Season 1 Finals - Day 3,https://www.hltv.org/gallery/13019,,,HLTV,BLAST/Bounty/2026/Winter
BLAST Bounty Winter 2026,2026-01-25,BLAST Bounty 2026 Season 1 Finals - Day 4,https://www.hltv.org/gallery/13020,,,HLTV,BLAST/Bounty/2026/Winter
BLAST Bounty Winter 2026,2026-01-12,"BLAST Bounty teams, format, schedule, talent, prizes, fantasy",https://www.hltv.org/n/43619,,,HLTV,BLAST/Bounty/2026/Winter
StarLadder Budapest Major 2025,2025-11-18,The view from the wrong side of the Major invite cut-off,https://www.hltv.org/n/43222,,,HLTV,StarLadder/2025/Major
StarLadder Budapest Major 2025,2025-11-19,"StarLadder Budapest Major teams, format, schedule, prizes, talent, fantasy",https://www.hltv.org/n/43232,,,HLTV,StarLadder/2025/Major
StarLadder Budapest Major 2025,2025-11-20,Meet the StarLadder Budapest Major rookies,https://www.hltv.org/n/43229,,,HLTV,StarLadder/2025/Major
StarLadder Budapest Major 2025,2025-11-22,What Brazil has to be excited about in Budapest,https://www.hltv.org/n/43234,,,HLTV,StarLadder/2025/Major
StarLadder Budapest Major 2025,2025-11-22,Visualized: Every team at StarLadder Budapest Major Stage 1,https://www.hltv.org/n/43230,,,HLTV,StarLadder/2025/Major
StarLadder Budapest Major 2025,2025-11-23,Infographic: StarLadder Budapest Major,https://www.hltv.org/n/43248,,,HLTV,StarLadder/2025/Major
StarLadder Budapest Major 2025,2025-11-28,Visualized: Every team at StarLadder Budapest Major Stage 2,https://www.hltv.org/n/43296,,,HLTV,StarLadder/2025/Major
StarLadder Budapest Major 2025,2025-12-03,Visualized: Every team at StarLadder Budapest Major Stage 3,https://www.hltv.org/n/43417,,,HLTV,StarLadder/2025/Major
StarLadder Budapest Major 2025,2025-12-10,The eight arcs of the Budapest Major's cinema bracket,https://www.hltv.org/n/43341,,,HLTV,StarLadder/2025/Major
StarLadder Budapest Major 2025,2025-12-14,ZywOo earns historic third Major MVP at StarLadder Budapest,https://www.hltv.org/n/43450,,,HLTV,StarLadder/2025/Major
StarLadder Budapest Major 2025,2025-12-16,The EVPs and All-Stars of StarLadder Budapest Major 2025,https://www.hltv.org/n/43453,,,HLTV,StarLadder/2025/Major
StarLadder Budapest Major 2025,2025-11-24,"VINI on chelo: ""There are a lot of strats that give him the freedom and space he needs to shine""",https://www.hltv.org/n/43253,imp,VINI,HLTV,StarLadder/2025/Major
StarLadder Budapest Major 2025,2025-11-24,"Swisher: ""When we were in NA, the scrims were non-existent""",https://www.hltv.org/n/43254,m80,Swisher,HLTV,StarLadder/2025/Major
StarLadder Budapest Major 2025,2025-11-24,"lux: ""We have the pressure, but we have the confidence""",https://www.hltv.org/n/43261,legacy,lux,HLTV,StarLadder/2025/Major
StarLadder Budapest Major 2025,2025-11-25,"xKacpersky: ""If one guy makes a mistake in a tactic, it can affect other players. Here we didn't make these shit mistakes""",https://www.hltv.org/n/43265,nip,xKacpersky,HLTV,StarLadder/2025/Major
StarLadder Budapest Major 2025,2025-11-25,"INS: ""I'm a friend, rather than a leader, so I'm trying to improve on that""",https://www.hltv.org/n/43262,fq,INS,HLTV,StarLadder/2025/Major
StarLadder Budapest Major 2025,2025-11-25,"daps: ""I started playing a lot more actively the last two weeks, just pugging, DMing and practicing my utility so I don't miss things""",https://www.hltv.org/n/43268,nrg,daps,HLTV,StarLadder/2025/Major
StarLadder Budapest Major 2025,2025-11-25,"fEAR on signing jackasmo: ""At that moment, I felt like this is the best choice; it's not like I want to bring my friend""",https://www.hltv.org/n/43271,fnatic,fEAR,HLTV,StarLadder/2025/Major
StarLadder Budapest Major 2025,2025-11-25,"jks: ""It's really good playing with a country behind you""",https://www.hltv.org/n/43274,fq,jks,HLTV,StarLadder/2025/Major
StarLadder Budapest Major 2025,2025-11-26,"GUM: ""We were just lacking some thinking; we followed the instinct, not the brain""",https://www.hltv.org/n/43279,lvg,GUM,HLTV,StarLadder/2025/Major
StarLadder Budapest Major 2025,2025-11-26,"hypex: ""I've already shown what I'm capable of in practice, I think it's time to show it in officials""",https://www.hltv.org/n/43275,gl,hypex,HLTV,StarLadder/2025/Major
StarLadder Budapest Major 2025,2025-11-26,"ewjerkz: ""We tried to slow down our game; it's better, because we have more time to think""",https://www.hltv.org/n/43282,nip,ewjerkz,HLTV,StarLadder/2025/Major
StarLadder Budapest Major 2025,2025-11-26,"headtr1ck: ""I'm feeling more fluent and free in the game""",https://www.hltv.org/n/43284,b8,headtr1ck,HLTV,StarLadder/2025/Major
StarLadder Budapest Major 2025,2025-11-26,"jackasmo: ""When we are as a three, we are speaking Ukrainian all the time""",https://www.hltv.org/n/43287,fnc,jackasmo,HLTV,StarLadder/2025/Major
StarLadder Budapest Major 2025,2025-11-27,"tacitus: ""When you are 2-0 [...] you're all of a sudden pressured to make it through; I don't think we were ready to be in that position""",https://www.hltv.org/n/43299,fluxo,tacitus,HLTV,StarLadder/2025/Major
StarLadder Budapest Major 2025,2025-11-27,"skullz: ""try is definitely a one-of-a-kind piece""",https://www.hltv.org/n/43301,imp,skullz,HLTV,StarLadder/2025/Major
StarLadder Budapest Major 2025,2025-11-28,"drop: ""Inside the team, we know we did a great job""",https://www.hltv.org/n/43288,red canids,drop,HLTV,StarLadder/2025/Major
StarLadder Budapest Major 2025,2025-11-28,"Jame on advancing with four rookies: ""It's some sort of miracle happening in front of your eyes""",https://www.hltv.org/n/43307,parivision,Jame,HLTV,StarLadder/2025/Major
StarLadder Budapest Major 2025,2025-11-XX,,https://www.hltv.org/n/,,,HLTV,StarLadder/2025/Major
StarLadder Budapest Major 2025,2025-11-26,"Lake: M80 is at ""a new level of CS as a team"" after 3-0 start at StarLadder Budapest",https://www.dust2.us/news/68012/lake-m80-is-at-a-new-level-of-cs-as-a-team-after-3-0-start-at-starladder-budapest,,Lake,Dust2.us,StarLadder/2025/Major
StarLadder Budapest Major 2025,2025-11-23,"drop sobre desabafo: ""Não é novidade que sou mais esquentadinho""",https://www.dust2.com.br/noticias/67880/drop-sobre-desabafo-nao-e-novidade-que-sou-mais-esquentadinho,red canids,drop,Dust2.com.br,StarLadder/2025/Major
StarLadder Budapest Major 2025,2025-11-23,"try rebate críticas: ""Se assistissem a um dia de bootcamp, saberiam que não falam a verdade""",https://www.dust2.com.br/noticias/67885/try-rebate-criticas-se-assistissem-a-um-dia-de-bootcamp-saberiam-que-nao-falam-a-verdade,imp,try,Dust2.com.br,StarLadder/2025/Major
StarLadder Budapest Major 2025,2025-11-24,"arT após estreia: ""Para nós não chega a ser zebra, sabemos nosso potencial""",https://www.dust2.com.br/noticias/67928/art-apos-estreia-para-nos-nao-chega-a-ser-zebra-sabemos-nosso-potencial,fluxo,arT,Dust2.com.br,StarLadder/2025/Major
StarLadder Budapest Major 2025,2025-11-24,"Pressão para passar de fase não atrapalha Legacy, diz latto",https://www.dust2.com.br/noticias/67954/pressao-para-passar-de-fase-nao-atrapalha-legacy-diz-latto,legacy,latto,Dust2.com.br,StarLadder/2025/Major
StarLadder Budapest Major 2025,2025-11-25,"venomzera: ""Viemos para ganhar de quem duvida de nós""",https://www.dust2.com.br/noticias/67965/venomzera-viemos-para-ganhar-de-quem-duvida-de-nos,red canids,venomzera,Dust2.com.br,StarLadder/2025/Major
StarLadder Budapest Major 2025,2025-11-25,Tacitus explica por que Fluxo sai invicto da estreia do Major,https://www.dust2.com.br/noticias/67970/tacitus-explica-por-que-fluxo-sai-invicto-da-estreia-do-major,fluxo,Tacitus,Dust2.com.br,StarLadder/2025/Major
StarLadder Budapest Major 2025,2025-11-25,kauez e lux comentam confronto brasileiro no Major,https://www.dust2.com.br/noticias/67991/kauez-e-lux-comentam-confronto-brasileiro-no-major,legacy,kauez,Dust2.com.br,StarLadder/2025/Major
StarLadder Budapest Major 2025,2025-11-25,zakk vê Imperial insegura e pensa em mudança na preparação,https://www.dust2.com.br/noticias/67998/zakk-ve-imperial-insegura-e-pensa-em-mudanca-na-preparacao,imp,zakk,Dust2.com.br,StarLadder/2025/Major
StarLadder Budapest Major 2025,2025-11-26,"kye: ""Não conseguimos entrar no servidor nesses dois jogos""",https://www.dust2.com.br/noticias/68036/kye-nao-conseguimos-entrar-no-servidor-nesses-dois-jogos,fluxo,kye,Dust2.com.br,StarLadder/2025/Major
StarLadder Budapest Major 2025,2025-11-26,"dumau sobre dia decisivo: ""Se tiver que ser na garganta ou no coração, vai ser""",https://www.dust2.com.br/noticias/68039/dumau-sobre-dia-decisivo-se-tiver-que-ser-na-garganta-ou-no-coracao-vai-ser,legacy,dumau,Dust2.com.br,StarLadder/2025/Major
StarLadder Budapest Major 2025,2025-11-26,"tge destaca falta de experiência da RED, mas vê balanço positivo no Major",https://www.dust2.com.br/noticias/68051/tge-destaca-falta-de-experiencia-da-red-mas-ve-balanco-positivo-no-major,red canids,tge,Dust2.com.br,StarLadder/2025/Major
StarLadder Budapest Major 2025,2025-11-26,"skullz: ""Estamos começando a mostrar o time que somos""",https://www.dust2.com.br/noticias/68060/skullz-estamos-comecando-a-mostrar-o-time-que-somos,imp,skullz,Dust2.com.br,StarLadder/2025/Major
StarLadder Budapest Major 2025,2025-11-27,"Map pool raso prejudicou Fluxo no Major, diz Tacitus",https://www.dust2.com.br/noticias/68087/map-pool-raso-prejudicou-fluxo-no-major-diz-tacitus,fluxo,Tacitus,Dust2.com.br,StarLadder/2025/Major
StarLadder Budapest Major 2025,2025-11-27,"noway: ""Estou comendo o jogo, nem na academia estou indo""",https://www.dust2.com.br/noticias/68093/noway-estou-comendo-o-jogo-nem-na-academia-estou-indo,imp,noway,Dust2.com.br,StarLadder/2025/Major
StarLadder Budapest Major 2025,2025-11-28,"saadzin sobre favoritismo da Legacy: ""Eu não soube lidar bem com a pressão""",https://www.dust2.com.br/noticias/68101/saadzin-sobre-favoritismo-da-legacy-eu-nao-soube-lidar-bem-com-a-pressao,legacy,saadzin,Dust2.com.br,StarLadder/2025/Major
StarLadder Budapest Major 2025,2025-11-24,"Lake tænkte ""oh shit"", da det blev 10-12",https://www.dust2.dk/nyheder/67916/lake-taenkte-oh-shit-da-det-blev-10-12,m80,Lake,Dust2.dk,StarLadder/2025/Major
StarLadder Budapest Major 2025,2025-11-24,"Tauson om transferrygter: ""Jeg tror, vi allesammen bliver""",https://www.dust2.dk/nyheder/67926/tauson-om-transferrygter-jeg-tror-vi-allesammen-bliver,gl,Tauson,Dust2.dk,StarLadder/2025/Major
StarLadder Budapest Major 2025,2025-11-24,"blameF: ""Nogle gange er det en hårfin grænse mellem fiasko og succes""",https://www.dust2.dk/nyheder/67942/blamef-nogle-gange-er-det-en-haarfin-graense-mellem-fiasko-og-succes,fnc,blameF,Dust2.dk,StarLadder/2025/Major
StarLadder Budapest Major 2025,2025-11-25,"Snappi om førstedagen i majoren: ""Meget utilfreds med første kamp, men meget tilfreds med anden kamp""",https://www.dust2.dk/nyheder/67980/snappi-om-foerstedagen-i-majoren-meget-utilfreds-med-foerste-kamp-men-meget-tilfreds-med-anden-kamp,nip,Snappi,Dust2.dk,StarLadder/2025/Major
StarLadder Budapest Major 2025,2025-11-25,"Snappi: ""Det er sindssygt, at vi stadigvæk kører den største turnering i hele kalenderåret med det dårligste format""",https://www.dust2.dk/nyheder/67968/snappi-det-er-sindssygt-at-vi-stadigvaek-koerer-den-stoerste-turnering-i-hele-kalenderaaret-med-det-daarligste-format,nip,Snappi,Dust2.dk,StarLadder/2025/Major
StarLadder Budapest Major 2025,2025-11-25,Tauson håber på at kunne sende FaZe ud af majoren i deres næste kamp,https://www.dust2.dk/nyheder/68003/tauson-haaber-paa-at-kunne-sende-faze-ud-af-majoren-i-deres-naeste-kamp,gl,Tauson,Dust2.dk,StarLadder/2025/Major
StarLadder Budapest Major 2025,2025-11-25,"regali: Det bedste FlyQuest, og det bliver endnu bedre",https://www.dust2.dk/nyheder/68000/regali-det-bedste-flyquest-og-det-bliver-endnu-bedre,fq,regali,Dust2.dk,StarLadder/2025/Major
StarLadder Budapest Major 2025,2025-11-25,s1n og slaxz- prøver at tænde gnisten for de døende scener,https://www.dust2.dk/nyheder/68009/s1n-og-slaxz-proever-at-taende-gnisten-for-de-doeende-scener,m80,s1n,Dust2.dk,StarLadder/2025/Major
StarLadder Budapest Major 2025,2025-11-26,"blameF efter avancement: ""Jeg føler ikke, at vi har spillet mod de bedste hold i Stage 1""",https://www.dust2.dk/nyheder/68047/blamef-efter-avancement-jeg-foeler-ikke-at-vi-har-spillet-mod-de-bedste-hold-i-stage-1,fnc,blameF,Dust2.dk,StarLadder/2025/Major
StarLadder Budapest Major 2025,2025-11-26,"karrigan: ""Det er ingen fejl at sige, at vi ikke spiller vores bedste""",https://www.dust2.dk/nyheder/68048/karrigan-det-er-ingen-fejl-at-sige-at-vi-ikke-spiller-vores-bedste,faze,karrigan,Dust2.dk,StarLadder/2025/Major
StarLadder Budapest Major 2025,2025-11-27,"Stage 2-sikrede sjuush: ""Stolene er hårde for numsen""",https://www.dust2.dk/nyheder/68050/stage-2-sikrede-sjuush-stolene-er-haarde-for-numsen,nip,sjuush,Dust2.dk,StarLadder/2025/Major
StarLadder Budapest Major 2025,2025-11-27,"frozen: ""Jeg er lettet, mand""",https://www.dust2.dk/nyheder/68082/frozen-jeg-er-lettet-mand,faze,frozen,Dust2.dk,StarLadder/2025/Major
StarLadder Budapest Major 2025,2025-11-27,"saadzin efter exit: ""Vi er unge, vi vokser - og næste år kan vi blive et tier-1-hold""",https://www.dust2.dk/nyheder/68091/br0-efter-haardt-exit-pinligt,legacy,saadzin,Dust2.dk,StarLadder/2025/Major
StarLadder Budapest Major 2025,2025-11-24,"lux: ""I think our goal in this Major is of course the playoffs""",https://bo3.gg/news/exclusive-lux-i-think-our-goal-in-this-major-is-of-course-the-playoffs,,lux,bo3.gg,StarLadder/2025/Major
StarLadder Budapest Major 2025,2025-11-24,"headtr1ck After Victory Over The Huns: ""We Were Mentally More Composed as a Team""",https://bo3.gg/news/exclusive-headtr1ck-after-defeating-the-huns-as-a-team-we-were-more-mentally-prepared,,headtr1ck,bo3.gg,StarLadder/2025/Major
StarLadder Budapest Major 2025,2025-11-25,"fEAR: ""We haven't reached full form yet, need to polish details, and then everything will be fine""",https://bo3.gg/news/exclusive-fear-we-re-not-quite-in-top-form-yet-we-need-to-tighten-up-the-details-and-then-everything-will-be-fine,,fear,bo3.gg,StarLadder/2025/Major
StarLadder Budapest Major 2025,2025-11-26,"Swisher about NRG: ""I hope they qualify because it’s good for the region""",https://bo3.gg/news/exclusive-swisher-about-nrg-i-hope-they-qualify-because-its-good-for-the-region,,Swisher,bo3.gg,StarLadder/2025/Major
StarLadder Budapest Major 2025,2025-11-26,"r1nkle: ""Honestly, there's no feeling like 'wow, it's a Major,' just a tournament""",https://bo3.gg/news/exclusive-r1nkle-honestly-i-dont-really-feel-like-wow-this-is-the-major-its-just-a-tournament,,r1nkle,bo3.gg,StarLadder/2025/Major
StarLadder Budapest Major 2025,2025-11-27,"br0 on goals at the Major: ""Honestly — having zero expectations""",https://bo3.gg/news/exclusive-br0-on-goals-at-the-major-honestly-having-zero-expectations,,br0,bo3.gg,StarLadder/2025/Major
StarLadder Budapest Major 2025,2025-11-28,"iM on makazze: ""Now he's learning that sometimes you need to push the brakes""",https://www.hltv.org/n/43310,navi,iM,HLTV,StarLadder/2025/Major
StarLadder Budapest Major 2025,2025-11-29,"EliGE: ""We had a really strong bootcamp that we're all feeling really good about""",https://www.hltv.org/n/43308,tl,EliGE,HLTV,StarLadder/2025/Major
StarLadder Budapest Major 2025,2025-11-29,"Maka: ""We were in intense preparation online, and we put in the hours we had to""",https://www.hltv.org/n/43315,3dmax,Maka,HLTV,StarLadder/2025/Major
StarLadder Budapest Major 2025,2025-11-29,"Staehr: ""It's more the pressure of qualifying for the Major; when you are here, it's the same as if I was playing a Cologne or whatever""",https://www.hltv.org/n/43314,astralis,Staehr,HLTV,StarLadder/2025/Major
StarLadder Budapest Major 2025,2025-11-29,"karrigan: ""With the changes we made, it's not about 2025 anymore""",https://www.hltv.org/n/43317,faze,karrigan,HLTV,StarLadder/2025/Major
StarLadder Budapest Major 2025,2025-11-30,"Kvem on playing with COL core: ""I didn't expect this; I thought I would be on the bench the whole season""",https://www.hltv.org/n/43321,passion ua,Kvem,HLTV,StarLadder/2025/Major
StarLadder Budapest Major 2025,2025-11-30,"ultimate on going 0-2: ""I feel like I know this team well enough to say that it was an off day""",https://www.hltv.org/n/43332,tl,ultimate,HLTV,StarLadder/2025/Major
StarLadder Budapest Major 2025,2025-12-01,"Aleksib on w0nderful: ""It goes to show how big of a change your mentality is""",https://www.hltv.org/n/43336,navi,Aleksib,HLTV,StarLadder/2025/Major
StarLadder Budapest Major 2025,2025-12-01,"KRIMZ: ""Many [former] tier-one players aren't going to go play CCT, but I just love to compete""",https://www.hltv.org/n/43338,fnc,KRIMZ,HLTV,StarLadder/2025/Major
StarLadder Budapest Major 2025,2025-12-01,"BELCHONOKK: ""dastan puts more pressure [on us] than the Major""",https://www.hltv.org/n/43340,parivision,BELCHONOKK,HLTV,StarLadder/2025/Major
StarLadder Budapest Major 2025,2025-12-02,"flashie on Liquid being too passive: ""We were too scared to lose, scared to make mistakes""",https://www.hltv.org/n/43349,tl,flashie,HLTV,StarLadder/2025/Major
StarLadder Budapest Major 2025,2025-12-02,"Grim: ""It's always nice to beat your NA friends, but it sucks it's for Major elimination""",https://www.hltv.org/n/43352,passion ua,Grim,HLTV,StarLadder/2025/Major
StarLadder Budapest Major 2025,2025-12-03,"device: ""A lot of this year has been, in some way, a wake-up call for me to figure out how I can be the player I want to be""",https://www.hltv.org/n/43350,astralis,device,HLTV,StarLadder/2025/Major
StarLadder Budapest Major 2025,2025-12-03,"NAF: ""The TYLOO game taught us a lot of resilience""",https://www.hltv.org/n/43354,tl,NAF,HLTV,StarLadder/2025/Major
StarLadder Budapest Major 2025,2025-12-03,"bodyy: ""We're close to [finding] the identity that we want to have on the server""",https://www.hltv.org/n/43358,3dmax,bodyy,HLTV,StarLadder/2025/Major
StarLadder Budapest Major 2025,2025-12-02,"EliGE: ""As long as we're playing well together, I think that we could beat anybody""",https://www.dust2.us/news/68293/elige-as-long-as-were-playing-well-together-i-think-that-we-could-beat-anybody,,EliGE,Dust2.us,StarLadder/2025/Major
StarLadder Budapest Major 2025,2025-12-02,"JT: ""To win a tournament you have to be a bit delusional and think you're the best""",https://www.dust2.us/news/68305/jt-to-win-a-tournament-you-have-to-be-a-bit-delusional-and-think-youre-the-best,,JT,Dust2.us,StarLadder/2025/Major
StarLadder Budapest Major 2025,2025-11-28,"insani após bootcamp de um mês: ""Podem esperar um time, não cinco jogando juntos""",https://www.dust2.com.br/noticias/68126/insani-apos-bootcamp-de-um-mes-podem-esperar-um-time-nao-cinco-jogando-juntos,mibr,insani,Dust2.com.br,StarLadder/2025/Major
StarLadder Budapest Major 2025,2025-11-28,boltz explica nova função na Imperial,https://www.dust2.com.br/noticias/68131/boltz-explica-nova-funcao-na-imperial,imp,boltz,Dust2.com.br,StarLadder/2025/Major
StarLadder Budapest Major 2025,2025-11-29,CEO da Imperial fala sobre troca do sticker e relação com Valve,https://www.dust2.com.br/noticias/68133/ceo-da-imperial-fala-sobre-troca-do-sticker-e-relacao-com-valve,imp,felippe1,Dust2.com.br,StarLadder/2025/Major
StarLadder Budapest Major 2025,2025-11-29,VINI fala de vitória contra MIBR e projeta encontro com NAVI,https://www.dust2.com.br/noticias/68163/vini-fala-de-vitoria-contra-mibr-e-projeta-encontro-com-navi,imp,VINI,Dust2.com.br,StarLadder/2025/Major
StarLadder Budapest Major 2025,2025-11-30,"skullz sobre avanço ao Stage 3: ""Estamos preparados para esse desafio""",https://www.dust2.com.br/noticias/68218/skullz-sobre-avanco-ao-stage-3-estamos-preparados-para-esse-desafio,imp,skullz,Dust2.com.br,StarLadder/2025/Major
StarLadder Budapest Major 2025,2025-11-30,Kakavel diz que MIBR quer manter line e se desculpa por 0-3 no Major,https://www.dust2.com.br/noticias/68236/kakavel-diz-que-mibr-quer-manter-line-e-se-desculpa-por-0-3-no-major,mibr,Kakavel,Dust2.com.br,StarLadder/2025/Major
StarLadder Budapest Major 2025,2025-12-01,"try exalta Imperial: ""Para ganhar e se classificar tem que ter bolas""",https://www.dust2.com.br/noticias/68276/try-exalta-imperial-para-ganhar-e-se-classificar-tem-que-ter-bolas,imp,try,Dust2.com.br,StarLadder/2025/Major
StarLadder Budapest Major 2025,2025-11-28,"device før majoren: ""Jeg har haft en tendens til at ikke arbejde hårdt nok""",https://www.dust2.dk/nyheder/68130/device-foer-majoren-jeg-har-haft-en-tendens-til-at-ikke-arbejde-haardt-nok,astralis,device,Dust2.dk,StarLadder/2025/Major
StarLadder Budapest Major 2025,2025-11-28,"device inden NIP-møde: ""Et okay matchup for begge hold""",https://www.dust2.dk/nyheder/68129/device-inden-nip-moede-et-okay-matchup-for-begge-hold,astralis,device,Dust2.dk,StarLadder/2025/Major
StarLadder Budapest Major 2025,2025-11-29,Staehr kommenterer på NIP-nederlag,https://www.dust2.dk/nyheder/68149/staehr-kommenterer-paa-nip-nederlag,astralis,Staehr,Dust2.dk,StarLadder/2025/Major
StarLadder Budapest Major 2025,2025-11-29,"HooXi: ""Jeg tror, det er samme følelse, som landsholdet har lige pt""",https://www.dust2.dk/nyheder/68176/hooxi-jeg-tror-det-er-samme-foelelse-som-landsholdet-har-lige-pt,astralis,HooXi,Dust2.dk,StarLadder/2025/Major
StarLadder Budapest Major 2025,2025-11-29,sjuush sammenligner Astralis og TYLOO,https://www.dust2.dk/nyheder/68171/sjuush-sammenligner-astralis-og-tyloo,nip,sjuush,Dust2.dk,StarLadder/2025/Major
StarLadder Budapest Major 2025,2025-11-30,"NertZ: ""Vi bliver nødt til at have nosserne til at spille spillet""",https://www.dust2.dk/nyheder/68185/nertz-vi-bliver-noedt-til-at-have-nosserne-til-at-spille-spillet,tl,NertZ,Dust2.dk,StarLadder/2025/Major
StarLadder Budapest Major 2025,2025-11-30,"jabbi: ""Det giver blod på tanden""",https://www.dust2.dk/nyheder/68222/jabbi-det-giver-blod-paa-tanden,astralis,jabbi,Dust2.dk,StarLadder/2025/Major
StarLadder Budapest Major 2025,2025-12-01,"blameF: ""Jeg vil gerne tage ansvar og sige, at jeg spillede fucking dårligt""",https://www.dust2.dk/nyheder/68259/blamef-jeg-vil-gerne-tage-ansvar-og-sige-at-jeg-spillede-fucking-daarligt,fnc,blameF,Dust2.dk,StarLadder/2025/Major
StarLadder Budapest Major 2025,2025-12-01,"HooXi: ""Du får ikke mere pres, end det vi har nu""",https://www.dust2.dk/nyheder/68266/hooxi-du-faar-ikke-mere-pres-end-det-vi-har-nu,astralis,HooXi,Dust2.dk,StarLadder/2025/Major
StarLadder Budapest Major 2025,2025-12-02,"ruggah om fremtiden for Astralis: ""Det ved jeg ikke lige nu""",https://www.dust2.dk/nyheder/68313/ruggah-om-fremtiden-for-astralis-det-ved-jeg-ikke-lige-nu,astralis,ruggah,Dust2.dk,StarLadder/2025/Major
StarLadder Budapest Major 2025,2025-12-03,"Pimp holder fast: ""Astralis bør gå internationalt""",https://www.dust2.dk/nyheder/68331/pimp-holder-fast-astralis-boer-gaa-internationalt,,Pimp,Dust2.dk,StarLadder/2025/Major
StarLadder Budapest Major 2025,2025-12-04,"Pimp: “Det ville være verdens nemmeste ting at sige alt det rigtige, men det tænder mig ikke”",https://www.dust2.dk/nyheder/68353/pimp-det-ville-vaere-verdens-nemmeste-ting-at-sige-alt-det-rigtige-men-det-taender-mig-ikke,,Pimp,Dust2.dk,StarLadder/2025/Major
StarLadder Budapest Major 2025,2025-11-29,"lucky_cryak1 on Major Favorites: ""Supporting Teams with Ukrainians: Fnatic, B8, Passion UA, and NAVI. Came for These Games""",https://bo3.gg/news/exclusive-lucky-cryak1-on-who-he-is-rooting-for-at-the-major-for-the-teams-with-ukrainians-fnatic-b8-passion-ua-and-navi-i-came-here-for-these-games,,lucky_cryak1,bo3.gg,StarLadder/2025/Major
StarLadder Budapest Major 2025,2025-11-29,"GoMeZ on 3-0 in Stage 1: “Just lots of practice, boot camp practice”",https://bo3.gg/news/exclusive-gomez-on-3-0-in-stage-1-just-lots-of-practice-boot-camp-practice,,GoMeZ,bo3.gg,StarLadder/2025/Major
StarLadder Budapest Major 2025,2025-11-29,"b1t: ""It's always nice to start the day with 2–0""",https://bo3.gg/news/exclusive-b1t-it-s-always-nice-to-start-the-day-with-a-2-0,,b1t,bo3.gg,StarLadder/2025/Major
StarLadder Budapest Major 2025,2025-11-29,"kvem: ""If I win the Major - I'll shave my eyebrows""",https://bo3.gg/news/exclusive-kvem-if-i-win-the-major-i-ll-shave-my-eyebrows,,kvem,bo3.gg,StarLadder/2025/Major
StarLadder Budapest Major 2025,2025-11-29,"alex666: ""Winning a Bo3 shows you're a stable team""",https://bo3.gg/news/exclusive-alex666-if-you-win-bo3-then-you-show-more-that-you-are-a-stable-team,,alex666,bo3.gg,StarLadder/2025/Major
StarLadder Budapest Major 2025,2025-11-30,"Graviti: ""I think pressure doesn’t work with our team""",https://bo3.gg/news/exclusive-graviti-i-think-pressure-doesn-t-work-with-our-team,,Graviti,bo3.gg,StarLadder/2025/Major
StarLadder Budapest Major 2025,2025-12-01,"Aleksib after advancing to Stage 3: ""We're here to try to dominate the teams we think we are better than""",https://bo3.gg/news/exclusive-aleksib-after-advancing-to-stage-3-we-re-here-to-try-to-dominate-the-teams-we-think-we-are-better-than,,Aleksib,bo3.gg,StarLadder/2025/Major
StarLadder Budapest Major 2025,2025-12-01,"hallzerk: ""When we have a good mentality, we play really well""",https://bo3.gg/news/exclusive-hallzerk-when-we-have-a-good-mentality-we-play-really-well,,hallzerk,bo3.gg,StarLadder/2025/Major
StarLadder Budapest Major 2025,2025-12-02,"Ultimate on the best sniper of the year: ""Obviously I’m number one""",https://bo3.gg/news/exclusive-ultimate-on-the-best-sniper-of-the-year-obviously-i-m-number-one,,ultimate,bo3.gg,StarLadder/2025/Major
StarLadder Budapest Major 2025,2025-12-02,"slaxz after elimination: ""To the haters — this time you were right""",https://bo3.gg/news/exclusive-slaxz-after-elimination-to-the-haters-this-time-you-were-right,,slaxz-,bo3.gg,StarLadder/2025/Major
StarLadder Budapest Major 2025,2025-12-03,"siuhy: ""I don’t think we need to change anything in-game""",https://bo3.gg/news/exclusive-siuhy-i-don-t-think-we-need-to-change-anything-in-game,,siuhy,bo3.gg,StarLadder/2025/Major
StarLadder Budapest Major 2025,2025-12-03,NertZ on qualifying for Stage 3: “For us this was a big step mentally”,https://bo3.gg/news/exclusive-nertz-on-qualifying-for-stage-3-for-us-this-was-a-big-step-mentally,,NertZ,bo3.gg,StarLadder/2025/Major
StarLadder Budapest Major 2025,2025-12-02,"hallzerk on Stage 3 qualification: “It’s a great feeling, especially winning over another NA team”",https://www.youtube.com/watch?v=k436ikzcmsc,passion ua,hallzerk,Pley.gg,StarLadder/2025/Major
StarLadder Budapest Major 2025,2025-12-02,Lake after Passion UA loss: “I don’t think we hit our peak here”,https://www.youtube.com/watch?v=5xlls0pp-bM,m80,Lake,Pley.gg,StarLadder/2025/Major
StarLadder Budapest Major 2025,2025-12-02,Magisk: “On a normal day we would be able to beat them [Liquid]”,https://www.youtube.com/watch?v=jAVytJJPLu8,astralis,Magisk,Pley.gg,StarLadder/2025/Major
StarLadder Budapest Major 2025,2025-12-02,"ultimate: ""If i didn't think we were going to win the Major, I wouldn't be here""",https://www.youtube.com/watch?v=l8z2Sd8thVQ,tl,ultimate,Pley.gg,StarLadder/2025/Major
StarLadder Budapest Major 2025,2025-12-03,"sAw: ""We should even be favored to get to the playoffs, [...] but it's not gonna be an easy task""",https://www.hltv.org/n/43360,g2,sAw,HLTV,StarLadder/2025/Major
StarLadder Budapest Major 2025,2025-12-03,"TeSeS: ""Getting those losses of course frustrates us, but it also fuels us to get better""",https://www.hltv.org/n/43361,falcons,TeSeS,HLTV,StarLadder/2025/Major
StarLadder Budapest Major 2025,2025-12-03,"donk: ""I became more mature and now I'm thinking about winning the game as a team, not as a star player""",https://www.hltv.org/n/43363,spirit,donk,HLTV,StarLadder/2025/Major
StarLadder Budapest Major 2025,2025-12-04,"apEX: ""It would be nice to win a fourth one, and back-to-back because it hasn't been done for six years""",https://www.hltv.org/n/43362,vit,apEX,HLTV,StarLadder/2025/Major
StarLadder Budapest Major 2025,2025-12-04,"Jimpphat: ""I think it's the time when we all worked our hardest ever""",https://www.hltv.org/n/43368,mouz,Jimpphat,HLTV,StarLadder/2025/Major
StarLadder Budapest Major 2025,2025-12-04,"kyxsan: ""We tried to not overthink it and treat it as any other tournament""",https://www.hltv.org/n/43373,falcons,kyxsan,HLTV,StarLadder/2025/Major
StarLadder Budapest Major 2025,2025-12-05,"JT on T side struggles: ""We've played really strong teams so far, and it's difficult to keep renewing""",https://www.hltv.org/n/43380,passion ua,JT,HLTV,StarLadder/2025/Major
StarLadder Budapest Major 2025,2025-12-06,"yuurih: ""I think there are four teams that, if we face, anyone can win""",https://www.hltv.org/n/43385,furia,yuurih,HLTV,StarLadder/2025/Major
StarLadder Budapest Major 2025,2025-12-06,"flameZ: ""We are trying to see every game as an opportunity to do something great""",https://www.hltv.org/n/43388,vit,flameZ,HLTV,StarLadder/2025/Major
StarLadder Budapest Major 2025,2025-12-06,"biguzera: ""We didn't deserve to go through. We had some very bad games and made some very silly mistakes""",https://www.hltv.org/n/43389,pain,biguzera,HLTV,StarLadder/2025/Major
StarLadder Budapest Major 2025,2025-12-07,"NEO: ""The main thing for us is to play good CS and be a team as a unit""",https://www.hltv.org/n/43394,faze,NEO,HLTV,StarLadder/2025/Major
StarLadder Budapest Major 2025,2025-12-07,"headtr1ck: ""For me, the next level is to qualify for the playoffs of a big event""",https://www.hltv.org/n/43399,b8,headtr1ck,HLTV,StarLadder/2025/Major
StarLadder Budapest Major 2025,2025-12-07,"karrigan: ""I want the mental fortitude that FaZe is known for to be the DNA; if you have it, people start to be scared of you""",https://www.hltv.org/n/43401,faze,karrigan,HLTV,StarLadder/2025/Major
StarLadder Budapest Major 2025,2025-12-08,"huNter-: ""We didn't show up against FURIA and MongolZ at all, and that's the only thing that is bothering me""",https://www.hltv.org/n/43406,g2,huNter-,HLTV,StarLadder/2025/Major
StarLadder Budapest Major 2025,2025-12-08,"NiKo: ""I would say that we learned our lesson from the Austin Major""",https://www.hltv.org/n/43409,falcons,NiKo,HLTV,StarLadder/2025/Major
StarLadder Budapest Major 2025,2025-12-09,"B1ad3 on w0nderful: ""With this performance, I think you can win tournaments""",https://www.hltv.org/n/43400,navi,B1ad3,HLTV,StarLadder/2025/Major
StarLadder Budapest Major 2025,2025-12-04,"Snow: ""Me elogiavam por gritar e hoje em dia me criticam, não dá para entender""",https://www.dust2.com.br/noticias/68355/snow-me-elogiavam-por-gritar-e-hoje-em-dia-me-criticam-nao-da-para-entender,pain,snow,Dust2.com.br,StarLadder/2025/Major
StarLadder Budapest Major 2025,2025-12-04,"Sonhar com um passo maior que a perna pode ser um desastre, diz zakk",https://www.dust2.com.br/noticias/68371/sonhar-com-um-passo-maior-que-a-perna-pode-ser-um-desastre-diz-zakk,imp,zakk,Dust2.com.br,StarLadder/2025/Major
StarLadder Budapest Major 2025,2025-12-04,biguzera comenta 1º dia no Major e explica por que paiN ficou no Brasil,https://www.dust2.com.br/noticias/68395/biguzera-comenta-1-dia-no-major-e-explica-por-que-pain-ficou-no-brasil,pain,biguzera,Dust2.com.br,StarLadder/2025/Major
StarLadder Budapest Major 2025,2025-12-05,"KSCERATO se vê no auge e ganha ""paz de espírito"" com boa fase da FURIA",https://www.dust2.com.br/noticias/68413/kscerato-se-ve-no-auge-e-ganha-paz-de-espirito-com-boa-fase-da-furia,furia,KSCERATO,Dust2.com.br,StarLadder/2025/Major
StarLadder Budapest Major 2025,2025-12-05,"dgt vê paiN travada: ""Estamos jogando mais para não perder do que para ganhar""",https://www.dust2.com.br/noticias/68435/dgt-ve-pain-travada-estamos-jogando-mais-para-nao-perder-do-que-para-ganhar,pain,dgt,Dust2.com.br,StarLadder/2025/Major
StarLadder Budapest Major 2025,2025-12-06,"molodoy evita comparações com ZywOo e m0NESY: ""Não estou correndo atrás disso""",https://www.dust2.com.br/noticias/68454/molodoy-evita-comparacoes-com-zywoo-e-m0nesy-nao-estou-correndo-atras-disso,furia,molodoy,Dust2.com.br,StarLadder/2025/Major
StarLadder Budapest Major 2025,2025-12-06,"nqz vê paiN repetindo erros: ""Ainda não nos encontramos completamente""",https://www.dust2.com.br/noticias/68475/nqz-ve-pain-repetindo-erros-ainda-nao-nos-encontramos-completamente,pain,nqz,Dust2.com.br,StarLadder/2025/Major
StarLadder Budapest Major 2025,2025-12-06,"VINI revela ajuda de try em calls: ""Estamos dividindo muito bem""",https://www.dust2.com.br/noticias/68484/vini-revela-ajuda-de-try-em-calls-estamos-dividindo-muito-bem,imp,VINI,Dust2.com.br,StarLadder/2025/Major
StarLadder Budapest Major 2025,2025-12-07,"Único húngaro no Major, torzsi comemora: ""Especial""",https://www.dust2.com.br/noticias/68508/unico-hungaro-no-major-torzsi-comemora-especial,mouz,torzsi,Dust2.com.br,StarLadder/2025/Major
StarLadder Budapest Major 2025,2025-12-03,"sycrone med råd til gla1ve: ""Vær nysgerrig""",https://www.dust2.dk/nyheder/68350/sycrone-med-raad-til-gla1ve-vaer-nysgerrig,mouz,sycrone,Dust2.dk,StarLadder/2025/Major
StarLadder Budapest Major 2025,2025-12-03,"sycrone: ""Jeg tror godt, folk ved, at vi er farlige""",https://www.dust2.dk/nyheder/68345/sycrone-jeg-tror-godt-folk-ved-at-vi-er-farlige,mouz,sycrone,Dust2.dk,StarLadder/2025/Major
StarLadder Budapest Major 2025,2025-12-03,"m0NESY om Lars Robl: ""Han ligner min far""",https://www.dust2.dk/nyheder/68349/m0nesy-om-lars-robl-han-ligner-min-far,falcons,m0NESY,Dust2.dk,StarLadder/2025/Major
StarLadder Budapest Major 2025,2025-12-03,ZywOo savner presset af at være favorit,https://www.dust2.dk/nyheder/68354/zywoo-savner-presset-af-at-vaere-favorit,vit,ZywOo,Dust2.dk,StarLadder/2025/Major
StarLadder Budapest Major 2025,2025-12-04,"TeSeS om dansk CS: ""Jeg synes godt nok, vi er kommet meget langt bagud""",https://www.dust2.dk/nyheder/68397/teses-om-dansk-cs-jeg-synes-godt-nok-vi-er-kommet-meget-langt-bagud,falcons,TeSeS,Dust2.dk,StarLadder/2025/Major
StarLadder Budapest Major 2025,2025-12-04,"FalleN om arena-mentalitet: ""Enten har man den, eller også har man den ikke""",https://www.dust2.dk/nyheder/68411/fallen-om-arena-mentalitet-enten-har-man-den-eller-ogsaa-har-man-den-ikke,furia,FalleN,Dust2.dk,StarLadder/2025/Major
StarLadder Budapest Major 2025,2025-12-05,"Spinx efter stærk MOUZ-start: ""Vi nyder bare øjeblikket""",https://www.dust2.dk/nyheder/68404/spinx-efter-staerk-mouz-start-vi-nyder-bare-oejeblikket,mouz,Spinx,Dust2.dk,StarLadder/2025/Major
StarLadder Budapest Major 2025,2025-12-05,"Spillet skal oppes et niveau mere, for at MOUZ eller Spirit kan vinde majoren, fortæller sycrone",https://www.dust2.dk/nyheder/68444/spillet-skal-oppes-et-niveau-mere-for-at-mouz-eller-spirit-kan-vinde-majoren-fortaeller-sycrone,mouz,sycrone,Dust2.dk,StarLadder/2025/Major
StarLadder Budapest Major 2025,2025-12-06,"Maka: ""Jeg er glad, fordi vi stadig kan drømme""",https://www.dust2.dk/nyheder/68452/maka-jeg-er-glad-fordi-vi-stadig-kan-droemme,3dmax,Maka,Dust2.dk,StarLadder/2025/Major
StarLadder Budapest Major 2025,2025-12-06,"ropz: ""FURIA er virkelig varme, det helt sikkert. Spirit - det er bare donk, som altid""",https://www.dust2.dk/nyheder/68470/ropz-furia-er-virkelig-varme-det-helt-sikkert-spirit-det-er-bare-donk-som-altid,vit,ropz,Dust2.dk,StarLadder/2025/Major
StarLadder Budapest Major 2025,2025-12-06,Brollan om 6 vundne pistoler mod Falcons: Det er en danskerkamp mellem sycrone og zonic,https://www.dust2.dk/nyheder/68482/brollan-om-6-vundne-pistoler-mod-falcons-det-er-en-danskerkamp-mellem-sycrone-og-zonic,mouz,Brollan,Dust2.dk,StarLadder/2025/Major
StarLadder Budapest Major 2025,2025-12-07,"alex666 falder på målstregen: ""Så tæt på og så langt væk på samme tid""",https://www.dust2.dk/nyheder/68500/alex666-falder-paa-maalstregen-saa-taet-paa-og-saa-langt-vaek-paa-samme-tid,b8,alex666,Dust2.dk,StarLadder/2025/Major
StarLadder Budapest Major 2025,2025-12-07,"karrigan efter kampen: ""Jeg har brug for at slappe af nu""",https://www.dust2.dk/nyheder/68510/karrigan-efter-kampen-jeg-har-brug-for-at-slappe-af-nu,faze,karrigan,Dust2.dk,StarLadder/2025/Major
StarLadder Budapest Major 2025,2025-12-08,"sAw: ""Vi spiller en god kamp men taber, og det er i sidste ende ikke godt nok",https://www.dust2.dk/nyheder/68518/saw-vi-spiller-en-god-kamp-men-taber-og-det-er-i-sidste-ende-ikke-godt-nok,g2,sAw,Dust2.dk,StarLadder/2025/Major
StarLadder Budapest Major 2025,2025-12-08,"zonic: ""Jeg har aldrig været nervøs for m0NESY""",https://www.dust2.dk/nyheder/68531/zonic-jeg-har-aldrig-vaeret-nervoes-for-m0nesy,falcons,zonic,Dust2.dk,StarLadder/2025/Major
StarLadder Budapest Major 2025,2025-12-05,"molodoy: ""You can't relax at the Major — miracles sometimes happen at the Major""",https://bo3.gg/news/exclusive-molodoy-you-can-t-relax-at-the-major-miracles-sometimes-happen-at-the-major,,molodoy,bo3.gg,StarLadder/2025/Major
StarLadder Budapest Major 2025,2025-12-05,"brollan: ""We look much better now — mentally, tactically, in the small details""",https://bo3.gg/news/exclusive-brollan-we-look-much-better-now-mentally-tactically-in-the-small-details,,Brollan,bo3.gg,StarLadder/2025/Major
StarLadder Budapest Major 2025,2025-12-05,"iM: ""We have played only one game today""",https://bo3.gg/news/exclusive-im-we-have-played-only-one-game-today,,iM,bo3.gg,StarLadder/2025/Major
StarLadder Budapest Major 2025,2025-12-05,"mezzi: ""We did what we needed, now we’re 2–1 and heading into best-of-threes — our strongest format""",https://bo3.gg/news/exclusive-mezzi-we-did-what-we-needed-now-we-re-2-1-and-heading-into-best-of-threes-our-strongest-format,,mezzi,bo3.gg,StarLadder/2025/Major
StarLadder Budapest Major 2025,2025-12-06,"torzsi on the home Major: “It feels amazing. It's a really good experience, and I think we are enjoying it a lot”",https://bo3.gg/news/exclusive-torzsi-on-the-home-major-it-feels-amazing-it-s-a-really-good-experience-and-i-think-we-are-enjoying-it-a-lot,,torzsi,bo3.gg,StarLadder/2025/Major
StarLadder Budapest Major 2025,2025-12-06,"Grim: ""I feel like we can make the playoffs""",https://bo3.gg/news/exclusive-grim-i-feel-like-we-can-make-the-playoffs,,Grim,bo3.gg,StarLadder/2025/Major
StarLadder Budapest Major 2025,2025-12-06,"biguzera: “We prefer to play BO3 — I think it's better, less pressure”",https://bo3.gg/news/exclusive-biguzera-we-prefer-to-play-bo3-i-think-it-s-better-less-pressure,,biguzera,bo3.gg,StarLadder/2025/Major
StarLadder Budapest Major 2025,2025-12-06,KSCERATO: “I just want to play my best with any team in the playoffs”,https://bo3.gg/news/exclusive-kscerato-i-just-want-to-play-my-best-with-any-team-in-the-playoffs,,KSCERATO,bo3.gg,StarLadder/2025/Major
StarLadder Budapest Major 2025,2025-12-06,"XTQZZZ: “In the final, it would be fun to play FURIA”",https://bo3.gg/news/exclusive-xtqzzz-in-the-final-it-would-be-fun-to-play-furia,,XTQZZZ,bo3.gg,StarLadder/2025/Major
StarLadder Budapest Major 2025,2025-12-08,"NEO on jcobbb: ""I’m very happy he’s proving himself""",https://bo3.gg/news/exclusive-neo-on-jcobbb-i-m-very-happy-he-s-proving-himself,,NEO,bo3.gg,StarLadder/2025/Major
StarLadder Budapest Major 2025,2025-12-08,"TeSeS on the match against Spirit: ""We played them recently and we won, so our chances stay the same — we believe we can beat anyone""",https://bo3.gg/news/exclusive-teses-on-the-match-against-spirit-we-played-them-recently-and-we-won-so-our-chances-stay-the-same-we-believe-we-can-beat-anyone,,TeSeS,bo3.gg,StarLadder/2025/Major
StarLadder Budapest Major 2025,2025-12-03,"YEKINDAR: ""I don’t know what to expect, we didn’t have the best bootcamp""",https://www.youtube.com/watch?v=iDnlmzro4ug,furia,YEKINDAR,Pley.gg,StarLadder/2025/Major
StarLadder Budapest Major 2025,2025-12-03,"biguzera on the Brazilian revival: ""FURIA is inspiring us, and I think it’s working""",https://www.youtube.com/watch?v=9laog1kcbgI,pain,biguzera,Pley.gg,StarLadder/2025/Major
StarLadder Budapest Major 2025,2025-12-03,"zonic on the Major format: ""I hate best-of-ones... I don't want games to be random""",https://www.youtube.com/watch?v=uoMPORpWpuE,falcons,zonic,Pley.gg,StarLadder/2025/Major
StarLadder Budapest Major 2025,2025-12-04,"FalleN after win over NAVI: ""We can't get ahead of ourselves""",https://www.youtube.com/watch?v=1gErAkXdTqc,furia,FalleN,Pley.gg,StarLadder/2025/Major
StarLadder Budapest Major 2025,2025-12-04,"NiKo: ""After losing to B8 it was a bit stressfull, so this game [vs Passion UA] was very important""",https://www.youtube.com/watch?v=acE-f7ewduM,falcons,NiKo,Pley.gg,StarLadder/2025/Major
StarLadder Budapest Major 2025,2025-12-04,"Spinx: ""We are looking further than just making it to the playoffs""",https://www.youtube.com/watch?v=SXbz7PcoXSg,mouz,Spinx,Pley.gg,StarLadder/2025/Major
StarLadder Budapest Major 2025,2025-12-05,"apEX: ""I'm not here to win EPL. I'm here to win majors""",https://www.youtube.com/watch?v=ToJh_AauwnM,vit,apEX,Pley.gg,StarLadder/2025/Major
StarLadder Budapest Major 2025,2025-12-05,"xertioN on close Overpass: ""They have donk and sh1ro""",https://www.youtube.com/watch?v=2_ldlpz15hE,mouz,xertioN,Pley.gg,StarLadder/2025/Major
StarLadder Budapest Major 2025,2025-12-06,"molodoy on Brazilian fans: ""They have a song for me""",https://www.youtube.com/watch?v=XPuGZYyDmbk,furia,molodoy,Pley.gg,StarLadder/2025/Major
StarLadder Budapest Major 2025,2025-12-06,"Jimpphat defines Major success: ""It's just the Major trophy, nothing else""",https://www.youtube.com/watch?v=i8XnGukPz-E,mouz,Jimpphat,Pley.gg,StarLadder/2025/Major
StarLadder Budapest Major 2025,2025-12-06,"npl on B8's run from stage 1: ""We expected it""",https://www.youtube.com/watch?v=wtW7x-xEB94,b8,npl,Pley.gg,StarLadder/2025/Major
StarLadder Budapest Major 2025,2025-12-08,"kyxsan: ""We know that we have the potential to win it [the Major]""",https://www.youtube.com/watch?v=JXzU-0kPl0I,falcons,kyxsan,Pley.gg,StarLadder/2025/Major
StarLadder Budapest Major 2025,2025-12-07,"Zywoo : ""On veut faire quelque chose de grand, on veut le back to back""",https://lasource.gg/news/zywoo-on-veut-faire-quelq,vit,ZywOo,La Source,StarLadder/2025/Major
StarLadder Budapest Major 2025,2025-12-07,Maka cash après la défaite vs FaZe : « Ça me troue le cul »,https://lasource.gg/news/maka-cash-apres-la-defaite-vs-faze,3dmax,Maka,La Source,StarLadder/2025/Major
StarLadder Budapest Major 2025,2025-12-11,"zonic: ""It's not been good enough in this tournament; I take responsibility for that""",https://www.hltv.org/n/43427,falcons,zonic,HLTV,StarLadder/2025/Major
StarLadder Budapest Major 2025,2025-12-12,"Twistzz: ""As long as people continue believing, I think we'll get closer to seeing how good we can be""",https://www.hltv.org/n/43435,faze,Twistzz,HLTV,StarLadder/2025/Major
StarLadder Budapest Major 2025,2025-12-13,"sycrone: ""For the roster, we will have to see what the future holds""",https://www.hltv.org/n/43434,mouz,sycrone,HLTV,StarLadder/2025/Major
StarLadder Budapest Major 2025,2025-12-13,"FalleN: ""In a few days, I'll be able to look back and feel a bit more gratitude for these moments, and the bitterness will quickly fade""",https://www.hltv.org/n/43437,furia,FalleN,HLTV,StarLadder/2025/Major
StarLadder Budapest Major 2025,2025-12-13,"w0nderful on beating FURIA: ""We were preparing for this game for four days, so of course I was expecting this""",https://www.hltv.org/n/43440,navi,w0nderful,HLTV,StarLadder/2025/Major
StarLadder Budapest Major 2025,2025-12-13,"flameZ: ""Now it's just about putting the cherry on top of the cake""",https://www.hltv.org/n/43442,vit,flameZ,HLTV,StarLadder/2025/Major
StarLadder Budapest Major 2025,2025-12-14,"frozen: ""Two weeks ago, I'm not sure I would imagine us playing a Major final now""",https://www.hltv.org/n/43445,faze,frozen,HLTV,StarLadder/2025/Major
StarLadder Budapest Major 2025,2025-12-14,"Aleksib: ""I didn't want to end up going out like this; I think we had all it took to win""",https://www.hltv.org/n/43446,navi,Aleksib,HLTV,StarLadder/2025/Major
StarLadder Budapest Major 2025,2025-12-14,"ZywOo: ""When Vitality are playing like this, no one can challenge us""",https://www.hltv.org/n/43451,vit,ZywOo,HLTV,StarLadder/2025/Major
StarLadder Budapest Major 2025,2025-12-18,"After winning his fourth Major, apEX sets new targets",https://www.hltv.org/n/43476,vit,apEX,HLTV,StarLadder/2025/Major
StarLadder Budapest Major 2025,2025-12-12,"xertioN lamenta eliminação no Major: ""Nós erramos em tudo""",https://www.dust2.com.br/noticias/68678/xertion-lamenta-eliminacao-no-major-nos-erramos-em-tudo,mouz,xertioN,Dust2.com.br,StarLadder/2025/Major
StarLadder Budapest Major 2025,2025-12-13,"FalleN garante permanência em 2026: ""Vou jogar mais um pouco ainda""",https://www.dust2.com.br/noticias/68689/fallen-garante-permanencia-em-2026-vou-jogar-mais-um-pouco-ainda,furia,FalleN,Dust2.com.br,StarLadder/2025/Major
StarLadder Budapest Major 2025,2025-12-13,"FalleN comenta eliminação no Major, atuação de molodoy e avalia temporada da FURIA",https://www.dust2.com.br/noticias/68691/fallen-comenta-eliminacao-no-major-atuacao-de-molodoy-e-avalia-temporada-da-furia,furia,FalleN,Dust2.com.br,StarLadder/2025/Major
StarLadder Budapest Major 2025,2025-12-13,"sidde sobre 2026: ""Podemos repetir o que fizemos essa temporada e ser ainda melhores""",https://www.dust2.com.br/noticias/68702/sidde-sobre-2026-podemos-repetir-o-que-fizemos-essa-temporada-e-ser-ainda-melhores,furia,sidde,Dust2.com.br,StarLadder/2025/Major
StarLadder Budapest Major 2025,2025-12-15,"mezii comenta ano com 9 títulos: ""Vai levar um tempo para entendermos""",https://www.dust2.com.br/noticias/68759/mezii-comenta-ano-com-9-titulos-vai-levar-um-tempo-para-entendermos,vit,mezii,Dust2.com.br,StarLadder/2025/Major
StarLadder Budapest Major 2025,2025-12-11,"donk om zweih: ""Vi ventede på øjeblikket, hvor han viste, hvad han er i stand til""",https://www.dust2.dk/nyheder/68635/donk-om-zweih-vi-ventede-paa-oejeblikket-hvor-han-viste-hvad-han-er-i-stand-til,spirit,donk,Dust2.dk,StarLadder/2025/Major
StarLadder Budapest Major 2025,2025-12-12,"sycrone: ""En kæmpe skuffelse for mig, men også for alle drengene""",https://www.dust2.dk/nyheder/68675/sycrone-en-kaempe-skuffelse-for-mig-men-ogsaa-for-alle-drengene,mouz,sycrone,Dust2.dk,StarLadder/2025/Major
StarLadder Budapest Major 2025,2025-12-13,"YEKINDAR: ""Nogle gange spiller du som en Gud, andre gange begår du fejl, og det er helt normalt""",https://www.dust2.dk/nyheder/68695/yekindar-nogle-gange-spiller-du-som-en-gud-andre-gange-begaar-du-fejl-og-det-er-helt-normalt,furia,YEKINDAR,Dust2.dk,StarLadder/2025/Major
StarLadder Budapest Major 2025,2025-12-13,"XTQZZZ: ""Der er ingen favoritter, så snart man er i slutspillet""",https://www.dust2.dk/nyheder/68714/xtqzzz-der-er-ingen-favoritter-saa-snart-man-er-i-slutspillet,vit,XTQZZZ,Dust2.dk,StarLadder/2025/Major
StarLadder Budapest Major 2025,2025-12-15,"mezii om at kunne tangere Astralis' major-hattrick: ""Ja, hvorfor ikke?""",https://www.dust2.dk/nyheder/68756/mezii-om-at-kunne-tangere-astralis-major-hattrick-ja-hvorfor-ikke,vit,mezii,Dust2.dk,StarLadder/2025/Major
StarLadder Budapest Major 2025,2025-12-13,"xertioN on 2025 years: ""Losing so many finals — really broke us""",https://bo3.gg/news/exclusive-xertion-on-2025-years-losing-so-many-finals-really-broke-us,,xertioN,bo3.gg,StarLadder/2025/Major
StarLadder Budapest Major 2025,2025-12-13,"yuurih on the defeat by NAVI: ""Honestly, they all played well, but w0nderful stood out""",https://bo3.gg/news/exclusive-yuurih-on-the-defeat-by-navi-honestly-they-all-played-well-but-w0nderful-stood-out,,yuurih,bo3.gg,StarLadder/2025/Major
StarLadder Budapest Major 2025,2025-12-14,flameZ on winning the Starladder Budapest Major 2025: “It would be the perfect way to finish the year”,https://bo3.gg/news/exclusive-flamez-on-winning-the-starladder-budapest-major-2025-it-would-be-the-perfect-way-to-finish-the-year,,flameZ,bo3.gg,StarLadder/2025/Major
StarLadder Budapest Major 2025,2025-12-14,"broky: ""Anything can happen, and we believe we can beat Vitality""",https://bo3.gg/news/exclusive-broky-anything-can-happen-and-we-believe-we-can-beat-vitality,,broky,bo3.gg,StarLadder/2025/Major
StarLadder Budapest Major 2025,2025-12-15,ZywOo: “Back-to-back Majors in the same year is something very special”,https://bo3.gg/news/exclusive-zywoo-back-to-back-majors-in-the-same-year-is-something-very-special,,ZywOo,bo3.gg,StarLadder/2025/Major
StarLadder Budapest Major 2025,2025-12-15,"ceh9 on the Best Tournament of the Year: ""For me, it's definitely the StarLadder Budapest Major 2025""",https://bo3.gg/news/ceh9-on-the-best-tournament-of-the-year-for-me-it-s-definitely-starladder-budapest-major-2025,,ceh9,bo3.gg,StarLadder/2025/Major
StarLadder Budapest Major 2025,2025-12-15,James Banks on the best transfer of 2025: “molodoy to FURIA”,https://bo3.gg/news/exclusive-james-banks-on-the-best-transfer-of-2025-molodoy-to-furia,,James Banks,bo3.gg,StarLadder/2025/Major
StarLadder Budapest Major 2025,2025-12-12,"Brollan on loss to FaZe: ""We totally got destroyed today""",https://www.youtube.com/watch?v=METjfCgDOfk,mouz,Brollan,Pley.gg,StarLadder/2025/Major
StarLadder Budapest Major 2025,2025-12-12,"KSCERATO criticizes Major PCs: ""The FPS was SHIT on stage""",https://www.youtube.com/watch?v=Tr4xY7SdS-U,furia,KSCERATO,Pley.gg,StarLadder/2025/Major
StarLadder Budapest Major 2025,2025-12-13,"ropz on possibly facing FaZe in the Major Grand Final: ""It would be a special feeling""",https://www.youtube.com/watch?v=85d8hI2k-JU,vit,ropz,Pley.gg,StarLadder/2025/Major
StarLadder Budapest Major 2025,2025-12-15,"mezii on celebrating the Major: ""It's not everyday you play in the Majors, unless you're ropz""",https://www.youtube.com/watch?v=Yb5i1QsOSKY,vit,mezii,Pley.gg,StarLadder/2025/Major
StarLadder Budapest Major 2025,2025-12-11,"Neo : ""Deux joueurs sont déjà signés côté Académie""",https://lasource.gg/news/neo-deux-joueurs-sont-deja-signes-cote-academie,vit,Neo,La Source,StarLadder/2025/Major
StarLadder Budapest Major 2025,2025-12-13,"FalleN : ""Il est temps de penser sérieusement à trouver un remplaçant pour le poste d'IGL""",https://lasource.gg/news/fallen-il-est-temps-de-penser-serieusement-a-trouver-un-remplacant-pour-le-poste,furia,FalleN,La Source,StarLadder/2025/Major
StarLadder Budapest Major 2025,2025-12-13,"Jimpphat : ""On sait qu’on est capables de gagner des titres, mais il nous manque quelque chose""",https://lasource.gg/news/jimpphat-on-sait-qu-on-est-capables-de-gagner-des-titres-mais-il-nous-manque-q-1,mouz,Jimpphat,La Source,StarLadder/2025/Major
StarLadder Budapest Major 2025,2025-12-14,"Jawed : ""Je considère que, quelque part, ma mission est finie""",https://lasource.gg/news/jawed-je-considere-que-quelque-part-ma-mission-est-finie,,Jawed,La Source,StarLadder/2025/Major
StarLadder Budapest Major 2025,2025-12-15,"XTQZZZ : ""On a marqué l'histoire et c'est ce qui nous importait le plus""",https://lasource.gg/news/xtqzzz-on-a-marque-l-histoire-et-c-est-ce-qui-nous-importait-le-plus,vit,XTQZZZ,La Source,StarLadder/2025/Major
StarLadder Budapest Major 2025,2025-12-16,"apEX : ""L'équipe qu'on a là est juste parfaite""",https://lasource.gg/news/apex-l-equipe-qu-on-a-la-est-juste-parfaite,vit,apEX,La Source,StarLadder/2025/Major
StarLadder Budapest Major 2025,2025-12-11,-tvd-: 2026年我们会有很多很酷的计划 你必须投身你真正喜欢的领域,https://www.bilibili.com/opus/1143920408527896579,spirit,-tvd-,Perfect World,StarLadder/2025/Major
StarLadder Budapest Major 2025,2025-12-12,tN1R: 大家今天打的都很自信 交流很积极 发挥的都很好,https://www.bilibili.com/opus/1146152649048981508,spirit,tN1R,Perfect World,StarLadder/2025/Major
StarLadder Budapest Major 2025,2025-12-13,NEO: 虽然第一阶段很跌宕起伏 但是我们认为那其实对队伍起到了巨大的帮助,https://www.bilibili.com/opus/1146157790175166486,faze,NEO,Perfect World,StarLadder/2025/Major
StarLadder Budapest Major 2025,2025-12-13,Spinx: 今年挺好的 但是还不够好,https://www.bilibili.com/opus/1146167127420436488,mouz,Spinx,Perfect World,StarLadder/2025/Major
StarLadder Budapest Major 2025,2025-12-13,iM: 能够复仇FURIA非常爽 淘汰赛里一切都有可能发生,https://www.bilibili.com/opus/1146169107379388417,navi,iM,Perfect World,StarLadder/2025/Major
StarLadder Budapest Major 2025,2025-12-13,KSCERATO: 强队打Inferno总是挺让人头疼的,https://www.bilibili.com/opus/1146171190471032866,furia,KSCERATO,Perfect World,StarLadder/2025/Major
StarLadder Budapest Major 2025,2025-12-14,mezii: 没人知道最后的结果会是什么样的,https://www.bilibili.com/opus/1146174042283180034,vit,mezii,Perfect World,StarLadder/2025/Major
StarLadder Budapest Major 2025,2025-12-12,"torzsi post-Major exit: “We are failing utility or missing flashes, and it cannot happen on a stage like this”",https://www.hotspawn.com/counter-strike/news/torzsi-starladder-budapest-major-2025-exit-interview,mouz,torzsi,Hotspawn,StarLadder/2025/Major
StarLadder Budapest Major 2025,2025-12-13,fl0m on Vitality: “We’re all just waiting for the sleeping giant that we all know is there”,https://www.hotspawn.com/counter-strike/news/fl0m-starladder-budapest-major-2025-interview,,fl0m,Hotspawn,StarLadder/2025/Major
StarLadder Budapest Major 2025,2025-12-13,GeT_RiGhT on Major favorites: “I see a lot of resemblance from my own time as a professional in FaZe Clan”,https://www.hotspawn.com/counter-strike/news/get-right-starladder-budapest-major-2025-interview,,GeT_RiGhT,Hotspawn,StarLadder/2025/Major
StarLadder Budapest Major 2025,2025-12-14,"mezii post-Budapest Major win: “Last year, you’d never have thought that we could be in this position”",https://www.hotspawn.com/counter-strike/news/mezii-starladder-budapest-major-2025-winners-interview,vit,mezii,Hotspawn,StarLadder/2025/Major
StarLadder Budapest Major 2025,2025-12-15,Banks on Budapest Major: “I’ve never been shaking like that on stage… this is now the number one”,https://www.hotspawn.com/counter-strike/news/banks-starladder-budapest-major-2025-interview,,James Banks,Hotspawn,StarLadder/2025/Major
StarLadder Budapest Major 2025,2025-12-15,Freya: “It’s important to associate yourself with TOs that align with your identity”,https://www.hotspawn.com/counter-strike/news/freya-spiers-starladder-budapest-major-2025-interview,,Freya,Hotspawn,StarLadder/2025/Major
StarLadder Budapest Major 2025,2025-12-12,zonic Brands Falcons’ 2025 “Unacceptable” as They Exit StarLadder Budapest Major With Defeat to Spirit,https://www.esports.net/news/counter-strike/zonic-interview-2025-performance-unacceptable/,falcons,zonic,Esports.net,StarLadder/2025/Major
StarLadder Budapest Major 2025,2025-12-15,Jimpphat: MOUZ “choked” and “weren’t ready” for FaZe in StarLadder Budapest Major Upset,https://www.esports.net/news/counter-strike/jimpphat-mouz-choked-and-werent-ready-for-faze-in-starladder-budapest-major-upset/,mouz,Jimpphat,Esports.net,StarLadder/2025/Major
StarLadder Budapest Major 2025,2025-12-16,mezii Declares Vitality “Best CS Team of All Time” Following StarLadder Budapest Major Win,https://www.esports.net/news/counter-strike/mezii-declares-vitality-best-cs-team-of-all-time-following-starladder-budapest-major-win/,vit,mezii,Esports.net,StarLadder/2025/Major
StarLadder Budapest Major 2025,2025-12-12,"Brollan efter Majorförlusten: ""Det känns skit, självklart""",https://fragbite.se/cs/news/60412/brollan-efter-majorforlusten-det-kanns-skit-sjalvklart,mouz,Brollan,Fragbite,StarLadder/2025/Major
StarLadder Budapest Major 2025,2025-12-14,"apEX: ""Jag har kanske inte insett det än, men det känns otroligt""",https://fragbite.se/cs/news/60430/apex-jag-har-kanske-inte-insett-det-an-men-det-kanns-otroligt,vit,apEX,Fragbite,StarLadder/2025/Major
StarLadder Budapest Major 2025,2025-12-13,Aleksib: « I want to be in the grand finals of the last tournament of the season»,https://players.com.ua/en/news/aleksib-i-want-to-be-in-the-grand-finals-of-the-last-tournament-of-the-season/,navi,Aleksib,Players,StarLadder/2025/Major
StarLadder Budapest Major 2025,2025-12-12,"“It’s very reminiscent of the first part of the year.” – mezii on growing confidence in Budapest, victory over The MongolZ, and playing against donk",https://esports-news.co.uk/2025/12/12/mezii-interview-starladder-budapest-major/,vit,mezii,Esports News UK,StarLadder/2025/Major
StarLadder Budapest Major 2025,2025-12-13,"“The closer you are to the top, the harder the wind also blows” – sycrone reflects on loss to FaZe, brollan’s leadership, xertioN’s performance",https://esports-news.co.uk/2025/12/13/sycrone-interview-starladder-budapest-major/,mouz,sycrone,Esports News UK,StarLadder/2025/Major
StarLadder Budapest Major 2025,2025-12-14,"“It’s really hard to have any sort of culture, consistency, or cohesion when you’ve gone through three IGLs in one year.” – fl0m on Liquid’s struggles, pioneering co-streaming, and NA teams at the Budapest Major",https://esports-news.co.uk/2025/12/14/fl0m-interview-starladder-budapest-major/,,fl0m,Esports News UK,StarLadder/2025/Major
StarLadder Budapest Major 2025,2025-12-15,"“It’s crazy to be part of a team now that’s had a season that’s maybe even better than theirs.” – mezii on Astralis 2018 comparisons, his Inferno performance, and winning the StarLadder Budapest Major",https://esports-news.co.uk/2025/12/15/mezii-starladder-budapest-major-winners-interview/,vit,mezii,Esports News UK,StarLadder/2025/Major
StarLadder Budapest Major 2025,2025-12-14,"fl0m: “CS2 has finally brought all the pieces together. For the first time, everything feels truly connected.”",https://esports.gg/news/counter-strike-2/fl0m-interview-starladder-cs2-budapest-major/,,fl0m,Esports.gg,StarLadder/2025/Major
StarLadder Budapest Major 2025,2025-12-13,"«13 дней таких упорных тренировок, мы играли по 5-6 пракков»: интервью с zweih про Spirit и подготовку к мейджору",https://www.offstage.ru/cs2/articles/mejdzhor-pervyj-turnir-gde-rezultat-budet-chto-to-znachit-intervyu-s-zweih-co-starladder-budapest-major-2025,spirit|2025-07-31,zweih,OFFSTAGE,StarLadder/2025/Major
StarLadder Budapest Major 2025,2025-12-15,ropz после победы на мейджоре: «С каждым новым трофеем мы всё больше заставляем хейтеров заткнуться»,https://www.offstage.ru/cs2/news/ropz-posle-pobedy-na-starladder-budapest-major-2025-s-kazhdym-novym-trofeem-my-vsyo-bolshe-zastavlyaem-hejterov-zatknutsya,vit|2025-08-17,ropz,OFFSTAGE,StarLadder/2025/Major
StarLadder Budapest Major 2025,2025-11-24,StarLadder Budapest Major 2025 Stage 1 - Day 1,https://www.hltv.org/gallery/12988,,,HLTV,StarLadder/2025/Major
StarLadder Budapest Major 2025,2025-11-25,StarLadder Budapest Major 2025 Stage 1 - Day 2,https://www.hltv.org/gallery/12989,,,HLTV,StarLadder/2025/Major
StarLadder Budapest Major 2025,2025-11-26,StarLadder Budapest Major 2025 Stage 1 - Day 3,https://www.hltv.org/gallery/12990,,,HLTV,StarLadder/2025/Major
StarLadder Budapest Major 2025,2025-11-27,StarLadder Budapest Major 2025 Stage 1 - Day 4,https://www.hltv.org/gallery/12991,,,HLTV,StarLadder/2025/Major
StarLadder Budapest Major 2025,2025-11-29,StarLadder Budapest Major 2025 Stage 2 - Day 1,https://www.hltv.org/gallery/12992,,,HLTV,StarLadder/2025/Major
StarLadder Budapest Major 2025,2025-11-30,StarLadder Budapest Major 2025 Stage 2 - Day 2,https://www.hltv.org/gallery/12994,,,HLTV,StarLadder/2025/Major
StarLadder Budapest Major 2025,2025-12-01,StarLadder Budapest Major 2025 Stage 2 - Day 3,https://www.hltv.org/gallery/12995,,,HLTV,StarLadder/2025/Major
StarLadder Budapest Major 2025,2025-12-02,StarLadder Budapest Major 2025 Stage 2 - Day 4,https://www.hltv.org/gallery/12996,,,HLTV,StarLadder/2025/Major
StarLadder Budapest Major 2025,2025-12-04,StarLadder Budapest Major 2025 - Day 1,https://www.hltv.org/gallery/12997,,,HLTV,StarLadder/2025/Major
StarLadder Budapest Major 2025,2025-12-05,StarLadder Budapest Major 2025 - Day 2,https://www.hltv.org/gallery/12998,,,HLTV,StarLadder/2025/Major
StarLadder Budapest Major 2025,2025-12-06,StarLadder Budapest Major 2025 - Day 3,https://www.hltv.org/gallery/12999,,,HLTV,StarLadder/2025/Major
StarLadder Budapest Major 2025,2025-12-07,StarLadder Budapest Major 2025 - Day 4,https://www.hltv.org/gallery/13000,,,HLTV,StarLadder/2025/Major
StarLadder Budapest Major 2025,2025-12-11,StarLadder Budapest Major 2025 - Day 5,https://www.hltv.org/gallery/13001,,,HLTV,StarLadder/2025/Major
StarLadder Budapest Major 2025,2025-12-12,StarLadder Budapest Major 2025 - Day 6,https://www.hltv.org/gallery/13002,,,HLTV,StarLadder/2025/Major
StarLadder Budapest Major 2025,2025-12-13,StarLadder Budapest Major 2025 - Day 7,https://www.hltv.org/gallery/13003,,,HLTV,StarLadder/2025/Major
StarLadder Budapest Major 2025,2025-12-14,StarLadder Budapest Major 2025 - Day 8,https://www.hltv.org/gallery/13004,,,HLTV,StarLadder/2025/Major
StarLadder Budapest Major 2025,2025-12-15,StarLadder Budapest Major 2025 - CS2 Fragmovie,https://www.youtube.com/watch?v=hN5-W1bSmTY,,,HLTV,StarLadder/2025/Major
BLAST Rivals Fall 2025,2025-11-11,"BLAST Rivals S2 teams, format, schedule, talent, prizes, fantasy",https://www.hltv.org/n/43165,,,HLTV,BLAST/Rivals/2025/Fall
BLAST Rivals Fall 2025,2025-11-16,m0NESY earns another losing MVP at BLAST Rivals,https://www.hltv.org/n/43215,,,HLTV,BLAST/Rivals/2025/Fall
BLAST Rivals Fall 2025,2025-11-21,The EVPs and All-Stars of BLAST Rivals 2025 S2,https://www.hltv.org/n/43219,,,HLTV,BLAST/Rivals/2025/Fall
BLAST Rivals Fall 2025,2025-11-11,"biguzera: ""After the Austin Major we had a lot of pressure, and we couldn't handle it well""",https://www.hltv.org/n/43170,pain,biguzera,HLTV,BLAST/Rivals/2025/Fall
BLAST Rivals Fall 2025,2025-11-11,"Grim: ""There were definitely some growing pains when we got Kvem""",https://www.hltv.org/n/43172,passion ua,Grim,HLTV,BLAST/Rivals/2025/Fall
BLAST Rivals Fall 2025,2025-11-12,"mezii: ""It's a lot of responsibility on us as individuals to switch things up""",https://www.hltv.org/n/43173,vit,mezii,HLTV,BLAST/Rivals/2025/Fall
BLAST Rivals Fall 2025,2025-11-12,"sidde: ""What we want to achieve is a lot bigger than winning two or three tournaments""",https://www.hltv.org/n/43169,furia,sidde,HLTV,BLAST/Rivals/2025/Fall
BLAST Rivals Fall 2025,2025-11-12,"hallzerk: ""Six weeks of hard work and it paid off""",https://www.hltv.org/n/43176,passion ua,hallzerk,HLTV,BLAST/Rivals/2025/Fall
BLAST Rivals Fall 2025,2025-11-12,"zonic: ""If things are not hitting with the guys individually, we need to think about putting the team first""",https://www.hltv.org/n/43181,falcons,zonic,HLTV,BLAST/Rivals/2025/Fall
BLAST Rivals Fall 2025,2025-11-13,"snow: ""I like to be very active; I'm very happy with these role changes""",https://www.hltv.org/n/43192,pain,snow,HLTV,BLAST/Rivals/2025/Fall
BLAST Rivals Fall 2025,2025-11-13,"hally on criticism: ""It's perhaps justified in places, but you can also see what results I have with the young roster, and I don't devalue my work""",https://www.hltv.org/n/43193,spirit,hally,HLTV,BLAST/Rivals/2025/Fall
BLAST Rivals Fall 2025,2025-11-13,"YEKINDAR: ""I can definitely feel that FalleN has some mind games""",https://www.hltv.org/n/43194,furia,YEKINDAR,HLTV,BLAST/Rivals/2025/Fall
BLAST Rivals Fall 2025,2025-11-14,"nqz: ""I got a little bit upset because in Melbourne [Complexity] were shouting at us; I just wanted revenge so bad""",https://www.hltv.org/n/43200,pain,nqz,HLTV,BLAST/Rivals/2025/Fall
BLAST Rivals Fall 2025,2025-11-14,"flameZ: ""This was exactly the game we needed to get back into form""",https://www.hltv.org/n/43204,vit,flameZ,HLTV,BLAST/Rivals/2025/Fall
BLAST Rivals Fall 2025,2025-11-15,"FalleN: ""Falcons and Vitality are coming for blood [...] now, I think we've got their respect""",https://www.hltv.org/n/43208,furia,FalleN,HLTV,BLAST/Rivals/2025/Fall
BLAST Rivals Fall 2025,2025-11-15,"NiKo: ""When we start losing we get a bit more quiet, and now we have just worked a bit more on energy""",https://www.hltv.org/n/43211,falcons,NiKo,HLTV,BLAST/Rivals/2025/Fall
BLAST Rivals Fall 2025,2025-11-16,"m0NESY on MVP: ""It hurts more than winning it at EPL because [we] had a lot of chances""",https://www.hltv.org/n/43216,falcons,m0NESY,HLTV,BLAST/Rivals/2025/Fall
BLAST Rivals Fall 2025,2025-11-16,"KSCERATO: ""You can lose to everyone at the Major, so we have to focus on ourselves and f**k everyone else""",https://www.hltv.org/n/43217,furia,KSCERATO,HLTV,BLAST/Rivals/2025/Fall
BLAST Rivals Fall 2025,2025-11-11,"YEKINDAR: ""A lot of people didn't believe and at some point maybe I even lost belief""",https://blast.tv/cs/news/yekindar-a-lot-of-people-didnt-believe,furia,YEKINDAR,BLAST,BLAST/Rivals/2025/Fall
BLAST Rivals Fall 2025,2025-11-22,"NiKo: ""I see myself more in kyousuke than donk""",https://blast.tv/cs/news/niko-i-see-myself-more-in-kyousuke-than-donk,falcons,NiKo,BLAST,BLAST/Rivals/2025/Fall
BLAST Rivals Fall 2025,2025-11-11,"donk: “chopper is our IGL, he doesn’t have to show amazing numbers”",https://www.hotspawn.com/counter-strike/news/donk-blast-rivals-hong-kong-2025-interview,spirit,donk,Hotspawn,BLAST/Rivals/2025/Fall
BLAST Rivals Fall 2025,2025-11-11,"Grim: “The goal is to win a tournament, specifically the Major”",https://www.hotspawn.com/counter-strike/news/grim-blast-rivals-hong-kong-2025-interview,passion ua,Grim,Hotspawn,BLAST/Rivals/2025/Fall
BLAST Rivals Fall 2025,2025-11-12,"biguzera on facing FURIA: “When it’s a Tier-S team, we want to win. But when it’s a Brazilian one, we want more”",https://www.hotspawn.com/counter-strike/news/biguzera-blast-rivals-hong-kong-2025-interview,pain,biguzera,Hotspawn,BLAST/Rivals/2025/Fall
BLAST Rivals Fall 2025,2025-11-13,Banks at BLAST Rivals: “Any team can beat any team on a good day”,https://www.hotspawn.com/counter-strike/news/banks-at-blast-rivals-hong-kong,,James Banks,Hotspawn,BLAST/Rivals/2025/Fall
BLAST Rivals Fall 2025,2025-11-14,Mauisnake at BLAST Rivals: “Zweih is clearly the bigger problem in my eyes than Chopper-Hally”,https://www.hotspawn.com/counter-strike/news/mauisnake-blast-rivals-hong-kong,,Mauisnake,Hotspawn,BLAST/Rivals/2025/Fall
BLAST Rivals Fall 2025,2025-11-15,"mezii at BLAST Rivals: “Even if apEX makes the best call, sometimes we’re not executing the best”",https://www.hotspawn.com/counter-strike/news/mezii-at-blast-rivals-hong-kong,vit,mezii,Hotspawn,BLAST/Rivals/2025/Fall
BLAST Rivals Fall 2025,2025-11-15,kyxsan at BLAST Rivals Hong Kong: “The players respect me and my calls”,https://www.hotspawn.com/counter-strike/news/kyxsan-at-blast-rivals-hong-kong,falcons,kyxsan,Hotspawn,BLAST/Rivals/2025/Fall
BLAST Rivals Fall 2025,2025-11-16,"YEKINDAR after BLAST Rivals win: “All these memes about the power of friendship instead of power of money, you know, maybe it’s true”",https://www.hotspawn.com/counter-strike/news/yekindar-on-blast-rivals-win,furia,YEKINDAR,Hotspawn,BLAST/Rivals/2025/Fall
BLAST Rivals Fall 2025,2025-11-12,TeSeS: 我们都想要捧起奖杯 这是我们在这个赛季中所缺少的体验,https://www.bilibili.com/opus/1134327259784544262,falcons,TeSeS,Perfect World,BLAST/Rivals/2025/Fall
BLAST Rivals Fall 2025,2025-11-13,XTQZZZ: 现在的重点是尽力打好这项赛事 并为2025 StarLadder布达佩斯Major做好准备,https://www.bilibili.com/opus/1134632344217452545,vit,XTQZZZ,Perfect World,BLAST/Rivals/2025/Fall
BLAST Rivals Fall 2025,2025-11-13,KSCERATO: Team Vitality依然是世界第一 但是我们已经离世界第一不远了,https://www.bilibili.com/opus/1134726292276510723,furia,KSCERATO,Perfect World,BLAST/Rivals/2025/Fall
BLAST Rivals Fall 2025,2025-11-13,biguzera: 现在我们的战队拥有最合适的角色分配 整体也更加平衡了,https://www.bilibili.com/opus/1134737996057149447,pain,biguzera,Perfect World,BLAST/Rivals/2025/Fall
BLAST Rivals Fall 2025,2025-11-14,FalleN: 我觉得随着时间的推移 molodoy会超过我,https://www.bilibili.com/opus/1135077487510814755,furia,FalleN,Perfect World,BLAST/Rivals/2025/Fall
BLAST Rivals Fall 2025,2025-11-14,ZywOo: 相比上半赛季 现在我们的信心没有那么足,https://www.bilibili.com/opus/1135214149063671814,vit,ZywOo,Perfect World,BLAST/Rivals/2025/Fall
BLAST Rivals Fall 2025,2025-11-15,sidde: 现在不是放长假的时候 这是赛季末的冲刺阶段 所以我们必须全神贯注,https://www.bilibili.com/opus/1135772997278236677,furia,sidde,Perfect World,BLAST/Rivals/2025/Fall
BLAST Rivals Fall 2025,2025-11-16,kyxsan: 我们的心态非常好 即便开局糟糕也没有放弃,https://www.bilibili.com/opus/1135783515678310439,falcons,kyxsan,Perfect World,BLAST/Rivals/2025/Fall
BLAST Rivals Fall 2025,2025-11-16,YEKINDAR: 接下来是今年的最后一项赛事 我们会倾尽所有 全力以赴,https://www.bilibili.com/opus/1136144752524132353,furia,YEKINDAR,Perfect World,BLAST/Rivals/2025/Fall
BLAST Rivals Fall 2025,2025-11-29,launders: 不要限制自己 尽情的去尝试一切吧,https://www.bilibili.com/opus/1140530635684708359,,launders,Perfect World,BLAST/Rivals/2025/Fall
BLAST Rivals Fall 2025,2025-11-14,【專訪】中國香港電競總會會長陳龍盛: 爭取更多國際電競賽事落戶香港,https://csgo.com.hk/2025/11/14/esahk-eddy-interview/tournament/,esahk,Eddy Chen,TomorrowLAN,BLAST/Rivals/2025/Fall
BLAST Rivals Fall 2025,2025-11-14,"BLAST Rivals賽後訪問: Passion UA教練T.c, paiN教練rikz",https://csgo.com.hk/2025/11/14/blast-rivals-interview-tc-rikz/tournament/,pain,T.c,TomorrowLAN,BLAST/Rivals/2025/Fall
BLAST Rivals Fall 2025,2025-11-14,mezii: 今天能夠勝出Spirit仰賴我們的團隊以及堅強意志,https://csgo.com.hk/2025/11/14/blast-rivals-mezii-interview/tournament/,vit,mezii,TomorrowLAN,BLAST/Rivals/2025/Fall
BLAST Rivals Fall 2025,2025-11-15,BLAST首席商務官Leo: 我們的願景是在香港做出最好的電競比賽,https://csgo.com.hk/2025/11/15/blast-cbo-leo-matlock-interview/tournament/,,Leo Metlock,TomorrowLAN,BLAST/Rivals/2025/Fall
BLAST Rivals Fall 2025,2025-11-15,KSCERATO: 睽違六年再次來到香港打比賽感覺非常棒,https://csgo.com.hk/2025/11/15/blast-rivals-hong-kong-kscerato-interview/tournament/,furia,KSCERATO,TomorrowLAN,BLAST/Rivals/2025/Fall
BLAST Rivals Fall 2025,2025-11-15,"BLAST Rivals賽後採訪: TeSeS, kyxsan分享戰勝小蜜蜂心情",https://csgo.com.hk/2025/11/15/blast-rivals-hong-kong-teses-kyxsan-interview/tournament/,falcons,TeSeS,TomorrowLAN,BLAST/Rivals/2025/Fall
BLAST Rivals Fall 2025,2025-11-16,奪冠採訪: FURIA教練sidde希望搭建一支不斷成長的隊伍,https://csgo.com.hk/2025/11/17/blast-rivals-hong-kong-sidde-interview/tournament/,furia,sidde,TomorrowLAN,BLAST/Rivals/2025/Fall
BLAST Rivals Fall 2025,2025-11-16,"zonic: 感謝Falcons的粉絲支持, 希望還有機會再來香港",https://csgo.com.hk/2025/11/17/blast-rivals-hong-kong-zonic-interview/tournament/,falcons,zonic,TomorrowLAN,BLAST/Rivals/2025/Fall
BLAST Rivals Fall 2025,2025-11-17,"BLAST Rivals主持人stelight: 主持工作是挑戰也是成長, 期待BLAST再來香港",https://csgo.com.hk/2025/11/17/blast-rivals-hong-kong-stelight-interview/tournament/,,Stelight,TomorrowLAN,BLAST/Rivals/2025/Fall
BLAST Rivals Fall 2025,2025-11-17,分析師Pimp: 現在時代表現突出的狙擊手都是年輕且有天賦,https://csgo.com.hk/2025/11/17/blast-rivals-hong-kong-pimp-interview/tournament/,,Pimp,TomorrowLAN,BLAST/Rivals/2025/Fall
BLAST Rivals Fall 2025,2025-11-16,资助上限1500万港币的“M”品牌计划为什么会选择一场电竞赛事,https://weibo.com/ttarticle/p/show?id=2309405233664744620121,,Leo Matlock,People's Esports,BLAST/Rivals/2025/Fall
BLAST Rivals Fall 2025,2025-11-26,对话中国香港电竞总会名誉会长陈龙盛: 做好中西方超级联系人的角色,https://weibo.com/ttarticle/p/show?id=2309405237244578627831,,陈龙盛,People's Esports,BLAST/Rivals/2025/Fall
BLAST Rivals Fall 2025,2025-11-12,BLAST Rivals 2025 Season 2 - Day 1,https://www.hltv.org/gallery/12981,,,HLTV,BLAST/Rivals/2025/Fall
BLAST Rivals Fall 2025,2025-11-13,BLAST Rivals 2025 Season 2 - Day 2,https://www.hltv.org/gallery/12982,,,HLTV,BLAST/Rivals/2025/Fall
BLAST Rivals Fall 2025,2025-11-14,BLAST Rivals 2025 Season 2 - Day 3,https://www.hltv.org/gallery/12984,,,HLTV,BLAST/Rivals/2025/Fall
BLAST Rivals Fall 2025,2025-11-15,BLAST Rivals 2025 Season 2 - Day 4,https://www.hltv.org/gallery/12985,,,HLTV,BLAST/Rivals/2025/Fall
BLAST Rivals Fall 2025,2025-11-15,BLAST Rivals 2025 Season 2 - Day 5,https://www.hltv.org/gallery/12987,,,HLTV,BLAST/Rivals/2025/Fall
Intel Extreme Masters Chengdu 2025,2025-11-02,"IEM Chengdu 2025 teams, format, schedule, talent, prizes, fantasy",https://www.hltv.org/n/43095,,,HLTV,Intel Extreme Masters/2025/Chengdu
Intel Extreme Masters Chengdu 2025,2025-11-09,molodoy claims second MVP in rookie year at IEM Chengdu,https://www.hltv.org/n/43159,,,HLTV,Intel Extreme Masters/2025/Chengdu
Intel Extreme Masters Chengdu 2025,2025-11-11,The EVPs and All-Stars of IEM Chengdu 2025,https://www.hltv.org/n/43171,,,HLTV,Intel Extreme Masters/2025/Chengdu
Intel Extreme Masters Chengdu 2025,2025-11-03,"Perfecto: ""If you don't go to a Major because of a visa or something like we have, it's very terrible and tilting""",https://www.hltv.org/n/43103,vp,Perfecto,HLTV,Intel Extreme Masters/2025/Chengdu
Intel Extreme Masters Chengdu 2025,2025-11-03,"yuurih: ""I like this role right now, but it has been hard. You need to study a lot""",https://www.hltv.org/n/43101,furia,yuurih,HLTV,Intel Extreme Masters/2025/Chengdu
Intel Extreme Masters Chengdu 2025,2025-11-03,"malbsMd: ""We took a reset, we had a little bit of a burnout traveling and traveling with CS""",https://www.hltv.org/n/43105,g2,malbsMd,HLTV,Intel Extreme Masters/2025/Chengdu
Intel Extreme Masters Chengdu 2025,2025-11-03,"Magisk: ""I still think I have some way to go to be the reliable rock I know I can be""",https://www.hltv.org/n/43108,astralis,Magisk,HLTV,Intel Extreme Masters/2025/Chengdu
Intel Extreme Masters Chengdu 2025,2025-11-04,"C4LLM3SU3 laughs about playing Vitality or MOUZ: ""I'm good to take the L because we don't think we're that good right now""",https://www.hltv.org/n/43113,lvg,C4LLM3SU3,HLTV,Intel Extreme Masters/2025/Chengdu
Intel Extreme Masters Chengdu 2025,2025-11-04,"Spinx on 2-8 record vs. Vitality: ""They've just been getting trophies on our backs, and it wasn't easy""",https://www.hltv.org/n/43116,mouz,Spinx,HLTV,Intel Extreme Masters/2025/Chengdu
Intel Extreme Masters Chengdu 2025,2025-11-04,"HooXi: ""It's just hard to create stability in a team where people are going in and out of the door all the time""",https://www.hltv.org/n/43117,astralis,HooXi,HLTV,Intel Extreme Masters/2025/Chengdu
Intel Extreme Masters Chengdu 2025,2025-11-05,"NiKo: ""I find myself playing a bit more passive; it's hard to have space for three stars in the team""",https://www.hltv.org/n/43120,falcons,NiKo,HLTV,Intel Extreme Masters/2025/Chengdu
Intel Extreme Masters Chengdu 2025,2025-11-05,"XTQZZZ: ""We also have a tournament next week and I don't want to start like this again""",https://www.hltv.org/n/43123,vit,XTQZZZ,HLTV,Intel Extreme Masters/2025/Chengdu
Intel Extreme Masters Chengdu 2025,2025-11-05,"nilo: ""We tried to do a lot of freelance, and I think we just need more structure around it""",https://www.hltv.org/n/43128,heroic,nilo,HLTV,Intel Extreme Masters/2025/Chengdu
Intel Extreme Masters Chengdu 2025,2025-11-05,"nqz: ""Consistency is the word for us, we have high peaks and terrible matches""",https://www.hltv.org/n/43131,pain,nqz,HLTV,Intel Extreme Masters/2025/Chengdu
Intel Extreme Masters Chengdu 2025,2025-11-06,"Techno: ""Maybe people doubted about our new player and what would happen after Senzu, but we bounced back""",https://www.hltv.org/n/43133,mongolz,Techno4K,HLTV,Intel Extreme Masters/2025/Chengdu
Intel Extreme Masters Chengdu 2025,2025-11-07,"ropz: ""I told the guys I have a good track record in China; I'm giving them a bit of pressure to make sure we get that result""",https://www.hltv.org/n/43140,vit,ropz,HLTV,Intel Extreme Masters/2025/Chengdu
Intel Extreme Masters Chengdu 2025,2025-11-07,"device: ""This season has been one of the toughest for me, being on the road as much as we have""",https://www.hltv.org/n/43141,astralis,dev1ce,HLTV,Intel Extreme Masters/2025/Chengdu
Intel Extreme Masters Chengdu 2025,2025-11-07,"YEKINDAR on facing Falcons: ""m0NESY is great but we've got molodoy; NiKo or kyousuke are great, but we have KSCERATO""",https://www.hltv.org/n/43144,furia,YEKINDAR,HLTV,Intel Extreme Masters/2025/Chengdu
Intel Extreme Masters Chengdu 2025,2025-11-08,"flameZ: ""The day that I won't feel nervous or stressed in a final, I will probably be too old to remember my name""",https://www.hltv.org/n/43151,vit,flameZ,HLTV,Intel Extreme Masters/2025/Chengdu
Intel Extreme Masters Chengdu 2025,2025-11-08,"FalleN on Vitality: ""The PR answer is, 'We believe we can win,' the reality check is they're the big boss""",https://www.hltv.org/n/43153,furia,FalleN,HLTV,Intel Extreme Masters/2025/Chengdu
Intel Extreme Masters Chengdu 2025,2025-11-09,"molodoy: ""It's good if I take Rookie of the Year, but it doesn't matter for me because first I want to win trophies""",https://www.hltv.org/n/43160,furia,molodoy,HLTV,Intel Extreme Masters/2025/Chengdu
Intel Extreme Masters Chengdu 2025,2025-11-09,"kyxsan: ""Something is happening to us in these important games, and we've been working on it to fix it""",https://www.hltv.org/n/43157,falcons,kyxsan,HLTV,Intel Extreme Masters/2025/Chengdu
Intel Extreme Masters Chengdu 2025,2025-11-03,torzsi: 我们来成都就是为了捧杯的,https://www.bilibili.com/opus/1132908035108241413,mouz,torzsi,Perfect World,Intel Extreme Masters/2025/Chengdu
Intel Extreme Masters Chengdu 2025,2025-11-03,malbsMd: 我相信我们能更进一步,https://www.bilibili.com/opus/1132949052009218050,g2,malbsMd,Perfect World,Intel Extreme Masters/2025/Chengdu
Intel Extreme Masters Chengdu 2025,2025-11-03,HooXi: dev1ce食物中毒这种事真的是我们控制不了的 太倒霉了,https://www.bilibili.com/opus/1132960218924187652,astralis,dev1ce,Perfect World,Intel Extreme Masters/2025/Chengdu
Intel Extreme Masters Chengdu 2025,2025-11-04,xfl0ud: 土耳其的FPS底蕴非常丰厚 但现在我们很缺乏一线水平的CS选手,https://www.bilibili.com/opus/1133113910054879236,heroic,xfl0ud,Perfect World,Intel Extreme Masters/2025/Chengdu
Intel Extreme Masters Chengdu 2025,2025-11-04,kyousuke: 我的生涯目标就是变的更强 变成一位更好的选手,https://www.bilibili.com/opus/1133117431940644888,falcons,kyousuke,Perfect World,Intel Extreme Masters/2025/Chengdu
Intel Extreme Masters Chengdu 2025,2025-11-05,GUM: 现场氛围非常棒 接下来要直视差距 继续改进,https://www.bilibili.com/opus/1133968883405815889,lvg,GUM,Perfect World,Intel Extreme Masters/2025/Chengdu
Intel Extreme Masters Chengdu 2025,2025-11-06,fame: 我们已经很累了 真的需要歇一歇,https://www.bilibili.com/opus/1133990371139780633,vp,fame,Perfect World,Intel Extreme Masters/2025/Chengdu
Intel Extreme Masters Chengdu 2025,2025-11-06,sAw: 我们的这一整个赛季基本上都是在为Major做准备,https://www.bilibili.com/opus/1134016136651735045,g2,sAw,Perfect World,Intel Extreme Masters/2025/Chengdu
Intel Extreme Masters Chengdu 2025,2025-11-06,TOBIZ: 我觉得大伙在刚结束的这3项赛事中展现出了充分的潜力,https://www.bilibili.com/opus/1134357225766125570,heroic,TOBIZ,Perfect World,Intel Extreme Masters/2025/Chengdu
Intel Extreme Masters Chengdu 2025,2025-11-08,Spinx: 2025 StarLadder布达佩斯Major对我们来说也许是有史以来最重要的一项赛事,https://www.bilibili.com/opus/1134388055048716288,mouz,Spinx,Perfect World,Intel Extreme Masters/2025/Chengdu
Intel Extreme Masters Chengdu 2025,2025-11-08,FalleN: 终有一天我将奔赴他途 故而我要尽享当下,https://www.bilibili.com/opus/1134380736406618118,furia,FalleN,Perfect World,Intel Extreme Masters/2025/Chengdu
Intel Extreme Masters Chengdu 2025,2025-11-09,TeSeS: kyousuke简直就是无情的输出机器,https://www.bilibili.com/opus/1135082950709215236,falcons,TeSeS,Perfect World,Intel Extreme Masters/2025/Chengdu
Intel Extreme Masters Chengdu 2025,2025-11-09,mezii: 现在的首要任务是击败MOUZ 成为顶级选手之一也是我的目标之一,https://www.bilibili.com/opus/1135085725260185617,vit,mezii,Perfect World,Intel Extreme Masters/2025/Chengdu
Intel Extreme Masters Chengdu 2025,2025-11-09,sycrone：很高兴xertioN能在心理上保持专注 立刻调整状态准备下一场比赛,https://www.bilibili.com/opus/1135090857734570040,mouz,sycrone,Perfect World,Intel Extreme Masters/2025/Chengdu
Intel Extreme Masters Chengdu 2025,2025-11-10,Staehr: 我的ID是丹麦语里的一种鸟,https://www.bilibili.com/opus/1134753191659831301,astralis,Staehr,Perfect World,Intel Extreme Masters/2025/Chengdu
Intel Extreme Masters Chengdu 2025,2025-11-10,Techno4K: controlez表现很好 经验丰富 枪也很准,https://www.bilibili.com/opus/1134746637562806337,mongolz,Techno4K,Perfect World,Intel Extreme Masters/2025/Chengdu
Intel Extreme Masters Chengdu 2025,2025-11-10,FURIA: 能将巴西战队带回顶峰的感觉真的很棒,https://www.bilibili.com/opus/1134373980414672896,furia,FalleN,Perfect World,Intel Extreme Masters/2025/Chengdu
Intel Extreme Masters Chengdu 2025,2025-11-03,5EPlay专访NiKo: 真的很想为粉丝们赢下这座奖杯,https://csgo.5eplay.com/article/251103mjse0n,falcons,NiKo,5EPlay,Intel Extreme Masters/2025/Chengdu
Intel Extreme Masters Chengdu 2025,2025-11-04,5EPlay专访device: 每次来到中国都能感受到大家的热情,https://csgo.5eplay.com/article/25110468ak4f,astralis,device,5EPlay,Intel Extreme Masters/2025/Chengdu
Intel Extreme Masters Chengdu 2025,2025-11-04,5EPlay专访EmiliaQAQ: 我们Major目标是再次闯入传奇组,https://csgo.5eplay.com/article/251104nlezdb,lvg,EmiliaQAQ,5EPlay,Intel Extreme Masters/2025/Chengdu
Intel Extreme Masters Chengdu 2025,2025-11-05,"5EPlay专访torzsi: 今年想再进入TOP20, 并在祖国拿下Major",https://csgo.5eplay.com/article/251105v8o059,mouz,torzsi,5EPlay,Intel Extreme Masters/2025/Chengdu
Intel Extreme Masters Chengdu 2025,2025-11-06,5EPlay专访m0NESY: 收到印象最深刻的礼物是99朵玫瑰,https://csgo.5eplay.com/article/251106grxdfk,falcons,m0NESY,5EPlay,Intel Extreme Masters/2025/Chengdu
Intel Extreme Masters Chengdu 2025,2025-11-06,5EPlay专访Techno: 希望今年至少有三名队友能进TOP20,https://csgo.5eplay.com/article/251106pm5rge,mongolz,Techno4K,5EPlay,Intel Extreme Masters/2025/Chengdu
Intel Extreme Masters Chengdu 2025,2025-11-07,5EPlay专访kyousuke: NiKo像是我和m0NESY的导师,https://csgo.5eplay.com/article/251107ag92ep,falcons,kyousuke,5EPlay,Intel Extreme Masters/2025/Chengdu
Intel Extreme Masters Chengdu 2025,2025-11-07,5EPlay专访ZywOo: 能把成都以及香港的奖杯全抱回家当然最好,https://csgo.5eplay.com/article/251107sjrheb,vit,ZywOo,5EPlay,Intel Extreme Masters/2025/Chengdu
Intel Extreme Masters Chengdu 2025,2025-11-08,5EPlay专访YEKINDAR: 我认为molodoy和s1mple有非常像的特质,https://csgo.5eplay.com/article/2511088gph9j,furia,YEKINDAR,5EPlay,Intel Extreme Masters/2025/Chengdu
Intel Extreme Masters Chengdu 2025,2025-11-08,5EPlay专访HooXi: 我们目前无法超越当初G2梦幻阵容的高度,https://csgo.5eplay.com/article/251108zlk6ue,astralis,HooXi,5EPlay,Intel Extreme Masters/2025/Chengdu
Intel Extreme Masters Chengdu 2025,2025-11-08,【选手电台】一次千载难逢的巧遇，让我再一次采访到了NiKo,https://www.bilibili.com/video/BV1oV1XBWEfo,falcons,NiKo,CS2Daily,Intel Extreme Masters/2025/Chengdu
Intel Extreme Masters Chengdu 2025,2025-11-03,IEM Chengdu 2025 - Day 1,https://www.hltv.org/gallery/12974,,,HLTV,Intel Extreme Masters/2025/Chengdu
Intel Extreme Masters Chengdu 2025,2025-11-04,IEM Chengdu 2025 - Day 2,https://www.hltv.org/gallery/12975,,,HLTV,Intel Extreme Masters/2025/Chengdu
Intel Extreme Masters Chengdu 2025,2025-11-05,IEM Chengdu 2025 - Day 3,https://www.hltv.org/gallery/12976,,,HLTV,Intel Extreme Masters/2025/Chengdu
Intel Extreme Masters Chengdu 2025,2025-11-06,IEM Chengdu 2025 - Day 4,https://www.hltv.org/gallery/12978,,,HLTV,Intel Extreme Masters/2025/Chengdu
Intel Extreme Masters Chengdu 2025,2025-11-07,IEM Chengdu 2025 - Day 5,https://www.hltv.org/gallery/12979,,,HLTV,Intel Extreme Masters/2025/Chengdu
Intel Extreme Masters Chengdu 2025,2025-11-08,IEM Chengdu 2025 - Day 6,https://www.hltv.org/gallery/12980,,,HLTV,Intel Extreme Masters/2025/Chengdu
Intel Extreme Masters Chengdu 2025,2025-11-10,IEM Chengdu 2025 - CS2 Fragmovie,https://youtu.be/ZBSs7it8q7A,,,HLTV,Intel Extreme Masters/2025/Chengdu
ESL Pro League Season 22,2025-10-12,m0NESY takes ESL Pro League S22 MVP,https://www.hltv.org/n/42930,,,HLTV,ESL/Pro League/Season 22
ESL Pro League Season 22,2025-10-17,The EVPs and All-Stars of ESL Pro League S22,https://www.hltv.org/n/42957,,,HLTV,ESL/Pro League/Season 22
ESL Pro League Season 22,2025-10-04,"TeSeS: ""m0NESY is going to have a new, higher ceiling when he finds himself again""",https://www.hltv.org/n/42843,falcons,TeSeS,HLTV,ESL/Pro League/Season 22
ESL Pro League Season 22,2025-10-04,"mopoz on Vitality-M8s rivalry: ""Maybe today we showed who's the best baguette""",https://www.hltv.org/n/42851,gentle mates,mopoz,HLTV,ESL/Pro League/Season 22
ESL Pro League Season 22,2025-10-04,"makazze on having a trophy: ""It's not tier-one but at least it gives me confidence""",https://www.hltv.org/n/42850,navi,makazze,HLTV,ESL/Pro League/Season 22
ESL Pro League Season 22,2025-10-04,"n0rb3r7: ""<nowiki>[</nowiki>After<nowiki>]</nowiki> nine months on the bench I was so sad, I really missed LAN CS""",https://www.hltv.org/n/42853,hotu,n0rb3r7,HLTV,ESL/Pro League/Season 22
ESL Pro League Season 22,2025-10-05,"cairne: ""I was just tilted so hard <nowiki>[</nowiki>...<nowiki>]</nowiki> I won't break any mouse again""",https://www.hltv.org/n/42856,inner circle,cairne,HLTV,ESL/Pro League/Season 22
ESL Pro League Season 22,2025-10-05,"Wicadia: ""Our firepower is not at its usual level yet""",https://www.hltv.org/n/42857,aurora,Wicadia,HLTV,ESL/Pro League/Season 22
ESL Pro League Season 22,2025-10-05,"tN1R: ""I'm not sure I should play like a star player""",https://www.hltv.org/n/42859,spirit,tN1R,HLTV,ESL/Pro League/Season 22
ESL Pro League Season 22,2025-10-05,"apEX: ""Some Vitality fans say it's been a disaster for three months; I think they've been eating too well""",https://www.hltv.org/n/42862,vit,apEX,HLTV,ESL/Pro League/Season 22
ESL Pro League Season 22,2025-10-06,"karrigan on Twistzz: ""This is the first time I've had a secondary caller since NiKo""",https://www.hltv.org/n/42869,faze,karrigan,HLTV,ESL/Pro League/Season 22
ESL Pro League Season 22,2025-10-06,"Maka: ""Graviti is able to see what I wasn't able to, I was not using players in the best positions""",https://www.hltv.org/n/42872,3dmax,Maka,HLTV,ESL/Pro League/Season 22
ESL Pro League Season 22,2025-10-07,"kyxsan: ""We made sure m0NESY understood that he still has this freedom from before""",https://www.hltv.org/n/42876,falcons,kyxsan,HLTV,ESL/Pro League/Season 22
ESL Pro League Season 22,2025-10-07,"chopper: ""<nowiki>[</nowiki>tN1R brings<nowiki>]</nowiki> good atmosphere and more tips, moves, and motivation to work because that guy is hungry. His eyes shine""",https://www.hltv.org/n/42875,spirit,chopper,HLTV,ESL/Pro League/Season 22
ESL Pro League Season 22,2025-10-07,"Aleksib: ""We improved on the Falcons game, but it's not like we're filled with confidence now""",https://www.hltv.org/n/42880,navi,Aleksib,HLTV,ESL/Pro League/Season 22
ESL Pro League Season 22,2025-10-07,"YEKINDAR interview: molodoy's overconfidence after FPG 2 win, ""flaming"" him, new CT concepts",https://www.hltv.org/n/42884,furia,YEKINDAR,HLTV,ESL/Pro League/Season 22
ESL Pro League Season 22,2025-10-08,"Twistzz on if he was always going to replace rain: ""People may have thought otherwise (laughs), but yeah. In the early talks, it was like that""",https://www.hltv.org/n/42888,faze,Twistzz,HLTV,ESL/Pro League/Season 22
ESL Pro League Season 22,2025-10-08,"bodyy: ""We're moving forward into being ourselves more in those pressure games""",https://www.hltv.org/n/42892,3dmax,bodyy,HLTV,ESL/Pro League/Season 22
ESL Pro League Season 22,2025-10-09,"B1ad3: ""We want to build a team that is winning trophies constantly, but you need resources for this""",https://www.hltv.org/n/42890,navi,B1ad3,HLTV,ESL/Pro League/Season 22
ESL Pro League Season 22,2025-10-10,"Brollan: ""We just need to step up for tomorrow because we want revenge""",https://www.hltv.org/n/42911,mouz,Brollan,HLTV,ESL/Pro League/Season 22
ESL Pro League Season 22,2025-10-10,"NiKo: ""A bit frustrated how we played, but happy that we won""",https://www.hltv.org/n/42907,falcons,NiKo,HLTV,ESL/Pro League/Season 22
ESL Pro League Season 22,2025-10-11,"frozen: ""Twistzz is an incredible player. All the things I heard about him before are true""",https://www.hltv.org/n/42913,faze,frozen,HLTV,ESL/Pro League/Season 22
ESL Pro League Season 22,2025-10-12,"rain: ""It was nice, but this is not my future and my priorities can't only be on FaZe""",https://www.hltv.org/n/42927,faze,rain,HLTV,ESL/Pro League/Season 22
ESL Pro League Season 22,2025-10-12,"m0NESY on finding his form: ""Something was off for me when I joined Falcons and also when I was in G2""",https://www.hltv.org/n/42931,falcons,m0NESY,HLTV,ESL/Pro League/Season 22
ESL Pro League Season 22,2025-10-12,"flameZ: ""<nowiki>[</nowiki>This trophy<nowiki>]</nowiki> keeps us in a run for the era""",https://www.hltv.org/news/42932,vit,flameZ,HLTV,ESL/Pro League/Season 22
ESL Pro League Season 22,2025-10-04,ESL Pro League Season 22 - Day 1,https://www.hltv.org/gallery/12948,,,HLTV,ESL/Pro League/Season 22
ESL Pro League Season 22,2025-10-05,ESL Pro League Season 22 - Day 2,https://www.hltv.org/gallery/12950,,,HLTV,ESL/Pro League/Season 22
ESL Pro League Season 22,2025-10-06,ESL Pro League Season 22 - Day 3,https://www.hltv.org/gallery/12952,,,HLTV,ESL/Pro League/Season 22
ESL Pro League Season 22,2025-10-07,ESL Pro League Season 22 - Day 4,https://www.hltv.org/gallery/12953,,,HLTV,ESL/Pro League/Season 22
ESL Pro League Season 22,2025-10-08,ESL Pro League Season 22 - Day 5,https://www.hltv.org/gallery/12954,,,HLTV,ESL/Pro League/Season 22
ESL Pro League Season 22,2025-10-10,ESL Pro League Season 22 - Day 6,https://www.hltv.org/gallery/12955,,,HLTV,ESL/Pro League/Season 22
ESL Pro League Season 22,2025-10-11,ESL Pro League Season 22 - Day 7,https://www.hltv.org/gallery/12956,,,HLTV,ESL/Pro League/Season 22
ESL Pro League Season 22,2025-10-12,ESL Pro League Season 22 - Day 8,https://www.hltv.org/gallery/12958,,,HLTV,ESL/Pro League/Season 22
ESL Pro League Season 22,2025-10-13,ESL Pro League 22 - CS2 Fragmovie,https://www.youtube.com/watch?v=nBxVd5-c46c,,,HLTV,ESL/Pro League/Season 22
FISSURE Playground #2,2025-09-09,"FISSURE Playground 2 teams, format, schedule, talent, prizes, fantasy",https://www.hltv.org/n/42633,,,HLTV,FISSURE/Playground/2
FISSURE Playground #2,2025-09-21,molodoy takes FISSURE Playground 2 MVP,https://www.hltv.org/n/42741,,,HLTV,FISSURE/Playground/2
FISSURE Playground #2,2025-09-24,The EVPs and All-Stars of FISSURE Playground 2,https://www.hltv.org/n/42757,,,HLTV,FISSURE/Playground/2
FISSURE Playground #2,2025-09-11,"Perfecto: ""B1ad3 offered me the IGL role as one of the options when NAVI replaced Boombl4""",https://www.hltv.org/n/42644,vp,Perfecto,HLTV,FISSURE/Playground/2
FISSURE Playground #2,2025-09-12,"Graviti: ""We have the capacity to beat all the teams here, but the event is very stacked""",https://www.hltv.org/n/42652,3dmax,Graviti,HLTV,FISSURE/Playground/2
FISSURE Playground #2,2025-09-13,"TeSeS: ""When we have these huge star players, it's only fitting that I go to anchor positions""",https://www.hltv.org/n/42654,falcons,TeSeS,HLTV,FISSURE/Playground/2
FISSURE Playground #2,2025-09-13,"YEKINDAR: ""We want to show the best version of FURIA in this event""",https://www.hltv.org/n/42665,furia,YEKINDAR,HLTV,FISSURE/Playground/2
FISSURE Playground #2,2025-09-14,"frozen: ""It's been a messy year; we're just trying to get back to the top""",https://www.hltv.org/n/42669,faze,frozen,HLTV,FISSURE/Playground/2
FISSURE Playground #2,2025-09-14,"Magisk: ""I'm going to be here until the end of the year, and from there I will see what happens""",https://www.hltv.org/n/42672,astralis,Magisk,HLTV,FISSURE/Playground/2
FISSURE Playground #2,2025-09-14,"biguzera: ""We have to think the same way all the time, because that's what Counter-Strike means""",https://www.hltv.org/n/42676,pain,biguzera,HLTV,FISSURE/Playground/2
FISSURE Playground #2,2025-09-15,"sAw: ""To be honest, I didn't expect to win an event so fast""",https://www.hltv.org/n/42685,g2,sAw,HLTV,FISSURE/Playground/2
FISSURE Playground #2,2025-09-15,"zonic: ""We succeeded with getting kyousuke comfortable, but we neglected that we also had NiKo and TeSeS in new roles""",https://www.hltv.org/n/42686,falcons,zonic,HLTV,FISSURE/Playground/2
FISSURE Playground #2,2025-09-16,"MATYS: ""After a long time, we're going to have two days off; it feels like Christmas""",https://www.hltv.org/n/42693,g2,matys,HLTV,FISSURE/Playground/2
FISSURE Playground #2,2025-09-16,"KSCERATO: ""We know how to play [all seven maps] because we have a bunch of nerds here""",https://www.hltv.org/n/42698,furia,KSCERATO,HLTV,FISSURE/Playground/2
FISSURE Playground #2,2025-09-17,"HooXi on likely making the Major: ""The system isn't fair right now, that's why I expected us to go through""",https://www.hltv.org/n/42705,astralis,HooXi,HLTV,FISSURE/Playground/2
FISSURE Playground #2,2025-09-18,"nqz: ""We had a chat about playing too obvious, predictable, and default""",https://www.hltv.org/n/42708,pain,nqz,HLTV,FISSURE/Playground/2
FISSURE Playground #2,2025-09-19,"NertZ: ""It will be a good Liquid with or without Twistzz, even though he's one of the best players in the world""",https://www.hltv.org/n/42721,tl,NertZ,HLTV,FISSURE/Playground/2
FISSURE Playground #2,2025-09-19,"FalleN: ""We need more stability, but on a good day we can win tournaments""",https://www.hltv.org/n/42726,furia,FalleN,HLTV,FISSURE/Playground/2
FISSURE Playground #2,2025-09-20,"NiKo: ""We are a much better team than we were in Cologne""",https://www.hltv.org/n/42729,falcons,NiKo,HLTV,FISSURE/Playground/2
FISSURE Playground #2,2025-09-22,"molodoy on reaching this point so quickly: ""I dreamt, I knew, and I had faith that I could""",https://www.hltv.org/n/42742,furia,molodoy,HLTV,FISSURE/Playground/2
FISSURE Playground #2,2025-09-11,"FalleN об игре с molodoy: «Мы осознали, что нам нужен снайпер топ-уровня, чтобы действительно изменить ситуацию в играх»",https://www.offstage.ru/cs2/news/fallen-ob-igre-s-molodoy-my-osoznali-chto-nam-nuzhen-snajper-top-urovnya-chtoby-dejstvitelno-izmenit-situacziyu-v-igrah,furia,FalleN,OFFSTAGE,FISSURE/Playground/2
FISSURE Playground #2,2025-09-12,"Тренер G2 sAw: «HEROIC — хорошая организация, но G2 гораздо крупнее. Это другой уровень структуры, управления, всего»",https://www.offstage.ru/cs2/news/eetu-saw-saha-nam-vsyo-eshhyo-nuzhno-stanovitsya-luchshe,g2,sAw,OFFSTAGE,FISSURE/Playground/2
FISSURE Playground #2,2025-09-13,Небольшое интервью с Jee из TYLOO: про киберспорт в Китае и свою «страсть»,https://www.offstage.ru/cs2/news/jee-pro-kibersport-v-kitae-i-svoyu-strast,tyloo,Jee,OFFSTAGE,FISSURE/Playground/2
FISSURE Playground #2,2025-09-13,"molodoy: «Цель — по-любому выиграть мейджор, всегда оно будет»",https://www.offstage.ru/cs2/news/molodoy-czel-po-lyubomu-vyigrat-mazhor-vsegda-ono-budet,furia,molodoy,OFFSTAGE,FISSURE/Playground/2
FISSURE Playground #2,2025-09-14,HooXi о дальнейших планах: «У меня абсолютно нет желания заканчивать карьеру»,https://www.offstage.ru/cs2/articles/hooxi-pro-g2-eto-byla-horoshaya-komanda-ya-nemnogo-skuchayu-po-nej,astralis,HooXi,OFFSTAGE,FISSURE/Playground/2
FISSURE Playground #2,2025-09-15,"Снайпер G2 SunPayus про BLAST Open London 2025: «Мы не рассчитывали выиграть турнир, мы больше стремились к развитию нас как команды»",https://www.offstage.ru/cs2/news/sunpayus-interview-fissure-playground,g2,SunPayus,OFFSTAGE,FISSURE/Playground/2
FISSURE Playground #2,2025-09-16,Perfecto про свою новую роль в Virtus.pro: «Для меня капитанство всегда выглядело продолжением карьеры в определённый момент времени»,https://www.offstage.ru/cs2/articles/kapitan-virtus-pro-perfecto-pro-svoyu-novuyu-rol-kapitanstvo-vsegda-vyglyadelo-prodolzheniem-moej-karery,vp,Perfecto,OFFSTAGE,FISSURE/Playground/2
FISSURE Playground #2,2025-09-17,"sidde: «Мы подписали YEKINDAR и molodoy, и, как будто, нам многого недоставало в команде, а мы не понимали этого»",https://www.offstage.ru/cs2/articles/sidde-interview-fissure,furia,sidde,OFFSTAGE,FISSURE/Playground/2
FISSURE Playground #2,2025-09-18,"EmiliaQAQ о своей карьере: «Если бы я не играл в CS, был бы стримером»",https://www.offstage.ru/cs2/news/emiliaqaq-interview-fissure,lvg,EmiliaQAQ,OFFSTAGE,FISSURE/Playground/2
FISSURE Playground #2,2025-09-19,"TOBIZ про Alkaren: «Он выделялся тем, что мы и искали в потенциальном новом игроке: практичностью и снайперской игрой, ориентированной на поддержку»",https://www.offstage.ru/cs2/news/tobiz-da-ya-skuchal-kogda-oni-igrali-a-ya-zhenilsya-eto-bylo-pohozhe-na-dolgie-kanikuly-tak-chto-priyatno-vernutsya-syuda,heroic,TOBIZ,OFFSTAGE,FISSURE/Playground/2
FISSURE Playground #2,2025-09-20,"jottAAA из Aurora: «Каждый раз, выходя на сцену, мы хотим показать лучшую версию себя»",https://www.offstage.ru/cs2/news/samet-jottaaa-koklu-vyhodya-na-sczenu-my-hotim-pokazat-luchshuyu-versiyu-sebya,aurora,jottAAA,OFFSTAGE,FISSURE/Playground/2
FISSURE Playground #2,2025-09-21,"«Мейджор в Китае показал то, насколько там любят CS» — интервью с Head of esports FISSURE Дмитрием Новокшоновым про тонкости проведения турниров",https://www.offstage.ru/cs2/news/mejdzhor-v-kitae-pokazal-to-naskolko-tam-lyubyat-cs-intervyu-s-head-of-esports-fissure-dmitriem-novokshonovym-pro-tonkosti-provedeniya-turnirov,,Dmitry Novokshonov,OFFSTAGE,FISSURE/Playground/2
FISSURE Playground #2,2025-09-22,"ruggah о своём влиянии в Astralis: «Я выражаю мнение по многим вопросам, но это не значит, что я могу сказать “Мне нужен этот игрок и никто другой”»",https://www.offstage.ru/cs2/news/ruggah-v-cs2-ty-mozhesh-prosto-pobezhat-i-posmotret-chto-vyjdet-inogda-igra-voznagradit-tebya-dvojnym-ili-trojnym-fragom-takticheskij-aspekt-stal-menee-vazhen,astralis,ruggah,OFFSTAGE,FISSURE/Playground/2
FISSURE Playground #2,2025-09-24,"biguzera про VRS: «Для меня несправедливо, что чемпион Fragaldephia зарабатывает больше очков, чем победитель мейджора»",https://www.offstage.ru/cs2/news/biguzera-dumayu-ya-nikogda-ne-budu-kak-fallen,pain,biguzera,OFFSTAGE,FISSURE/Playground/2
FISSURE Playground #2,2025-09-26,"bodyy про 3DMAX: «Тот факт, что мы родились и выросли во Франции, в каком-то смысле делает нас всех связанными друг с другом»",https://www.offstage.ru/cs2/news/bodyy-ya-ochen-emoczionalnyj-chelovek-no-vsyo-zavisit-ot-togo-kak-ya-eto-pokazyvayu,3dmax,bodyy,OFFSTAGE,FISSURE/Playground/2
FISSURE Playground #2,2025-09-27,"«Я понял, что не стану игроком» — большое интервью с Dinko о карьере в киберспорте, отзывах зрителей и работу на мейджоре",https://www.offstage.ru/cs2/news/dinko-o-svoej-karere-v-kibersporte-u-tebya-est-odin-shans-sdelat-chto-to-podobnoe,,Dinko,OFFSTAGE,FISSURE/Playground/2
FISSURE Playground #2,2025-09-28,"woxic про перерыв в карьере: «Время, которое я потратил на себя, сделало меня намного сильнее, чем раньше»",https://www.offstage.ru/cs2/articles/woxic-pro-pobedu-nad-astralis-na-csgo-asia-championships-2019-oshhushheniya-byli-luchshe-chem-ot-pobedy-v-samom-turnire,aurora,woxic,OFFSTAGE,FISSURE/Playground/2
FISSURE Playground #2,2025-09-11,Magisk explica volta para Astralis e comenta saída da Falcons,https://www.dust2.com.br/noticias/65568/magisk-explica-volta-para-astralis-e-comenta-saida-da-falcons,astralis,Magisk,Dust2.com.br,FISSURE/Playground/2
FISSURE Playground #2,2025-09-12,"NiKo: ""Construímos um time para vencer o troféu""",https://www.dust2.com.br/noticias/65607/niko-construimos-um-time-para-vencer-o-trofeu,falcons,NiKo,Dust2.com.br,FISSURE/Playground/2
FISSURE Playground #2,2025-09-14,"FalleN: ""Tenho muita vontade de jogar ainda""",https://www.dust2.com.br/noticias/65650/fallen-tenho-muita-vontade-de-jogar-ainda,furia,FalleN,Dust2.com.br,FISSURE/Playground/2
FISSURE Playground #2,2025-09-14,"n1ssim: ""Estamos em um nível onde podemos ganhar esse campeonato""",https://www.dust2.com.br/noticias/65669/n1ssim-estamos-em-um-nivel-onde-podemos-ganhar-esse-campeonato,legacy,n1ssim,Dust2.com.br,FISSURE/Playground/2
FISSURE Playground #2,2025-09-14,"Snow: ""Senti que não estávamos com a mesma vontade""",https://www.dust2.com.br/noticias/65683/snow-senti-que-nao-estavamos-com-a-mesma-vontade,pain,Snow,Dust2.com.br,FISSURE/Playground/2
FISSURE Playground #2,2025-09-15,"FURIA quer ser ""como Vitality e Spirit"", diz YEKINDAR",https://www.dust2.com.br/noticias/65684/furia-quer-ser-como-vitality-e-spirit-diz-yekindar,furia,YEKINDAR,Dust2.com.br,FISSURE/Playground/2
FISSURE Playground #2,2025-09-16,nqz projeta confronto contra a FURIA e fala de virada de chave da paiN,https://www.dust2.com.br/noticias/65720/nqz-projeta-confronto-contra-a-furia-e-fala-de-virada-de-chave-da-pain,pain,nqz,Dust2.com.br,FISSURE/Playground/2
FISSURE Playground #2,2025-09-16,"molodoy: ""Me sinto bem nas arenas""",https://www.dust2.com.br/noticias/65756/molodoy-me-sinto-bem-nas-arenas,furia,molodoy,Dust2.com.br,FISSURE/Playground/2
FISSURE Playground #2,2025-09-17,"""Não conseguimos replicar o que fizemos no treino"", diz saadzin",https://www.dust2.com.br/noticias/65758/nao-conseguimos-replicar-o-que-fizemos-no-treino-diz-saadzin,legacy,saadzin,Dust2.com.br,FISSURE/Playground/2
FISSURE Playground #2,2025-09-17,"device sobre nervosismo ao voltar para o Major: ""O jogo significa muito para mim""",https://www.dust2.com.br/noticias/65781/device-sobre-nervosismo-ao-voltar-para-o-major-o-jogo-significa-muito-para-mim,astralis,dev1ce,Dust2.com.br,FISSURE/Playground/2
FISSURE Playground #2,2025-09-17,"""Às vezes esquecemos um pouco de ajudar o outro, de jogar como um time"", diz dgt",https://www.dust2.com.br/noticias/65799/as-vezes-esquecemos-um-pouco-de-ajudar-o-outro-de-jogar-como-um-time-diz-dgt,pain,dgt,Dust2.com.br,FISSURE/Playground/2
FISSURE Playground #2,2025-09-19,siuhy comenta saída de Twistzz e chance de voltar às Américas,https://www.dust2.com.br/noticias/65846/siuhy-comenta-saida-de-twistzz-e-chance-de-voltar-as-americas,tl,siuhy,Dust2.com.br,FISSURE/Playground/2
FISSURE Playground #2,2025-09-19,"KSCERATO: ""Essa line está muito diferente de qualquer outra que já tivemos""",https://www.dust2.com.br/noticias/65854/kscerato-essa-line-esta-muito-diferente-de-qualquer-outra-que-ja-tivemos,furia,KSCERATO,Dust2.com.br,FISSURE/Playground/2
FISSURE Playground #2,2025-09-20,biguzera comenta eliminação da paiN e explica períodos passados no Brasil,https://www.dust2.com.br/noticias/65862/biguzera-comenta-eliminacao-da-pain-e-explica-periodos-passados-no-brasil,pain,biguzera,Dust2.com.br,FISSURE/Playground/2
FISSURE Playground #2,2025-09-21,"sidde projeta final do FISSURE Playground 2: ""Está aberto para os dois lados""",https://www.dust2.com.br/noticias/65896/sidde-projeta-final-do-fissure-playground-2-esta-aberto-para-os-dois-lados,furia,sidde,Dust2.com.br,FISSURE/Playground/2
FISSURE Playground #2,2025-09-21,"FalleN: ""O jogo sempre norteia as decisões que tomo na minha vida""",https://www.dust2.com.br/noticias/65935/fallen-o-jogo-sempre-norteia-as-decisoes-que-tomo-na-minha-vida,furia,FalleN,Dust2.com.br,FISSURE/Playground/2
FISSURE Playground #2,2025-09-21,"yuurih: ""Passava na mente que nunca iríamos conseguir, mas a única saída é continuar""",https://www.dust2.com.br/noticias/65937/yuurih-passava-na-mente-que-nunca-iriamos-conseguir-mas-a-unica-saida-e-continuar,furia,yuurih,Dust2.com.br,FISSURE/Playground/2
FISSURE Playground #2,2025-09-13,Yekindar ile Sorulmayanlar,https://www.youtube.com/watch?v=zb0TKqNsrbo,furia,YEKINDAR,,FISSURE/Playground/2
FISSURE Playground #2,2025-09-13,Aurora Fabre ile Hasbihal,https://www.youtube.com/watch?v=zmTbZEQqv2o,aurora,Fabre,,FISSURE/Playground/2
FISSURE Playground #2,2025-09-13,PAIN Biguzera ile Podcast,https://www.youtube.com/watch?v=ZMSgYupoluQ,pain,Biguzera,,FISSURE/Playground/2
FISSURE Playground #2,2025-09-14,Aurora Jottaaa ile Maç Sonrası,https://www.youtube.com/watch?v=W1TAeZLdgpY,aurora,JottAAA,,FISSURE/Playground/2
FISSURE Playground #2,2025-09-15,Astralis Magisk ile Derin Konular,https://www.youtube.com/watch?v=geRduLkdjtU,astralis,Magisk,,FISSURE/Playground/2
FISSURE Playground #2,2025-09-16,MAJ3R ile Unutulmaz Bir Sohbet,https://www.youtube.com/watch?v=mimK7OPH-NA,aurora,MAJ3R,,FISSURE/Playground/2
FISSURE Playground #2,2025-09-17,Falcons Zonic ile Aurora Sohbeti,https://www.youtube.com/watch?v=vb_6ULMTO5M,falcons,zonic,,FISSURE/Playground/2
FISSURE Playground #2,2025-09-18,Aurora Woxic İle TRCS,https://www.youtube.com/watch?v=mTx-bd5SaBo,aurora,woxic,,FISSURE/Playground/2
FISSURE Playground #2,2025-09-19,FaZe broky ile Espor Yolculuğu,https://www.youtube.com/watch?v=-4J1JECe8Pk,faze,broky,,FISSURE/Playground/2
FISSURE Playground #2,2025-09-20,Team Liquid koçu Flashie ile Aurora Maçı Sonrası,https://www.youtube.com/watch?v=vLeLgdBW_d4,tl,flashie,,FISSURE/Playground/2
FISSURE Playground #2,2025-09-10,FISSURE Playground 2 - Media Days,https://www.hltv.org/gallery/12920,,,HLTV,FISSURE/Playground/2
FISSURE Playground #2,2025-09-12,FISSURE Playground 2 - Day 1,https://www.hltv.org/gallery/12921,,,HLTV,FISSURE/Playground/2
FISSURE Playground #2,2025-09-13,FISSURE Playground 2 - Day 2,https://www.hltv.org/gallery/12922,,,HLTV,FISSURE/Playground/2
FISSURE Playground #2,2025-09-14,FISSURE Playground 2 - Day 3,https://www.hltv.org/gallery/12923,,,HLTV,FISSURE/Playground/2
FISSURE Playground #2,2025-09-15,FISSURE Playground 2 - Day 4,https://www.hltv.org/gallery/12924,,,HLTV,FISSURE/Playground/2
FISSURE Playground #2,2025-09-16,FISSURE Playground 2 - Day 5,https://www.hltv.org/gallery/12925,,,HLTV,FISSURE/Playground/2
FISSURE Playground #2,2025-09-17,FISSURE Playground 2 - Day 6,https://www.hltv.org/gallery/12926,,,HLTV,FISSURE/Playground/2
FISSURE Playground #2,2025-09-19,FISSURE Playground 2 - Day 7,https://www.hltv.org/gallery/12928,,,HLTV,FISSURE/Playground/2
FISSURE Playground #2,2025-09-20,FISSURE Playground 2 - Day 8,https://www.hltv.org/gallery/12931,,,HLTV,FISSURE/Playground/2
FISSURE Playground #2,2025-09-21,FISSURE Playground 2 - Day 9,https://www.hltv.org/gallery/12933,,,HLTV,FISSURE/Playground/2
FISSURE Playground #2,2025-09-22,FISSURE Playground 2 - CS2 Fragmovie,https://youtu.be/IBA1E8LyxmY,,,HLTV,FISSURE/Playground/2
BLAST Open Fall 2025,2025-09-04,Keep calm and carry on: Vitality do not need to panic,https://www.hltv.org/n/42607,vit,,HLTV,BLAST/Open/2025/Fall
BLAST Open Fall 2025,2025-09-07,HeavyGod secures career-first MVP at BLAST Open London,https://www.hltv.org/n/42627,,,HLTV,BLAST/Open/2025/Fall
BLAST Open Fall 2025,2025-09-14,The EVPs and All-Stars of BLAST Open London,https://www.hltv.org/n/42658,,,HLTV,BLAST/Open/2025/Fall
BLAST Open Fall 2025,2025-09-04,"karrigan: ""We've brought some of that DNA back. Is that gonna lead to trophies? I have no idea""",https://www.hltv.org/n/42598,faze,karrigan,HLTV,BLAST/Open/2025/Fall
BLAST Open Fall 2025,2025-09-04,"torzsi: ""They're still really good but Vitality aren't what they used to be in the last 7 months""",https://www.hltv.org/n/42604,mouz,torzsi,HLTV,BLAST/Open/2025/Fall
BLAST Open Fall 2025,2025-09-04,"malbsMd on G2's new structure: ""It feels like if I die I have a purpose for dying""",https://www.hltv.org/n/42601,g2,malbsMd,HLTV,BLAST/Open/2025/Fall
BLAST Open Fall 2025,2025-09-04,"Lake: ""I had to listen to the coach, the old man, he was like, 'You need to get a schedule down'""",https://www.hltv.org/n/42602,m80,Lake,HLTV,BLAST/Open/2025/Fall
BLAST Open Fall 2025,2025-09-05,"mezii: ""We need to focus more on team play; we've been a bit messy on that aspect""",https://www.hltv.org/n/42609,vit,mezii,HLTV,BLAST/Open/2025/Fall
BLAST Open Fall 2025,2025-09-05,HeavyGod: “Everybody says I’m harsh on myself; I’m trying to be a perfect player”,https://www.hltv.org/n/42617,g2,HeavyGod,HLTV,BLAST/Open/2025/Fall
BLAST Open Fall 2025,2025-09-05,"KSCERATO: ""I want to play Vitality in the grand final because six years ago, we lost to them in ECS London in the final""",https://www.hltv.org/n/42608,furia,KSCERATO,HLTV,BLAST/Open/2025/Fall
BLAST Open Fall 2025,2025-09-06,"Brollan: ""It's a hard moment to believe but I know that we're going to win a trophy this season""",https://www.hltv.org/n/42621,mouz,Brollan,HLTV,BLAST/Open/2025/Fall
BLAST Open Fall 2025,2025-09-06,"sidde: ""We are in the process of learning how to play these big games in these big arenas""",https://www.hltv.org/n/42623,furia,sidde,HLTV,BLAST/Open/2025/Fall
BLAST Open Fall 2025,2025-09-07,"HeavyGod: ""We can do a lot of damage in the future; it's just the beginning for me""",https://www.hltv.org/n/42628,g2,HeavyGod,HLTV,BLAST/Open/2025/Fall
BLAST Open Fall 2025,2025-09-05,"ZywOo: ""Astralis still have the best era in every way""",https://blast.tv/cs/news/zywoo-astralis-have-the-best-era,vit,ZywOo,BLAST,BLAST/Open/2025/Fall
BLAST Open Fall 2025,2025-09-05,"Spinx: ""If we have experience, we need to show it on map one, two, and three""",https://blast.tv/cs/news/spinx-if-we-have-experience,mouz,Spinx,BLAST,BLAST/Open/2025/Fall
BLAST Open Fall 2025,2025-09-05,"huNter- on old G2 vs new G2: ""When it comes to firepower, it's the same""",https://blast.tv/cs/news/hunter-when-it-comes-to-firepower-its-the-same,g2,huNter-,BLAST,BLAST/Open/2025/Fall
BLAST Open Fall 2025,2025-09-08,"HeavyGod: ""Some teams think that we're weaker than we are""",https://blast.tv/cs/news/heavygod-some-teams-think-were-weaker-than-we-are,g2,HeavyGod,BLAST,BLAST/Open/2025/Fall
BLAST Open Fall 2025,2025-09-04,"broky at BLAST Open Fall: ""It doesn't matter who we play in the end..we take each team game by game""",https://youtu.be/n-kGvMSnlHE,faze,broky,Hotspawn,BLAST/Open/2025/Fall
BLAST Open Fall 2025,2025-09-05,"SunPayus at BLAST Open Fall: ""I think the relationship and the chemistry in the team is really good""",https://youtu.be/8PJh6cXaaFo,g2,SunPayus,Hotspawn,BLAST/Open/2025/Fall
BLAST Open Fall 2025,2025-09-05,dephh on BLAST Open London Finals: “You’re normally everywhere else except the UK. It’s special to be back”,https://ukcsgo.com/dephh-on-playing-in-the-uk-because-youre-normally-everywhere-else-except-the-uk-its-kind-of-special-to-be-back/,m80,dephh,UKCSGO,BLAST/Open/2025/Fall
BLAST Open Fall 2025,2025-09-05,mezii: “I have heard some good things about Tree60”,https://ukcsgo.com/mezii-tree60-ive-heard-some-good-things-about-this-guy/,vit,mezii,UKCSGO,BLAST/Open/2025/Fall
BLAST Open Fall 2025,2025-09-05,"torzsi on the London crowd: ""We were a little bit surprised that they were booing us, and then we realised their coach is UK""",https://ukcsgo.com/torzsi-on-the-london-crowd-we-were-a-little-bit-surprised-that-they-were-booing-us-and-then-we-realised-their-coach-is-uk/,mouz,torzsi,UKCSGO,BLAST/Open/2025/Fall
BLAST Open Fall 2025,2025-09-06,"HeavyGod: ""huNter- was calling insanely good <nowiki>[</nowiki>against FaZe<nowiki>]</nowiki>... he was just calling from his gut""",https://ukcsgo.com/heavygod-hunter-was-calling-insanely-good-against-faze-he-was-just-calling-from-his-gut/,g2,HeavyGod,UKCSGO,BLAST/Open/2025/Fall
BLAST Open Fall 2025,2025-09-06,flameZ on lifting the BLAST Open London trophy: “I want to win it for mezii”,https://ukcsgo.com/flamez-on-taking-the-trophy-in-london-i-want-to-win-it-for-william-but-i-want-to-win-it-for-me-as-well/,vit,flameZ,UKCSGO,BLAST/Open/2025/Fall
BLAST Open Fall 2025,2025-09-07,sAw on the win versus Furia: “The game plan was correct; we didn’t need to make many adjustments.”,https://ukcsgo.com/saw-on-the-win-versus-furia-the-game-plan-was-correct-we-didnt-need-to-do-many-adjustments/,g2,sAw,UKCSGO,BLAST/Open/2025/Fall
BLAST Open Fall 2025,2025-09-08,"huNter-: “There’s a reason people like us here <nowiki>[</nowiki>London<nowiki>]</nowiki>, and I’m looking forward to playing more events here.”",https://ukcsgo.com/hunter-after-winning-blast-open-london-theres-a-reason-people-like-us-here-and-im-looking-forward-to-playing-more-events-here/,g2,huNter-,UKCSGO,BLAST/Open/2025/Fall
BLAST Open Fall 2025,2025-09-08,dephh: “It’s really nice to know that the UK fans are still loyal”,https://ukcsgo.com/dephh-its-really-nice-to-know-that-the-uk-fans-are-still-loyal/,m80,dephh,UKCSGO,BLAST/Open/2025/Fall
BLAST Open Fall 2025,2025-09-10,"CYPHER: “When people say inconsistent, they mean stats. I bring a lot more to the team than stats”",https://ukcsgo.com/cypher-when-people-say-inconsistent-they-mean-stats-i-bring-a-lot-more-to-the-team-than-stats/,,CYPHER,UKCSGO,BLAST/Open/2025/Fall
BLAST Open Fall 2025,2025-09-10,"aiM: “If there is one thing I do in my life, I have to go to an EPIC.LAN”",https://ukcsgo.com/aim-if-there-is-one-thing-i-do-in-my-life-i-have-to-go-to-an-epic-lan/,,aiM,UKCSGO,BLAST/Open/2025/Fall
BLAST Open Fall 2025,2025-09-12,Tree60 on Falcons academy trials: “It was a bit of a disappointment that I didn’t get to show what I could do”,https://ukcsgo.com/tree60-on-falcons-academy-trials-it-was-a-bit-of-a-disappointment-that-i-didnt-get-to-show-what-i-could-do/,,Tree60,UKCSGO,BLAST/Open/2025/Fall
BLAST Open Fall 2025,2025-09-15,Freya: “There isn’t much time to look around and smell the roses. Coming back to London is one of those opportunities”,https://ukcsgo.com/freya-there-isnt-much-time-to-look-around-and-smell-the-roses-coming-back-to-london-is-one-of-those-opportunities/,,Freya,UKCSGO,BLAST/Open/2025/Fall
BLAST Open Fall 2025,2025-09-26,James Banks: “I have people come into my Twitch chat and say I never did <nowiki>[</nowiki>certain<nowiki>]</nowiki> things. I have all the proof”,https://ukcsgo.com/james-banks-i-have-people-come-into-my-twitch-chat-and-say-i-never-did-certain-things-i-have-all-the-proof/,,James Banks,UKCSGO,BLAST/Open/2025/Fall
BLAST Open Fall 2025,2025-09-29,MiGHTYMAX: “You just have to believe that you still have the ability to do something in the game”,https://ukcsgo.com/mightymax-you-just-have-to-believe-that-you-still-have-the-ability-to-do-something-in-the-game/,,MiGHTYMAX,UKCSGO,BLAST/Open/2025/Fall
BLAST Open Fall 2025,2025-09-04,Lake on NA CS: “It’s probably worse than it ever has been”,https://esports-news.co.uk/2025/09/04/lake-on-na-cs-its-probably-worse-than-it-ever-has-been/,m80,Lake,Esports News UK,BLAST/Open/2025/Fall
BLAST Open Fall 2025,2025-09-04,"MOUZ Brollan shares the IGL perspective on underdogs, Team Vitality, and entry frags at BLAST Open Fall London",https://esports-news.co.uk/2025/09/04/mouz-brollan-igl-perspective-on-underdogs-vitality-and-entry-blast-open-fall-london/,mouz,Brollan,Esports News UK,BLAST/Open/2025/Fall
BLAST Open Fall 2025,2025-09-05,karrigan: “Now it’s back to the old FaZe Clan”,https://esports-news.co.uk/2025/09/05/karrigan-now-its-back-to-the-old-faze-clan/,faze,karrigan,Esports News UK,BLAST/Open/2025/Fall
BLAST Open Fall 2025,2025-09-05,"torzsi: “Even if they boo us in the crowd, we don’t really care”",https://esports-news.co.uk/2025/09/05/torzsi-even-if-they-boo-us-in-the-crowd-we-dont-really-care/,mouz,torzsi,Esports News UK,BLAST/Open/2025/Fall
BLAST Open Fall 2025,2025-09-05,Swisher: “Hearing the crowd roar was the best feeling ever”,https://esports-news.co.uk/2025/09/05/swisher-hearing-the-crowd-roar-was-the-best-feeling-ever/,m80,Swisher,Esports News UK,BLAST/Open/2025/Fall
BLAST Open Fall 2025,2025-09-05,"ZywOo’s perspective on his team, legacy, and bringing positivity to Counter-Strike: “anyone else smiling… that makes me happier than anything else”",https://esports-news.co.uk/2025/09/05/zywoo-team-vitality-blast-open-fall-london-interview/,vit,ZywOo,Esports News UK,BLAST/Open/2025/Fall
BLAST Open Fall 2025,2025-09-06,"rain: ""I see a bright future. I see happiness when we play.""",https://esports-news.co.uk/2025/09/06/rain-i-see-a-bright-future-i-see-happiness-when-we-play/,faze,rain,Esports News UK,BLAST/Open/2025/Fall
BLAST Open Fall 2025,2025-09-06,"FalleN on molodoy: “I think he considers himself one of the best, and he’s not going to stop until he gets there.”",https://esports-news.co.uk/2025/09/06/fallen-on-molodoy-i-think-he-considers-himself-one-of-the-best-and-hes-not-going-to-stop-until-he-gets-there/,furia,FalleN,Esports News UK,BLAST/Open/2025/Fall
BLAST Open Fall 2025,2025-09-06,"huNter-: “I think we have really strong firepower, and I believe in each and every one in the team.”",https://esports-news.co.uk/2025/09/06/hunter-i-think-we-have-really-strong-firepower-and-i-believe-in-each-and-every-one-in-the-team/,g2,huNter-,Esports News UK,BLAST/Open/2025/Fall
BLAST Open Fall 2025,2025-09-06,Jimpphat: “I think there were many mistakes from our end that shouldn’t have happened.”,https://esports-news.co.uk/2025/09/06/jimpphat-i-think-there-were-many-mistakes-from-our-end-that-shouldnt-have-happened/,mouz,Jimpphat,Esports News UK,BLAST/Open/2025/Fall
BLAST Open Fall 2025,2025-09-06,KSCERATO: “I didn’t want to go out like this”,https://esports-news.co.uk/2025/09/06/kscerato-i-didnt-want-to-go-out-like-this/,furia,KSCERATO,Esports News UK,BLAST/Open/2025/Fall
BLAST Open Fall 2025,2025-09-07,"Matys: “People had questions because NiKo and m0NESY left, but we can be dominant”",https://esports-news.co.uk/2025/09/07/matys-people-had-questions-because-niko-and-m0nesy-left-but-we-can-be-dominant/,g2,matys,Esports News UK,BLAST/Open/2025/Fall
BLAST Open Fall 2025,2025-09-08,"malbsMd: “Nobody is egoing anyone, that is a special part of this team”",https://esports-news.co.uk/2025/09/08/malbsmd-nobody-is-egoing-anyone-g2-blast-london-intervie/,g2,malbsMd,Esports News UK,BLAST/Open/2025/Fall
BLAST Open Fall 2025,2025-09-04,broky is back! I started eating more healthy,https://youtu.be/8kwyvZHHHyw,faze,broky,Pley.gg,BLAST/Open/2025/Fall
BLAST Open Fall 2025,2025-09-05,KSCERATO didn't know FURIA had another game against MOUZ after beating Spirit,https://youtu.be/y0zJWtLfT1Y,furia,KSCERATO,Pley.gg,BLAST/Open/2025/Fall
BLAST Open Fall 2025,2025-09-05,HexT hopes a good run at the BLAST Open London can secure them stage 3 at the major,https://youtu.be/fwrjnA9ZGxM,m80,HexT,Pley.gg,BLAST/Open/2025/Fall
BLAST Open Fall 2025,2025-09-05,Hunter isn't suprised G2 beat Spirit,https://youtu.be/zZjE7PLLaGM,g2,huNter-,Pley.gg,BLAST/Open/2025/Fall
BLAST Open Fall 2025,2025-09-05,"Brollan on MOUZ: ""We are a little bit disconnected when it comes to pressure situations""",https://youtu.be/vJnvAEKQ284,mouz,Brollan,Pley.gg,BLAST/Open/2025/Fall
BLAST Open Fall 2025,2025-09-05,M80 s1n on being IGL on an international team,https://youtu.be/xQr0JtIiL-I,m80,s1n,Pley.gg,BLAST/Open/2025/Fall
BLAST Open Fall 2025,2025-09-05,Jimpphat on beating M80 2-1: “We knew that we are a better team”,https://youtu.be/vcWj-8ttdrw,mouz,Jimmphat,Pley.gg,BLAST/Open/2025/Fall
BLAST Open Fall 2025,2025-09-06,"apEX on fatigue, form, and getting back to trophies",https://youtu.be/YafkDL3333E,vit,apEX,Pley.gg,BLAST/Open/2025/Fall
BLAST Open Fall 2025,2025-09-06,"flameZ: ""<nowiki>[</nowiki>At Cologne<nowiki>]</nowiki> we fought a bit, we lost confidence a bit too much""",https://youtu.be/bpvIBIWPDRo,vit,flameZ,Pley.gg,BLAST/Open/2025/Fall
BLAST Open Fall 2025,2025-09-07,"MalbsMd on new G2: ""Now i have a little bit more of a voice and i have to take more responsibility""",https://youtu.be/nuibDcUtkok,g2,malbsMd,Pley.gg,BLAST/Open/2025/Fall
BLAST Open Fall 2025,2025-09-07,"FalleN after G2 loss: ""We're going to learn from this and come back stronger next time.""",https://youtu.be/9M5CFaqjnus,furia,FalleN,Pley.gg,BLAST/Open/2025/Fall
BLAST Open Fall 2025,2025-09-07,"MATYS after beating FURIA: ""We can for sure beat Vitality""",https://youtu.be/BRS6WszszZw,g2,matys,Pley.gg,BLAST/Open/2025/Fall
BLAST Open Fall 2025,2025-09-07,"sidde after loss to G2: “Decision making gets more complicated in moments like this""",https://youtu.be/lrPcYqPYt60,furia,sidde,Pley.gg,BLAST/Open/2025/Fall
BLAST Open Fall 2025,2025-09-08,"SunPayus after winning BLAST London: ""After two years, I finally got another trophy""",https://youtu.be/V8L0t6H51eE,g2,SunPayus,Pley.gg,BLAST/Open/2025/Fall
BLAST Open Fall 2025,2025-09-08,Mezzi after losing to G2: “Sometimes the small details make the difference.”,https://youtu.be/SAWySFbd-MU,vit,mezii,Pley.gg,BLAST/Open/2025/Fall
BLAST Open Fall 2025,2025-09-09,sycrone: “We have a solid structure and system <nowiki>[</nowiki>…<nowiki>]</nowiki> now it is about taking the next step”,https://youtu.be/2QLUbaIEm80,mouz,sycrone,Pley.gg,BLAST/Open/2025/Fall
BLAST Open Fall 2025,2025-09-05,"“Against a Team Like MOUZ, There’s No Reason to Not Cheer For Us”: dephh Shows Confidence in M80 at BLAST Open London Playoffs",https://www.esports.net/news/dephh-interview-blast-open-london-playoffs/,m80,dephh,Esports.net,BLAST/Open/2025/Fall
BLAST Open Fall 2025,2025-09-06,“There Isn’t Much Expectation On Us”: MATYS Discusses G2 Esports’ Rookie Roster Ahead Of BLAST Open London Quarter Finals,https://www.esports.net/news/matys-g2-esports-interview-blast-open-london/,g2,matys,Esports.net,BLAST/Open/2025/Fall
BLAST Open Fall 2025,2025-09-09,“We Want To Win”: XTQZZZ Reflects on Vitality’s Crushing BLAST Open London Defeat,https://www.esports.net/news/counter-strike/we-want-to-win-xtqzzz-reflects-on-vitalitys-crushing-blast-open-london-defeat/,vit,XTQZZZ,Esports.net,BLAST/Open/2025/Fall
BLAST Open Fall 2025,2025-09-05,"Spinx: ""Affronter Vitality, c’est toujours particulier""",https://lasource.gg/news/spinx-affronter-vitality-c-est-toujours-particulier,mouz,Spinx,La Source,BLAST/Open/2025/Fall
BLAST Open Fall 2025,2025-09-06,"malbsMd: ""Je pense que cette version de l’équipe est vraiment bonne""",https://lasource.gg/news/malbsmd-je-pense-que-cette-version-de-l-equipe-est-vraiment-bonne,g2,malbsMd,La Source,BLAST/Open/2025/Fall
BLAST Open Fall 2025,2025-09-06,"apEX : ""Je suis pas là pour être une nourrice, je suis là pour gagner""",https://lasource.gg/news/apex-je-suis-pas-la-pour-etre-une-nourrice-je-suis-la-pour-gagner,vit,apEX,La Source,BLAST/Open/2025/Fall
BLAST Open Fall 2025,2025-09-04,BLAST Open London 2025 Finals - Media Day,https://www.hltv.org/gallery/12916/,,,HLTV,BLAST/Open/2025/Fall
BLAST Open Fall 2025,2025-09-05,BLAST Open London 2025 Finals - Day 1,https://www.hltv.org/gallery/12917/,,,HLTV,BLAST/Open/2025/Fall
BLAST Open Fall 2025,2025-09-06,BLAST Open London 2025 Finals - Day 2,https://www.hltv.org/gallery/12918/,,,HLTV,BLAST/Open/2025/Fall
BLAST Open Fall 2025,2025-09-07,BLAST Open London 2025 Finals - Day 3,https://www.hltv.org/gallery/12919/,,,HLTV,BLAST/Open/2025/Fall
BLAST Open Fall 2025,2025-09-08,BLAST Open London - CS2 Fragmovie,https://youtu.be/XneRZbBPqik,,,HLTV,BLAST/Open/2025/Fall
BLAST Open Fall 2025,2025-08-26,"BLAST Open London teams, format, schedule, talent, prizes, fantasy",https://www.hltv.org/n/42542,,,HLTV,BLAST/Open/2025/Fall
BLAST Open Fall 2025,2025-08-26,"mezii on Vitality's form: ""We are not concerned""",https://blast.tv/cs/news/mezii-we-are-not-concerned,vit,mezii,BLAST,BLAST/Open/2025/Fall
BLAST Open Fall 2025,2025-08-28,"donk: ""Everyone understands that sometimes replacements can’t be avoided""",https://blast.tv/cs/news/donk-everyone-understands-replacements-cant-be-avoided,spirit,donk,BLAST,BLAST/Open/2025/Fall
CS2 at Esports World Cup 2025,2025-08-18,"Esports World Cup 2025 teams, format, schedule, prizes, talent, fantasy",https://www.hltv.org/n/42473,,,HLTV,Esports World Cup/2025
CS2 at Esports World Cup 2025,2025-08-24,Techno earns career-first MVP at EWC 2025,https://www.hltv.org/n/42532,,,HLTV,Esports World Cup/2025
CS2 at Esports World Cup 2025,2025-08-25,The VRS impact of Esports World Cup,https://www.hltv.org/n/42536,,,HLTV,Esports World Cup/2025
CS2 at Esports World Cup 2025,2025-08-26,The EVPs and All-Stars of Esports World Cup 2025,https://www.hltv.org/n/42538,,,HLTV,Esports World Cup/2025
CS2 at Esports World Cup 2025,2025-08-19,"woxic: ""Our goal is to go to semi-finals in all events. If this is your goal, you need to suffer""",https://www.hltv.org/n/42478,aurora,woxic,HLTV,Esports World Cup/2025
CS2 at Esports World Cup 2025,2025-08-19,"Jee: ""We'll be confident no matter who we face""",https://www.hltv.org/n/42479,tyloo,Jee,HLTV,Esports World Cup/2025
CS2 at Esports World Cup 2025,2025-08-20,"Alkaren: ""I want to show that I'm not mid""",https://www.hltv.org/n/42492,heroic,Alkaren,HLTV,Esports World Cup/2025
CS2 at Esports World Cup 2025,2025-08-20,"Kursy: ""I feel like I'm overthinking""",https://www.hltv.org/n/42491,gl,Kursy,HLTV,Esports World Cup/2025
CS2 at Esports World Cup 2025,2025-08-20,"device: ""I think that I could have made the difference in a lot of rounds""",https://www.hltv.org/n/42497,astralis,dev1ce,HLTV,Esports World Cup/2025
CS2 at Esports World Cup 2025,2025-08-21,"rain: ""There are different ideas that people are doing constantly""",https://www.hltv.org/n/42500,faze,rain,HLTV,Esports World Cup/2025
CS2 at Esports World Cup 2025,2025-08-21,"Aleksib: ""It feels so gut-wrenching to be in this situation in the middle of the season""",https://www.hltv.org/n/42493,navi,Aleksib,HLTV,Esports World Cup/2025
CS2 at Esports World Cup 2025,2025-08-21,"sycrone: ""It feels good to manage to pull through on T side""",https://www.hltv.org/n/42505,mouz,sycrone,HLTV,Esports World Cup/2025
CS2 at Esports World Cup 2025,2025-08-21,"tN1R: ""When we can make history like that, it's very good memories for the future""",https://www.hltv.org/n/42501,heroic,tN1R,HLTV,Esports World Cup/2025
CS2 at Esports World Cup 2025,2025-08-22,"Lucky on IGL change: ""It's going to give Maka more freedom to play at his full potential""",https://www.hltv.org/n/42508,3dmax,Lucky,HLTV,Esports World Cup/2025
CS2 at Esports World Cup 2025,2025-08-23,"NiKo: ""I'm happy that the progress is showing""",https://www.hltv.org/n/42520,falcons,NiKo,HLTV,Esports World Cup/2025
CS2 at Esports World Cup 2025,2025-08-23,"Perfecto: ""I know we can play much better""",https://www.hltv.org/n/42511,vp,Perfecto,HLTV,Esports World Cup/2025
CS2 at Esports World Cup 2025,2025-08-23,"Jimpphat: ""Sometimes we lack the individual level more than other teams""",https://www.hltv.org/n/42519,mouz,Jimpphat,HLTV,Esports World Cup/2025
CS2 at Esports World Cup 2025,2025-08-23,"flameZ: ""We dropped our level. It's obviously tough to keep it up""",https://www.hltv.org/n/42524,vit,flameZ,HLTV,Esports World Cup/2025
CS2 at Esports World Cup 2025,2025-08-23,"MAJ3R: ""I will give everything in my body, my mind, every part of energy in my spirit""",https://www.hltv.org/n/42526,aurora,MAJ3R,HLTV,Esports World Cup/2025
CS2 at Esports World Cup 2025,2025-08-24,"m0NESY: ""Today we showed the best game we have ever played in Falcons""",https://www.hltv.org/n/42529,falcons,m0NESY,HLTV,Esports World Cup/2025
CS2 at Esports World Cup 2025,2025-08-24,"Techno on winning EWC: ""It's just the beginning""",https://www.hltv.org/n/42533,mongolz,Techno4K,HLTV,Esports World Cup/2025
CS2 at Esports World Cup 2025,2025-08-25,"ZywOo: ""We are not confident about a lot of things right now""",https://www.hltv.org/n/42530,vit,ZywOo,HLTV,Esports World Cup/2025
CS2 at Esports World Cup 2025,2025-08-19,Esports World Cup 2025 - Media Day,https://www.hltv.org/gallery/12907,,,HLTV,Esports World Cup/2025
CS2 at Esports World Cup 2025,2025-08-20,Esports World Cup 2025 - Day 1,https://www.hltv.org/gallery/12908,,,HLTV,Esports World Cup/2025
CS2 at Esports World Cup 2025,2025-08-21,Esports World Cup 2025 - Day 2,https://www.hltv.org/gallery/12909,,,HLTV,Esports World Cup/2025
CS2 at Esports World Cup 2025,2025-08-22,Esports World Cup 2025 - Day 3,https://www.hltv.org/gallery/12910,,,HLTV,Esports World Cup/2025
CS2 at Esports World Cup 2025,2025-08-23,Esports World Cup 2025 - Day 4,https://www.hltv.org/gallery/12911,,,HLTV,Esports World Cup/2025
CS2 at Esports World Cup 2025,2025-08-24,Esports World Cup 2025 - Day 5,https://www.hltv.org/gallery/12912,,,HLTV,Esports World Cup/2025
CS2 at Esports World Cup 2025,2025-08-26,Best of EWC 2025 - CS2 Fragmovie,https://www.youtube.com/watch?v=eRxjHRXbB7U,,,HLTV,Esports World Cup/2025
BLAST Bounty Fall 2025,2025-08-17,donk wins his 10th MVP at BLAST Bounty S2,https://www.hltv.org/n/42468,,,HLTV,BLAST/Bounty/2025/Fall
BLAST Bounty Fall 2025,2025-08-20,The EVPs and All Stars of BLAST Bounty 2025 Season 2,https://www.hltv.org/n/42480,,,HLTV,BLAST/Bounty/2025/Fall
BLAST Bounty Fall 2025,2025-08-13,"NertZ: ""You need to be delusional to win sometimes""",https://www.hltv.org/n/42434,tl,NertZ,HLTV,BLAST/Bounty/2025/Fall
BLAST Bounty Fall 2025,2025-08-13,"Jimpphat: ""Beating Vitality is not like a trophy for us""",https://www.hltv.org/n/42435,mouz,Jimpphat,HLTV,BLAST/Bounty/2025/Fall
BLAST Bounty Fall 2025,2025-08-13,"Staehr on playing star roles: ""Now I actually have to perform, and that's kind of nice""",https://www.hltv.org/n/42436,astralis,Staehr,HLTV,BLAST/Bounty/2025/Fall
BLAST Bounty Fall 2025,2025-08-13,"MAJ3R: ""Losing Anubis was difficult, but we worked very hard in bootcamp""",https://www.hltv.org/n/42438,aurora,MAJ3R,HLTV,BLAST/Bounty/2025/Fall
BLAST Bounty Fall 2025,2025-08-13,"apEX: ""Astralis' record was 10 trophies in a year and we would love to at least equal them""",https://www.hltv.org/n/42439,vitality,apEX,HLTV,BLAST/Bounty/2025/Fall
BLAST Bounty Fall 2025,2025-08-14,"HooXi: ""I think all roles fit the players better than before, but the transition will take some time""",https://www.hltv.org/n/42446,astralis,HooXi,HLTV,BLAST/Bounty/2025/Fall
BLAST Bounty Fall 2025,2025-08-15,"Brollan: ""It was really nice that we could win a T side for once""",https://www.hltv.org/n/42447,mouz,Brollan,HLTV,BLAST/Bounty/2025/Fall
BLAST Bounty Fall 2025,2025-08-16,"flashie: ""I'm going to tell the boys that I'm really proud of how they played""",https://www.hltv.org/n/42455,tl,flashie,HLTV,BLAST/Bounty/2025/Fall
BLAST Bounty Fall 2025,2025-08-16,"ropz: ""The games here are definitely a red flag""",https://www.hltv.org/n/42465,vit,ropz,HLTV,BLAST/Bounty/2025/Fall
BLAST Bounty Fall 2025,2025-08-17,"xertioN: ""We all collapsed""",https://www.hltv.org/n/42464,mouz,xertioN,HLTV,BLAST/Bounty/2025/Fall
BLAST Bounty Fall 2025,2025-08-17,"donk: ""We didn't face Vitality, and we need to beat them to become the best team in the world""",https://www.hltv.org/n/42469,spirit,donk,HLTV,BLAST/Bounty/2025/Fall
BLAST Bounty Fall 2025,2025-08-14,BLAST Bounty 2025 Season 2 Finals - Day 1,https://www.hltv.org/gallery/12903,,,HLTV,BLAST/Bounty/2025/Fall
BLAST Bounty Fall 2025,2025-08-15,BLAST Bounty 2025 Season 2 Finals - Day 2,https://www.hltv.org/gallery/12904,,,HLTV,BLAST/Bounty/2025/Fall
BLAST Bounty Fall 2025,2025-08-16,BLAST Bounty 2025 Season 2 Finals - Day 3,https://www.hltv.org/gallery/12905,,,HLTV,BLAST/Bounty/2025/Fall
BLAST Bounty Fall 2025,2025-08-17,BLAST Bounty 2025 Season 2 Finals - Day 4,https://www.hltv.org/gallery/12906,,,HLTV,BLAST/Bounty/2025/Fall
BLAST Bounty Fall 2025,2025-08-04,"BLAST Bounty Season 2 teams, format, schedule, prizes, talent, fantasy",https://www.hltv.org/news/42386/blast-bounty-season-2-teams-format-schedule-prizes-talent-fantasy,,,HLTV,BLAST/Bounty/2025/Fall
BLAST Bounty Fall 2025,2025-07-29,"blameF on the baitF meme: ""I don't play anywhere close to how I did back in the day""",https://blast.tv/cs/news/blamef-on-the-baitf-meme,fnc,blameF,BLAST,BLAST/Bounty/2025/Fall
BLAST Bounty Fall 2025,2025-07-29,"nitr0 on NRG's changes: ""We just needed a change to the scenery""",https://blast.tv/cs/news/nitr0-on-nrgs-changes,nrg,nitr0,BLAST,BLAST/Bounty/2025/Fall
BLAST Bounty Fall 2025,2025-07-31,"BIG's coach ScrunK: ""I can see the progress that we're making, but unless we convert it into results, it's not worth that much""",https://blast.tv/cs/news/scrunk-i-can-see-the-progress-that-were-making,big,ScrunK,BLAST,BLAST/Bounty/2025/Fall
BLAST Bounty Fall 2025,2025-07-31,"huNter- on MATYS: ""It’s not easy nowadays to find a player his age who will sacrifice that much in his first year in tier one""",https://blast.tv/cs/news/hunter-on-matys,g2,huNter-,BLAST,BLAST/Bounty/2025/Fall
BLAST Bounty Fall 2025,2025-08-01,"Aleksib: "" I've learned my lessons and gained my experiences with these young players""",https://blast.tv/cs/news/aleksib-ive-learned-my-lessons,navi,Aleksib,BLAST,BLAST/Bounty/2025/Fall
BLAST Bounty Fall 2025,2025-08-01,"T.c: ""It's harder <nowiki>[</nowiki>in tier two<nowiki>]</nowiki> than it is in tier one""",https://blast.tv/cs/news/tc-harder-in-tier-two-than-tier-one,passion ua,T.c,BLAST,BLAST/Bounty/2025/Fall
BLAST Bounty Fall 2025,2025-08-05,"broky: ""Everyone thinks they're the best team, if you don't you may as well just quit""",https://blast.tv/cs/news/broky-everyone-thinks-theyre-the-best-team,faze,broky,BLAST,BLAST/Bounty/2025/Fall
BLAST Bounty Fall 2025,2025-08-06,"HooXi:"" I am just pissed that we didn’t show what I know we are capable of <nowiki>[</nowiki>in Cologne<nowiki>]</nowiki>""",https://blast.tv/cs/news/hooxi-we-didnt-show-what-i-know-we-are-capable-of,astralis,HooXi,BLAST,BLAST/Bounty/2025/Fall
BLAST Bounty Fall 2025,2025-08-07,"sjuush: ""I think the whole VRS system is really, really bad""",https://blast.tv/cs/news/sjuush-the-vrs-system-is-really-really-bad,nip,sjuush,BLAST,BLAST/Bounty/2025/Fall
Intel Extreme Masters Cologne 2025,2025-07-22,Why GamerLegion look beyond the now with Kursy,https://www.hltv.org/n/42255,gl,,HLTV,Intel Extreme Masters/2025/Cologne
Intel Extreme Masters Cologne 2025,2025-07-22,"IEM Cologne teams, format, schedule, prizes, talent, fantasy",https://www.hltv.org/news/42254/iem-cologne-teams-format-schedule-prizes-talent-fantasy,,,HLTV,Intel Extreme Masters/2025/Cologne
Intel Extreme Masters Cologne 2025,2025-08-03,donk eases to IEM Cologne MVP,https://www.hltv.org/n/42383,,,HLTV,Intel Extreme Masters/2025/Cologne
Intel Extreme Masters Cologne 2025,2025-07-23,"jabbi on role changes: ""Staehr is the most aggressive guy, it shouldn't be him <nowiki>[</nowiki>anchoring<nowiki>]</nowiki>""",https://www.hltv.org/n/42266,astralis,jabbi,HLTV,Intel Extreme Masters/2025/Cologne
Intel Extreme Masters Cologne 2025,2025-07-23,"jks: ""I had some intriguing offers, but my gut was telling me to go here""",https://www.hltv.org/n/42269,fq,jks,HLTV,Intel Extreme Masters/2025/Cologne
Intel Extreme Masters Cologne 2025,2025-07-23,"karrigan: ""Sometimes a small punishment can help a player""",https://www.hltv.org/n/42271,faze,karrigan,HLTV,Intel Extreme Masters/2025/Cologne
Intel Extreme Masters Cologne 2025,2025-07-24,"Snappi: ""xKacpersky reminds me a lot of when I got NertZ in ENCE""",https://www.hltv.org/n/42286,nip,Snappi,HLTV,Intel Extreme Masters/2025/Cologne
Intel Extreme Masters Cologne 2025,2025-07-25,"EliGE: ""Now that we have our belief back, I think we can start showing way better games""",https://www.hltv.org/n/42288,faze,ELiGE,HLTV,Intel Extreme Masters/2025/Cologne
Intel Extreme Masters Cologne 2025,2025-07-25,"REZ: ""Something happens in our heads when we reach the quarter-finals""",https://www.hltv.org/n/42280,gl,REZ,HLTV,Intel Extreme Masters/2025/Cologne
Intel Extreme Masters Cologne 2025,2025-07-25,"FalleN: ""We started losing a lot of Anubis, so we're quite happy that it went out""",https://www.hltv.org/n/42292,furia,FalleN,HLTV,Intel Extreme Masters/2025/Cologne
Intel Extreme Masters Cologne 2025,2025-07-25,"ScrunK: ""Hopefully in a few months you will see a different side of BIG""",https://www.hltv.org/n/42293,big,ScrunK,HLTV,Intel Extreme Masters/2025/Cologne
Intel Extreme Masters Cologne 2025,2025-07-25,"NAF: ""I truly believed someone else should have had my spot, but my teammates backed me up""",https://www.hltv.org/n/42296,tl,NAF,HLTV,Intel Extreme Masters/2025/Cologne
Intel Extreme Masters Cologne 2025,2025-07-26,"kyousuke: ""I don't care how big the tournament is. I just play""",https://www.hltv.org/n/42307,falcons,kyousuke,HLTV,Intel Extreme Masters/2025/Cologne
Intel Extreme Masters Cologne 2025,2025-07-26,"huNter- interview: Why this was the ""right time"" to become an IGL, new G2 era and teammates",https://www.hltv.org/n/42308,g2,huNter-,HLTV,Intel Extreme Masters/2025/Cologne
Intel Extreme Masters Cologne 2025,2025-07-27,"xfl0ud: ""I was not expecting to be benched""",https://www.hltv.org/n/42313,aurora,xfl0ud,HLTV,Intel Extreme Masters/2025/Cologne
Intel Extreme Masters Cologne 2025,2025-07-27,"ash: ""It feels like we're losing off the server in these key situations""",https://www.hltv.org/n/42322,gl,ashhh,HLTV,Intel Extreme Masters/2025/Cologne
Intel Extreme Masters Cologne 2025,2025-07-27,"NiKo: ""I felt really good coming into this event, so maybe just an off day""",https://www.hltv.org/n/42319,falcons,NiKo,HLTV,Intel Extreme Masters/2025/Cologne
Intel Extreme Masters Cologne 2025,2025-07-28,"apEX: ""It's exciting to see that everyone made a change to beat us""",https://www.hltv.org/n/42325,vit,apEX,HLTV,Intel Extreme Masters/2025/Cologne
Intel Extreme Masters Cologne 2025,2025-07-28,"zonic: ""Disappointed, but you can see a change of roles, a new player, even if he's doing amazing""",https://www.hltv.org/n/42338,falcons,zonic,HLTV,Intel Extreme Masters/2025/Cologne
Intel Extreme Masters Cologne 2025,2025-07-29,"xertioN: ""I don't care if we're No. 2, 3 or 4""",https://www.hltv.org/n/42331,mouz,xertioN,HLTV,Intel Extreme Masters/2025/Cologne
Intel Extreme Masters Cologne 2025,2025-07-29,"flameZ on MongolZ: ""In the Major we kinda felt stressed; this was a redeeming moment for us""",https://www.hltv.org/n/42348,vit,flameZ,HLTV,Intel Extreme Masters/2025/Cologne
Intel Extreme Masters Cologne 2025,2025-07-30,"B1ad3 interview: Calling up makazze, role changes and s1mple's shock transfer",https://www.hltv.org/n/42351,navi,B1ad3,HLTV,Intel Extreme Masters/2025/Cologne
Intel Extreme Masters Cologne 2025,2025-07-30,"TOBIZ: ""People say 'role clash' but the way I thought about it was bringing tN1R to star roles""",https://www.hltv.org/n/42354,heroic,TOBIZ,HLTV,Intel Extreme Masters/2025/Cologne
Intel Extreme Masters Cologne 2025,2025-07-30,"flashie: ""Unfortunately, we are not ready to face these teams yet""",https://www.hltv.org/n/42340,tl,flashie,HLTV,Intel Extreme Masters/2025/Cologne
Intel Extreme Masters Cologne 2025,2025-07-31,"zweih: ""It's not my first big tournament, but it's my first time in the arena and I'm so excited""",https://www.hltv.org/n/42360,spirit,zweih,HLTV,Intel Extreme Masters/2025/Cologne
Intel Extreme Masters Cologne 2025,2025-07-31,"makazze: ""In NAVI Junior, I didn't play smart CS. It's a big step for me""",https://www.hltv.org/n/42361,navi,makazze,HLTV,Intel Extreme Masters/2025/Cologne
Intel Extreme Masters Cologne 2025,2025-08-01,"Aleksib: ""makazze showed resilience""",https://www.hltv.org/n/42372,navi,Aleksib,HLTV,Intel Extreme Masters/2025/Cologne
Intel Extreme Masters Cologne 2025,2025-08-01,"torzsi: ""molodoy reminds me of myself when I was in tier 2""",https://www.hltv.org/n/42374,mouz,torzsi,HLTV,Intel Extreme Masters/2025/Cologne
Intel Extreme Masters Cologne 2025,2025-08-02,"ZywOo: ""It's hard to play like this in the semi-final of IEM Cologne""",https://www.hltv.org/n/42378,vit,ZywOo,HLTV,Intel Extreme Masters/2025/Cologne
Intel Extreme Masters Cologne 2025,2025-08-02,"Brollan: ""Tonight we celebrate and tomorrow we go again""",https://www.hltv.org/n/42379,mouz,Brollan,HLTV,Intel Extreme Masters/2025/Cologne
Intel Extreme Masters Cologne 2025,2025-08-03,"donk: ""It's such an amazing feeling. I feel relief right now, very strong relief""",https://www.hltv.org/n/42384,spirit,donk,HLTV,Intel Extreme Masters/2025/Cologne
Intel Extreme Masters Cologne 2025,2025-07-23,"Staehr om MRQ-revanche: ""Det var fedt at slå dem""",https://www.dust2.dk/nyheder/63926/staehr-om-mrq-revanche-det-var-fedt-at-slaa-dem,astralis,Staehr,Dust2.dk,Intel Extreme Masters/2025/Cologne
Intel Extreme Masters Cologne 2025,2025-07-24,"sjuush om store turneringer: ""Det betyder mere for mig nu end tilbage dengang""",https://www.dust2.dk/nyheder/63947/sjuush-om-store-turneringer-det-betyder-mere-for-mig-nu-end-tilbage-dengang,nip,sjuush,Dust2.dk,Intel Extreme Masters/2025/Cologne
Intel Extreme Masters Cologne 2025,2025-07-24,"Tauson om råb: ""Han er blevet rimelig hårdt fucket op",https://www.dust2.dk/nyheder/63968/tauson-om-raab-han-er-blevet-rimelig-haardt-fucket-op,gl,Tauson,Dust2.dk,Intel Extreme Masters/2025/Cologne
Intel Extreme Masters Cologne 2025,2025-07-25,"mithR efter exit: ""Tom følelse""",https://www.dust2.dk/nyheder/63973/mithr-efter-exit-tom-foelelse,col,mithR,Dust2.dk,Intel Extreme Masters/2025/Cologne
Intel Extreme Masters Cologne 2025,2025-07-25,"TOBIZ om sin første store turnering: ""Det er noget man har set i mange, mange år""",https://www.dust2.dk/nyheder/63990/tobiz-om-sin-foerste-store-turnering-det-er-noget-man-har-set-i-mange-mange-aar,heroic,TOBIZ,Dust2.dk,Intel Extreme Masters/2025/Cologne
Intel Extreme Masters Cologne 2025,2025-07-25,"KSCERATO efter Astralis-sejr: ""Det føles godt""",https://www.dust2.dk/nyheder/64013/kscerato-efter-astralis-sejr-det-foeles-godt,furia,KSCERATO,Dust2.dk,Intel Extreme Masters/2025/Cologne
Intel Extreme Masters Cologne 2025,2025-07-25,"Krimbo: ""Vi skal hente point ved turneringer som denne""",https://www.dust2.dk/nyheder/64016/krimbo-vi-skal-hente-point-ved-turneringer-som-denne,big,Krimbo,Dust2.dk,Intel Extreme Masters/2025/Cologne
Intel Extreme Masters Cologne 2025,2025-07-25,"biguzera inden Astralis-opgør: ""Vi kommer til at eliminere dem""",https://www.dust2.dk/nyheder/64017/biguzera-inden-astralis-opgoer-vi-kommer-til-at-eliminere-dem,pain,biguzera,Dust2.dk,Intel Extreme Masters/2025/Cologne
Intel Extreme Masters Cologne 2025,2025-07-25,"stavn om jabbis vilde clutch: ""Det er nok det sygeste play, jeg nogensinde har set live""",https://www.dust2.dk/nyheder/64037/stavn-om-jabbis-vilde-clutch-det-er-nok-det-sygeste-play-jeg-nogensinde-har-set-live,astralis,stavn,Dust2.dk,Intel Extreme Masters/2025/Cologne
Intel Extreme Masters Cologne 2025,2025-07-25,"stavn: ""Det har været en hård dag på mange måder""",https://www.dust2.dk/nyheder/64035/stavn-det-har-vaeret-en-haard-dag-paa-mange-maader,astralis,stavn,Dust2.dk,Intel Extreme Masters/2025/Cologne
Intel Extreme Masters Cologne 2025,2025-07-26,"TeSeS om kyousuke: ""Han kan blive verdens bedste""",https://www.dust2.dk/nyheder/64058/teses-om-kyousuke-han-kan-blive-verdens-bedste,falcons,TeSeS,Dust2.dk,Intel Extreme Masters/2025/Cologne
Intel Extreme Masters Cologne 2025,2025-07-26,"Snappi trods nederlag: ""Jeg tror stadig, vi potentielt kan vinde det hele""",https://www.dust2.dk/nyheder/64072/snappi-trods-nederlag-jeg-tror-stadig-vi-potentielt-kan-vinde-det-hele,nip,Snappi,Dust2.dk,Intel Extreme Masters/2025/Cologne
Intel Extreme Masters Cologne 2025,2025-07-27,"HooXi før FURIA-omkamp: ""De ligner nogle, der er glade for at spille mod os""",https://www.dust2.dk/nyheder/64065/hooxi-foer-furia-omkamp-de-ligner-nogle-der-er-glade-for-at-spille-mod-os,astralis,HooXi,Dust2.dk,Intel Extreme Masters/2025/Cologne
Intel Extreme Masters Cologne 2025,2025-07-27,sycrone: Ærgerligt sæsonen starter med en af de vigtigste turneringer,https://www.dust2.dk/nyheder/64095/sycrone-aergerligt-saesonen-starter-med-en-af-de-vigtigste-turneringer,mouz,sycrone,Dust2.dk,Intel Extreme Masters/2025/Cologne
Intel Extreme Masters Cologne 2025,2025-07-27,"zonic: ""Det vil være en skuffelse ikke at ramme slutspillet""",https://www.dust2.dk/nyheder/64099/zonic-det-vil-vaere-en-skuffelse-ikke-at-ramme-slutspillet,falcons,zonic,Dust2.dk,Intel Extreme Masters/2025/Cologne
Intel Extreme Masters Cologne 2025,2025-07-27,"Tauson efter exit: ""Jeg havde håbet på at spille inde i arenaen""",https://www.dust2.dk/nyheder/64103/tauson-efter-exit-jeg-havde-haabet-paa-at-spille-inde-i-arenaen,gl,Tauson,Dust2.dk,Intel Extreme Masters/2025/Cologne
Intel Extreme Masters Cologne 2025,2025-07-27,"device efter nederlag: ""Den værste dag, vi har haft sammen som det her hold""",https://www.dust2.dk/nyheder/64107/device-efter-nederlag-den-vaerste-dag-vi-har-haft-sammen-som-det-her-hold,astralis,dev1ce,Dust2.dk,Intel Extreme Masters/2025/Cologne
Intel Extreme Masters Cologne 2025,2025-07-28,"TOBIZ: ""Der er potentiale til at spille med, hvor det er sjovt""",https://www.dust2.dk/nyheder/64127/tobiz-der-er-potentiale-til-at-spille-med-hvor-det-er-sjovt,heroic,TOBIZ,Dust2.dk,Intel Extreme Masters/2025/Cologne
Intel Extreme Masters Cologne 2025,2025-07-29,"TeSeS efter exit: ""Det er ikke godt nok""",https://www.dust2.dk/nyheder/64149/teses-efter-exit-det-er-ikke-godt-nok,falcons,TeSeS,Dust2.dk,Intel Extreme Masters/2025/Cologne
Intel Extreme Masters Cologne 2025,2025-07-29,"NiKo: ""I de sidste to kampe har jeg været elendig""",https://www.dust2.dk/nyheder/64150/niko-i-de-sidste-to-kampe-har-jeg-vaeret-elendig,falcons,NiKo,Dust2.dk,Intel Extreme Masters/2025/Cologne
Intel Extreme Masters Cologne 2025,2025-07-29,"sjuush: ""Der er nogle ting at arbejde med""",https://www.dust2.dk/nyheder/64181/sjuush-der-er-nogle-ting-at-arbejde-med,nip,sjuush,Dust2.dk,Intel Extreme Masters/2025/Cologne
Intel Extreme Masters Cologne 2025,2025-07-29,"karrigan: ""Vi møder slet ikke op til at starte med""",https://www.dust2.dk/nyheder/64192/karrigan-vi-moeder-slet-ikke-op-til-at-starte-med,faze,karrigan,Dust2.dk,Intel Extreme Masters/2025/Cologne
Intel Extreme Masters Cologne 2025,2025-07-30,"flameZ før slutspillet: ""Vi kan smadre alle""",https://www.dust2.dk/nyheder/64223/flamez-foer-slutspillet-vi-kan-smadre-alle,vit,flameZ,Dust2.dk,Intel Extreme Masters/2025/Cologne
Intel Extreme Masters Cologne 2025,2025-07-31,"zont1x om Spirits chancer: ""Intet afhænger af andre hold""",https://www.dust2.dk/nyheder/64244/zont1x-om-spirits-chancer-intet-afhaenger-af-andre-hold,spirit,zont1x,Dust2.dk,Intel Extreme Masters/2025/Cologne
Intel Extreme Masters Cologne 2025,2025-08-01,"Techno før kvartfinale: ""Vi forventer at slå NAVI""",https://www.dust2.dk/nyheder/64225/techno-foer-kvartfinale-vi-forventer-at-slaa-navi,mongolz,Techno4K,Dust2.dk,Intel Extreme Masters/2025/Cologne
Intel Extreme Masters Cologne 2025,2025-08-01,"Aleksib: ""Vi vil give makazze en god første sceneoptræden""",https://www.dust2.dk/nyheder/64229/aleksib-vi-vil-give-makazze-en-god-foerste-sceneoptraeden,navi,Aleksib,Dust2.dk,Intel Extreme Masters/2025/Cologne
Intel Extreme Masters Cologne 2025,2025-08-01,"Brollan om Vitality: ""De sidste par gange har vi manglet selvtillid""",https://www.dust2.dk/nyheder/64245/brollan-om-vitality-de-sidste-par-gange-har-vi-manglet-selvtillid,mouz,Brollan,Dust2.dk,Intel Extreme Masters/2025/Cologne
Intel Extreme Masters Cologne 2025,2025-08-01,"YEKINDAR inden MOUZ-opgør: ""Det kan gå begge veje""",https://www.dust2.dk/nyheder/64238/yekindar-inden-mouz-opgoer-det-kan-gaa-begge-veje,furia,YEKINDAR,Dust2.dk,Intel Extreme Masters/2025/Cologne
Intel Extreme Masters Cologne 2025,2025-08-01,"makazze efter sejr: ""Vanvittig følelse og godt publikum""",https://www.dust2.dk/nyheder/64307/makazze-efter-sejr-vanvittig-foelelse-og-godt-publikum,navi,makazze,Dust2.dk,Intel Extreme Masters/2025/Cologne
Intel Extreme Masters Cologne 2025,2025-08-01,"Ærlig sycrone efter tæt sejr: ""Vi burde have tabt""",https://www.dust2.dk/nyheder/64315/aerlig-sycrone-efter-taet-sejr-vi-burde-have-tabt,mouz,sycrone,Dust2.dk,Intel Extreme Masters/2025/Cologne
Intel Extreme Masters Cologne 2025,2025-08-02,"iM efter nederlag: ""Det her var en test for os""",https://www.dust2.dk/nyheder/64344/im-efter-nederlag-det-her-var-en-test-for-os,navi,iM,Dust2.dk,Intel Extreme Masters/2025/Cologne
Intel Extreme Masters Cologne 2025,2025-08-02,"sycrone om Vitality-sejr: ""Vi har arbejdet for det i lang tid""",https://www.dust2.dk/nyheder/64352/sycrone-om-vitality-sejr-vi-har-arbejdet-for-det-i-lang-tid,mouz,sycrone,Dust2.dk,Intel Extreme Masters/2025/Cologne
Intel Extreme Masters Cologne 2025,2025-08-02,"flameZ: ""Den måde, jeg spillede på, er uacceptabel""",https://www.dust2.dk/nyheder/64353/flamez-den-maade-jeg-spillede-paa-er-uacceptabel,vit,flameZ,Dust2.dk,Intel Extreme Masters/2025/Cologne
Intel Extreme Masters Cologne 2025,2025-08-03,"Kendt ansigt blandt publikum: ""Forfriskende at se andre hold kæmpe om guldet""",https://www.dust2.dk/nyheder/64373/kendt-ansigt-blandt-publikum-forfriskende-at-se-andre-hold-kaempe-om-guldet,,Typos,Dust2.dk,Intel Extreme Masters/2025/Cologne
Intel Extreme Masters Cologne 2025,2025-08-03,"donk om MVP-ræset mod ZywOo: ""Jeg giver ikke en fuck""",https://www.dust2.dk/nyheder/64384/donk-om-mvp-raeset-mod-zywoo-jeg-giver-ikke-en-fuck,spirit,donk,Dust2.dk,Intel Extreme Masters/2025/Cologne
Intel Extreme Masters Cologne 2025,2025-08-03,"sycrone: ""Vi er ikke klar endnu""",https://www.dust2.dk/nyheder/64387/sycrone-vi-er-ikke-klar-endnu,mouz,sycrone,Dust2.dk,Intel Extreme Masters/2025/Cologne
Intel Extreme Masters Cologne 2025,2025-07-23,"FalleN avalia molodoy e ""manda aviso"" para device",https://www.dust2.com.br/noticias/63937/fallen-avalia-molodoy-e-manda-aviso-para-device,furia,FalleN,Dust2.com.br,Intel Extreme Masters/2025/Cologne
Intel Extreme Masters Cologne 2025,2025-07-23,"nicks sobre críticas: ""Tenho que resolver no servidor""",https://www.dust2.com.br/noticias/63935/nicks-sobre-criticas-tenho-que-resolver-no-servidor,mibr,nicks,Dust2.com.br,Intel Extreme Masters/2025/Cologne
Intel Extreme Masters Cologne 2025,2025-07-23,"nqz elenca problemas da paiN em ""jogo trágico""",https://www.dust2.com.br/noticias/63949/nqz-elenca-problemas-da-pain-em-jogo-tragico,pain,nqz,Dust2.com.br,Intel Extreme Masters/2025/Cologne
Intel Extreme Masters Cologne 2025,2025-07-24,"""Passamos vergonha"", diz exit sobre MIBR na IEM Cologne",https://www.dust2.com.br/noticias/63996/passamos-vergonha-diz-exit-sobre-mibr-na-iem-cologne,mibr,exit,Dust2.com.br,Intel Extreme Masters/2025/Cologne
Intel Extreme Masters Cologne 2025,2025-07-25,"jks comenta retorno a um time australiano ""Jogando por algo a mais""",https://www.dust2.com.br/noticias/63997/jks-comenta-retorno-a-um-time-australiano-jogando-por-algo-a-mais,fq,jks,Dust2.com.br,Intel Extreme Masters/2025/Cologne
Intel Extreme Masters Cologne 2025,2025-07-25,molodoy fala sobre CS leve e comenta duelo com device,https://www.dust2.com.br/noticias/64015/molodoy-fala-sobre-cs-leve-e-comenta-duelo-com-device,furia,molodoy,Dust2.com.br,Intel Extreme Masters/2025/Cologne
Intel Extreme Masters Cologne 2025,2025-07-25,snow avalia importância de vitória para confiança da paiN,https://www.dust2.com.br/noticias/64019/snow-avalia-importancia-de-vitoria-para-confianca-da-pain,pain,snow,Dust2.com.br,Intel Extreme Masters/2025/Cologne
Intel Extreme Masters Cologne 2025,2025-07-25,"biguzera: ""É hora de dar um passo para trás, para dar dois para frente""",https://www.dust2.com.br/noticias/64038/biguzera-e-hora-de-dar-um-passo-para-tras-para-dar-dois-para-frente,pain,biguzera,Dust2.com.br,Intel Extreme Masters/2025/Cologne
Intel Extreme Masters Cologne 2025,2025-07-26,KSCERATO comenta começo ruim da FURIA e dificuldades contra G2,https://www.dust2.com.br/noticias/64060/kscerato-comenta-comeco-ruim-da-furia-e-dificuldades-contra-g2,furia,KSCERATO,Dust2.com.br,Intel Extreme Masters/2025/Cologne
Intel Extreme Masters Cologne 2025,2025-07-26,HooXi fala sobre duelo contra FURIA e sonho ao entrar na Astralis,https://www.dust2.com.br/noticias/64070/hooxi-fala-sobre-duelo-contra-furia-e-sonho-ao-entrar-na-astralis,astralis,HooXi,Dust2.com.br,Intel Extreme Masters/2025/Cologne
Intel Extreme Masters Cologne 2025,2025-07-26,"kyousuke fala sobre ser ""novo donk"" e explica por que escolheu a Falcons",https://www.dust2.com.br/noticias/64100/kyousuke-fala-sobre-ser-novo-donk-e-explica-por-que-escolheu-a-falcons,falcons,kyousuke,Dust2.com.br,Intel Extreme Masters/2025/Cologne
Intel Extreme Masters Cologne 2025,2025-07-27,"yuurih após atropelo sobre Astralis: ""Sabíamos tudo o que faziam""",https://www.dust2.com.br/noticias/64110/yuurih-apos-atropelo-sobre-astralis-sabiamos-tudo-o-que-faziam,furia,yuurih,Dust2.com.br,Intel Extreme Masters/2025/Cologne
Intel Extreme Masters Cologne 2025,2025-07-28,"malbs relembra saída de m0NESY: ""Senti que era tudo minha culpa""",https://www.dust2.com.br/noticias/64114/malbs-relembra-saida-de-m0nesy-senti-que-era-tudo-minha-culpa,g2,malbsMd,Dust2.com.br,Intel Extreme Masters/2025/Cologne
Intel Extreme Masters Cologne 2025,2025-07-28,"YEKINDAR celebra virada e fala da G2: ""Fome de vingança""",https://dust2.com.br/noticias/64156/yekindar-celebra-virada-e-fala-da-g2-fome-de-vinganca,furia,YEKINDAR,Dust2.com.br,Intel Extreme Masters/2025/Cologne
Intel Extreme Masters Cologne 2025,2025-07-29,"broky comenta ida ao banco da FaZe: ""Punição foi boa para mim""",https://www.dust2.com.br/noticias/64137/broky-comenta-ida-ao-banco-da-faze-punicao-foi-boa-para-mim,faze,broky,Dust2.com.br,Intel Extreme Masters/2025/Cologne
Intel Extreme Masters Cologne 2025,2025-07-29,"YEKINDAR sobre permanência na FURIA: ""Senti que era onde queria ficar""",https://www.dust2.com.br/noticias/64162/yekindar-sobre-permanencia-na-furia-senti-que-era-onde-queria-ficar,furia,YEKINDAR,Dust2.com.br,Intel Extreme Masters/2025/Cologne
Intel Extreme Masters Cologne 2025,2025-07-29,Reforço da NAVI explica dificuldade na adaptação e trabalho com B1ad3,https://www.dust2.com.br/noticias/64184/reforco-da-navi-explica-dificuldade-na-adaptacao-e-trabalho-com-b1ad3,navi,makazze,Dust2.com.br,Intel Extreme Masters/2025/Cologne
Intel Extreme Masters Cologne 2025,2025-07-30,"FalleN: ""Estamos escalando uma montanha rumo ao topo""",https://www.dust2.com.br/noticias/64206/fallen-estamos-escalando-uma-montanha-rumo-ao-topo,furia,FalleN,Dust2.com.br,Intel Extreme Masters/2025/Cologne
Intel Extreme Masters Cologne 2025,2025-07-30,"ZywOo projeta temporada da Vitality: ""Faremos o que fizemos na 1ª""",https://www.dust2.com.br/noticias/64228/zywoo-projeta-temporada-da-vitality-faremos-o-que-fizemos-na-1,vit,ZywOo,Dust2.com.br,Intel Extreme Masters/2025/Cologne
Intel Extreme Masters Cologne 2025,2025-07-30,"xertioN sobre FURIA: ""Somos superiores quando mostramos nosso melhor""",https://www.dust2.com.br/noticias/64235/xertion-sobre-furia-somos-superiores-quando-mostramos-nosso-melhor,mouz,xertioN,Dust2.com.br,Intel Extreme Masters/2025/Cologne
Intel Extreme Masters Cologne 2025,2025-07-31,"donk comenta crítica de s1mple, kyousuke e fase como ""professor""",https://www.dust2.com.br/noticias/64251/donk-comenta-critica-de-s1mple-kyousuke-e-fase-como-professor,spirit,donk,Dust2.com.br,Intel Extreme Masters/2025/Cologne
Intel Extreme Masters Cologne 2025,2025-07-31,"molodoy: ""Se eu não tiver confiança, não jogo na FURIA""",https://www.dust2.com.br/noticias/64252/molodoy-se-eu-nao-tiver-confianca-nao-jogo-na-furia,furia,molodoy,Dust2.com.br,Intel Extreme Masters/2025/Cologne
Intel Extreme Masters Cologne 2025,2025-08-01,Mãe de KSCERATO fala de experiência na IEM Cologne e críticas ao filho,https://www.dust2.com.br/noticias/64303/mae-de-kscerato-fala-de-experiencia-na-iem-cologne-e-criticas-ao-filho,,Ivone Cerato,Dust2.com.br,Intel Extreme Masters/2025/Cologne
Intel Extreme Masters Cologne 2025,2025-08-01,b1t avalia estreia de makazze na arena e comenta saída de jL,https://www.dust2.com.br/noticias/64311/b1t-avalia-estreia-de-makazze-na-arena-e-comenta-saida-de-jl,navi,b1t,Dust2.com.br,Intel Extreme Masters/2025/Cologne
Intel Extreme Masters Cologne 2025,2025-08-02,"sidde: ""Venceu o time com melhores jogadores para o momento""",https://www.dust2.com.br/noticias/64328/sidde-venceu-o-time-com-melhores-jogadores-para-o-momento,furia,sidde,Dust2.com.br,Intel Extreme Masters/2025/Cologne
Intel Extreme Masters Cologne 2025,2025-08-02,"iM aponta decepção com eliminação, mas diz: ""Foi promissor""",https://www.dust2.com.br/noticias/64346/im-aponta-decepcao-com-eliminacao-mas-diz-foi-promissor,navi,iM,Dust2.com.br,Intel Extreme Masters/2025/Cologne
Intel Extreme Masters Cologne 2025,2025-08-02,"apEX diz que faltou ""mentalidade de luta"" para Vitality",https://www.dust2.com.br/noticias/64356/apex-diz-que-faltou-mentalidade-de-luta-para-vitality,vit,apEX,Dust2.com.br,Intel Extreme Masters/2025/Cologne
Intel Extreme Masters Cologne 2025,2025-08-03,Capitão explica mudança no mental da MOUZ para bater a Vitality,https://www.dust2.com.br/noticias/64364/capitao-explica-mudanca-no-mental-da-mouz-para-bater-a-vitality,mouz,Brollan,Dust2.com.br,Intel Extreme Masters/2025/Cologne
Intel Extreme Masters Cologne 2025,2025-08-03,Diretor da ESL comenta volta do Major em Cologne e novos desafios,https://www.dust2.com.br/noticias/64374/diretor-da-esl-comenta-volta-do-major-em-cologne-e-novos-desafios,,Marc Winther,Dust2.com.br,Intel Extreme Masters/2025/Cologne
Intel Extreme Masters Cologne 2025,2025-08-03,"xertioN lamenta 4º vice-campeonato seguido: ""Sinto um vazio""",https://www.dust2.com.br/noticias/64388/xertion-lamenta-4-vice-campeonato-seguido-sinto-um-vazio,mouz,xertioN,Dust2.com.br,Intel Extreme Masters/2025/Cologne
Intel Extreme Masters Cologne 2025,2025-07-24,"NAF on Liquid: ""The team was essentially European already""",https://www.dust2.us/news/63948/naf-on-liquid-the-team-was-essentially-european-already,tl,NAF,Dust2.us,Intel Extreme Masters/2025/Cologne
Intel Extreme Masters Cologne 2025,2025-07-26,TYLOO talks about their IEM Cologne 2025 run and more,https://www.dust2.in/news/64069/tyloo-talks-about-their-iem-cologne-2025-run-and-more,tyloo,CruSad3,Dust2.in,Intel Extreme Masters/2025/Cologne
Intel Extreme Masters Cologne 2025,2025-07-31,"""Its an honor to make my country and Asia proud"": Techno",https://www.dust2.in/news/64257/its-an-honor-to-make-my-country-and-asia-proud-techno,the mongolz,Techno,Dust2.in,Intel Extreme Masters/2025/Cologne
Intel Extreme Masters Cologne 2025,2025-07-24,专访EliGE: Overpass回归很开心，想让总监试试光头,https://csgo.5eplay.com/article/250724zwsrpn,faze,EliGE,5EPlay,Intel Extreme Masters/2025/Cologne
Intel Extreme Masters Cologne 2025,2025-07-24,专访yuurih: 目标打进淘汰赛，想与TOP5队伍交手,https://csgo.5eplay.com/article/250724px406n,furia,yuurih,5EPlay,Intel Extreme Masters/2025/Cologne
Intel Extreme Masters Cologne 2025,2025-07-25,专访zhokiNg: 我们被Overpass这张图搞的挺难受的,https://csgo.5eplay.com/article/250725stwhno,tyloo,zhokiNg,5EPlay,Intel Extreme Masters/2025/Cologne
Intel Extreme Masters Cologne 2025,2025-07-25,专访Xizt: xKacpersky的打法相比arrozdoce更为激进,https://csgo.5eplay.com/article/250725l7gf3i,nip,Xizt,5EPlay,Intel Extreme Masters/2025/Cologne
Intel Extreme Masters Cologne 2025,2025-07-25,专访NertZ: 我在重新找自己的位置，需要一些时间调整,https://csgo.5eplay.com/article/250726oamutn,tl,NertZ,5EPlay,Intel Extreme Masters/2025/Cologne
Intel Extreme Masters Cologne 2025,2025-07-26,专访SunPayus: 我要多加练习Inferno，不断提高自己,https://csgo.5eplay.com/article/250726mplvy7,g2,SunPayus,5EPlay,Intel Extreme Masters/2025/Cologne
Intel Extreme Masters Cologne 2025,2025-07-27,专访apEX: 如果再赢一个Major，想看flameZ剃光头,https://csgo.5eplay.com/article/250727erx6yi,vit,apEX,5EPlay,Intel Extreme Masters/2025/Cologne
Intel Extreme Masters Cologne 2025,2025-07-27,专访Lucky: 很想和Falcons的新阵容打一次,https://csgo.5eplay.com/article/250727foxen8,3dmax,Lucky,5EPlay,Intel Extreme Masters/2025/Cologne
Intel Extreme Masters Cologne 2025,2025-07-27,专访Aleksib: makazze首秀表现是T1级别，他并不紧张,https://csgo.5eplay.com/article/250727knebof,navi,Aleksib,5EPlay,Intel Extreme Masters/2025/Cologne
Intel Extreme Masters Cologne 2025,2025-07-27,专访Jimpphat: 明日只要打出自信，赢下NaVi不成问题,https://csgo.5eplay.com/article/250727wnpj68,mouz,Jimpphat,5EPlay,Intel Extreme Masters/2025/Cologne
Intel Extreme Masters Cologne 2025,2025-07-28,专访bodyy: 再次交手TYLOO，感觉他们打法有点僵化,https://csgo.5eplay.com/article/250728w54oxk,3dmax,bodyy,5EPlay,Intel Extreme Masters/2025/Cologne
Intel Extreme Masters Cologne 2025,2025-07-28,专访Spinx: NaVi在CT方的安排是世界级的,https://csgo.5eplay.com/article/250728equ2nm,mouz,Spinx,5EPlay,Intel Extreme Masters/2025/Cologne
Intel Extreme Masters Cologne 2025,2025-07-29,专访frozen: 我很喜欢broky现在的状态,https://csgo.5eplay.com/article/2507293yj0el,faze,frozen,5EPlay,Intel Extreme Masters/2025/Cologne
Intel Extreme Masters Cologne 2025,2025-08-01,专访Senzu: 期待复仇Vitality，退役前得赢5-6次Major,https://csgo.5eplay.com/article/250801uvwoyc,mongolz,Senzu,5EPlay,Intel Extreme Masters/2025/Cologne
Intel Extreme Masters Cologne 2025,2025-07-26,"m0NESY after first match with Kyousuke: ""There are flaws and mistakes we can fix — this will make a difference in the next game""",https://bo3.gg/news/exclusive-m0nesy-after-his-first-match-against-kyousuke-there-are-shortcomings-and-mistakes-that-can-be-corrected-this-will-make-a-difference-in-the-next-game,falcons,m0NESY,bo3.gg,Intel Extreme Masters/2025/Cologne
Intel Extreme Masters Cologne 2025,2025-07-26,"dev1ce on loss to Vitality: ""We had our chance today, but we just didn’t do it""",https://bo3.gg/news/exclusive-device-on-loss-to-vitality-we-had-our-chance-today-but-we-just-didnt-do-it,astralis,dev1ce,bo3.gg,Intel Extreme Masters/2025/Cologne
Intel Extreme Masters Cologne 2025,2025-07-26,"b1t on integrating makazze: ""He has good aim and a good basic understanding of the game""",https://bo3.gg/news/exclusive-b1t-on-integrating-makazze-he-has-good-aim-and-a-good-basic-understanding-of-the-game,navi,b1t,bo3.gg,Intel Extreme Masters/2025/Cologne
Intel Extreme Masters Cologne 2025,2025-07-27,"zweih on Spirit Debut: ""It Was Tough. Made Many Mistakes and Unnecessary Moves""",https://bo3.gg/news/exclusive-zweih-on-his-debut-for-spirit-it-was-tough-i-made-a-lot-of-mistakes-and-did-unnecessary-things,spirit,zweih,bo3.gg,Intel Extreme Masters/2025/Cologne
Intel Extreme Masters Cologne 2025,2025-07-27,"kyxsan on the loss to The MongolZ: ""We were a bit indecisive sometimes""",https://bo3.gg/news/exclusive-kyxsan-on-the-loss-to-the-mongolz-we-were-a-bit-indecisive-sometimes,falcons,kyxsan,bo3.gg,Intel Extreme Masters/2025/Cologne
Intel Extreme Masters Cologne 2025,2025-07-27,"YEKINDAR after easy win over Astralis: ""It felt like the game was smooth, and we could afford to joke around a bit""",https://bo3.gg/news/exclusive-yekindar-after-an-easy-victory-over-astralis-it-felt-like-the-game-was-going-smoothly-and-we-could-afford-to-joke-around-a-little,furia,YEKINDAR,bo3.gg,Intel Extreme Masters/2025/Cologne
Intel Extreme Masters Cologne 2025,2025-07-27,"mezii after qualifying for the IEM Cologne playoffs: “We played better than yesterday. Of course, it’s always a bit hard coming out of the break into the first official games”",https://bo3.gg/news/exclusive-mezii-after-qualifying-for-the-iem-cologne-playoffs-we-played-better-than-yesterda,vit,mezii,bo3.gg,Intel Extreme Masters/2025/Cologne
Intel Extreme Masters Cologne 2025,2025-07-28,"Spinx after qualifying for the IEM Cologne playoffs: ""We managed to adapt <nowiki>[</nowiki>to NAVI<nowiki>]</nowiki>""",https://bo3.gg/news/exclusive-spinx-after-qualifying-for-the-iem-cologne-playoffs-we-managed-to-adapt-to-navi,mouz,Spinx,bo3.gg,Intel Extreme Masters/2025/Cologne
Intel Extreme Masters Cologne 2025,2025-07-28,"B1ad3 after the loss to MOUZ: ""We were losing the micro-margins — 95% of the round was good, then 5% sloppy""",https://bo3.gg/news/exclusive-b1ad3-after-the-loss-to-mouz-we-were-losing-the-micro-margins-95-of-the-round-was-good-then-5-sloppy,navi,B1ad3,bo3.gg,Intel Extreme Masters/2025/Cologne
Intel Extreme Masters Cologne 2025,2025-07-28,"molodoy on FalleN: ""I listen <nowiki>[</nowiki>to his advice<nowiki>]</nowiki>, but sometimes I don't. However, due to his experience, he simply defers to my decisions""",https://bo3.gg/news/exclusive-molodoy-on-fallen-i-listen-to-his-advice-but-sometimes-i-dont-however-due-to-his-experience-he-simply-defers-to-me-in-decisions,furia,molodoy,bo3.gg,Intel Extreme Masters/2025/Cologne
Intel Extreme Masters Cologne 2025,2025-07-29,"Aleksib on s1mple transfer to BC.Game: ""Maybe they're gonna change the team, or maybe they're gonna start grinding and see what happens""",https://bo3.gg/news/exclusive-aleksib-on-s1mple-transfer-to-bc-game-maybe-theyre-gonna-change-the-team-or-maybe-theyre-gonna-start-grinding-and-see-what-happens,navi,Aleksib,bo3.gg,Intel Extreme Masters/2025/Cologne
Intel Extreme Masters Cologne 2025,2025-07-29,"ZywOo on Vitality's mindset: ""We’re just focused on ourselves and not really thinking about others""",https://bo3.gg/news/exclusive-zywoo-on-vitalitys-mindset-were-just-focused-on-ourselves-and-not-really-thinking-about-others,vitality,ZywOo,bo3.gg,Intel Extreme Masters/2025/Cologne
Intel Extreme Masters Cologne 2025,2025-07-29,"iM on makazze: ""I’m proud of him — how he played, how he stepped up in some games and situations, and how he reacted overall""",https://bo3.gg/news/exclusive-im-on-makazze-im-proud-of-him-how-he-played-how-he-stepped-up-in-some-games-and-situations-and-how-he-reacted-overall,navi,iM,bo3.gg,Intel Extreme Masters/2025/Cologne
Intel Extreme Masters Cologne 2025,2025-07-29,"KSCERATO after reaching IEM Cologne 2025 quarterfinals: ""Hard work pays off, and finally we did it""",https://bo3.gg/news/exclusive-kscerato-after-reaching-iem-cologne-2025-quarterfinals-hard-work-pays-off-and-finally-we-did-it,furia,KSCERATO,bo3.gg,Intel Extreme Masters/2025/Cologne
Intel Extreme Masters Cologne 2025,2025-07-30,"ropz: ""Other teams want to beat Vitality, but our goal is to win trophies""",https://bo3.gg/news/exclusive-ropz-other-teams-want-to-beat-vitality-but-our-goal-is-to-win-trophies,vit,ropz,bo3.gg,Intel Extreme Masters/2025/Cologne
Intel Extreme Masters Cologne 2025,2025-07-30,donk: “I want to build my story—a true career”,https://bo3.gg/news/exclusive-donk-i-want-to-build-my-own-story-a-real-career,spirit,donk,bo3.gg,Intel Extreme Masters/2025/Cologne
Intel Extreme Masters Cologne 2025,2025-07-31,"b1t on Makazze: ""He can become a much stronger player than he is now""",https://bo3.gg/news/b1t-on-makazze-he-can-be-developed-into-a-much-stronger-player-than-he-is-now,navi,b1t,bo3.gg,Intel Extreme Masters/2025/Cologne
Intel Extreme Masters Cologne 2025,2025-07-31,"YEKINDAR: ""I spend the most time with Fallen. We're building the team's game""",https://bo3.gg/news/exclusive-yekindar-i-spend-most-of-my-time-with-fallen-we-are-building-a-team-game,furia,YEKINDAR,bo3.gg,Intel Extreme Masters/2025/Cologne
Intel Extreme Masters Cologne 2025,2025-08-01,"Jimpphat: “We’re the number two team in the world. So yeah, we’re pretty confident”",https://bo3.gg/news/exclusive-jimpphat-we-re-the-number-two-team-in-the-world-so-yeah-were-pretty-confident,mouz,Jimpphat,bo3.gg,Intel Extreme Masters/2025/Cologne
Intel Extreme Masters Cologne 2025,2025-08-01,"xertioN on semifinal against Vitality: ""They’ve beaten us seven times in a row, but we just need to make sure we’re not getting in our heads about it""",https://bo3.gg/news/exclusive-xertion-on-semifinal-against-vitality-theyve-beaten-us-seven-times-in-a-row-but-we-just-need-to-make-sure-were-not-getting-in-our-heads-about-it,mouz,xertioN,bo3.gg,Intel Extreme Masters/2025/Cologne
Intel Extreme Masters Cologne 2025,2025-08-02,"torzsi: ""Beating Vitality was one of our goals this season""",https://bo3.gg/news/exclusive-torzsi-beating-vitality-was-one-of-our-goals-this-season,mouz,torzsi,bo3.gg,Intel Extreme Masters/2025/Cologne
Intel Extreme Masters Cologne 2025,2025-08-03,"sh1ro after IEM Cologne 2025 win: ""I just want to win the Grand Slam and build an era like Vitality""",https://bo3.gg/news/exclusive-sh1ro-after-winning-iem-cologne-2025-i-just-want-to-win-the-grand-slam-and-build-an-era-like-vitality,spirit,sh1ro,bo3.gg,Intel Extreme Masters/2025/Cologne
Intel Extreme Masters Cologne 2025,2025-07-30,Techno on IEM Cologne preparation: “We didn’t do any practice yet”,https://www.hotspawn.com/counter-strike/news/techno-iem-cologne-2025-interview,mongolz,Techno4K,Hotspawn,Intel Extreme Masters/2025/Cologne
Intel Extreme Masters Cologne 2025,2025-07-31,torzsi on MOUZ improvements: “That’s what we are still figuring out because it’s not a fast process”,https://www.hotspawn.com/counter-strike/news/torzsi-iem-cologne-2025-interview,mouz,torzsi,Hotspawn,Intel Extreme Masters/2025/Cologne
Intel Extreme Masters Cologne 2025,2025-07-31,FalleN on facing MOUZ at IEM Cologne: “It’s going to be war when the match starts”,https://www.hotspawn.com/counter-strike/news/fallen-iem-cologne-2025-interview,furia,FalleN,Hotspawn,Intel Extreme Masters/2025/Cologne
Intel Extreme Masters Cologne 2025,2025-08-01,iM on NAVI’s IEM Cologne bootcamp: “We didn’t have have a lot of time for practice… we mostly suffer out of this”,https://www.hotspawn.com/counter-strike/news/im-iem-cologne-2025-interview,navi,iM,Hotspawn,Intel Extreme Masters/2025/Cologne
Intel Extreme Masters Cologne 2025,2025-08-01,mezii on defending IEM Cologne title: “Usually we’re pretty slow out the gates coming out of a break… there’s no excuses”,https://www.hotspawn.com/counter-strike/news/mezii-iem-cologne-2025-interview,vit,mezii,Hotspawn,Intel Extreme Masters/2025/Cologne
Intel Extreme Masters Cologne 2025,2025-08-02,"chopper on Overpass at IEM Cologne: “shiro, donk, zont1x… It’s really easy to play with them because they understand this map”",https://www.hotspawn.com/counter-strike/news/chopper-iem-cologne-2025-interview,spirit,chopper,Hotspawn,Intel Extreme Masters/2025/Cologne
Intel Extreme Masters Cologne 2025,2025-07-30,"bLitz: «Maybe they have more energy, because makazze is so young»",https://players.com.ua/en/news/blitz-maybe-they-have-more-energy-because-makazze-is-so-young/,mongolz,bLitz,players.com.ua,Intel Extreme Masters/2025/Cologne
Intel Extreme Masters Cologne 2025,2025-07-30,"iM: «It's like, it sounds weird to have Cologne as a test tournament, but it is what it is, it's the first tournament in this season»",https://players.com.ua/en/news/im-it-s-like-it-sounds-weird-to-have-cologne-as-a-test-tournament-but-it-is-what-it-is-it-s-the-first-tournament-in-this-season/,navi,iM,players.com.ua,Intel Extreme Masters/2025/Cologne
Intel Extreme Masters Cologne 2025,2025-07-31,flameZ: «We want to keep the tournament winning streak. We don't really care about the other things»,https://players.com.ua/en/news/flamez-we-want-to-keep-the-tournament-winning-streak-we-don-t-really-care-about-the-other-things/,vit,flameZ,players.com.ua,Intel Extreme Masters/2025/Cologne
Intel Extreme Masters Cologne 2025,2025-07-31,"yuurih about the match with MOUZ: «Yeah, I know it will be a hard game»",https://players.com.ua/en/news/yuurih-about-the-match-with-mouz-yeah-i-know-it-will-be-a-hard-game/,furia,yuurih,players.com.ua,Intel Extreme Masters/2025/Cologne
Intel Extreme Masters Cologne 2025,2025-08-02,xertioN on the victory over FURIA: «I'm a bit surprised we're still in the tournament»,https://players.com.ua/en/news/xertion-on-the-victory-over-furia-i-m-a-bit-surprised-we-re-still-in-the-tournament/,mouz,xertioN,players.com.ua,Intel Extreme Masters/2025/Cologne
Intel Extreme Masters Cologne 2025,2025-08-02,YEKINDAR: «I think here everybody will agree that we showed that we can compete with these teams»,https://players.com.ua/en/news/yekindar-i-think-here-everybody-will-agree-that-we-showed-that-we-can-compete-with-these-teams/,furia,YEKINDAR,players.com.ua,Intel Extreme Masters/2025/Cologne
Intel Extreme Masters Cologne 2025,2025-08-02,"b1t on the loss to spirit: ""The fact that we lost is not about makazze, as a team we showed a poor performance on the server.""",https://players.com.ua/en/news/b1t-on-the-loss-to-spirit-the-fact-that-we-lost-is-not-about-makazze-as-a-team-we-showed-a-poor-performance-on-the-server/,navi,b1t,players.com.ua,Intel Extreme Masters/2025/Cologne
Intel Extreme Masters Cologne 2025,2025-08-02,"Spinx: «Today’s win will help us with confidence. So nothing special, we just need to show up on the arena»",https://players.com.ua/en/news/spinx-today-s-win-will-help-us-with-confidence-so-nothing-special-we-just-need-to-show-up-on-the-arena/,mouz,Spinx,players.com.ua,Intel Extreme Masters/2025/Cologne
Intel Extreme Masters Cologne 2025,2025-08-03,sycrone: «Maybe on the other side we didn't have enough confidence today»,https://players.com.ua/en/news/sycrone-maybe-on-the-other-side-we-didn-t-have-enough-confidence-today/,mouz,YEKINDAR,players.com.ua,Intel Extreme Masters/2025/Cologne
Intel Extreme Masters Cologne 2025,2025-07-23,IEM Cologne 2025 Play-in - Day 1,https://www.hltv.org/gallery/12863,,,HLTV,Intel Extreme Masters/2025/Cologne
Intel Extreme Masters Cologne 2025,2025-07-24,IEM Cologne 2025 Play-in - Day 2,https://www.hltv.org/gallery/12890,,,HLTV,Intel Extreme Masters/2025/Cologne
Intel Extreme Masters Cologne 2025,2025-07-25,IEM Cologne 2025 Play-in - Day 3,https://www.hltv.org/gallery/12891,,,HLTV,Intel Extreme Masters/2025/Cologne
Intel Extreme Masters Cologne 2025,2025-07-26,IEM Cologne 2025 - Day 1,https://www.hltv.org/gallery/12892,,,HLTV,Intel Extreme Masters/2025/Cologne
Intel Extreme Masters Cologne 2025,2025-07-27,IEM Cologne 2025 - Day 2,https://www.hltv.org/gallery/12893,,,HLTV,Intel Extreme Masters/2025/Cologne
Intel Extreme Masters Cologne 2025,2025-07-28,IEM Cologne 2025 - Day 3,https://www.hltv.org/gallery/12894,,,HLTV,Intel Extreme Masters/2025/Cologne
Intel Extreme Masters Cologne 2025,2025-07-29,IEM Cologne 2025 - Day 4,https://www.hltv.org/gallery/12895,,,HLTV,Intel Extreme Masters/2025/Cologne
Intel Extreme Masters Cologne 2025,2025-08-01,IEM Cologne 2025 - Day 5,https://www.hltv.org/gallery/12897,,,HLTV,Intel Extreme Masters/2025/Cologne
Intel Extreme Masters Cologne 2025,2025-08-02,IEM Cologne 2025 - Day 6,https://www.hltv.org/gallery/12898,,,HLTV,Intel Extreme Masters/2025/Cologne
Intel Extreme Masters Cologne 2025,2025-08-03,IEM Cologne 2025 - Day 7,https://www.hltv.org/gallery/12899,,,HLTV,Intel Extreme Masters/2025/Cologne
Intel Extreme Masters Cologne 2025,2025-07-28,IEM Cologne 2025,https://bo3.gg/tournaments/intel-extreme-masters-cologne-2025/gallery,,,bo3.gg,Intel Extreme Masters/2025/Cologne
Intel Extreme Masters Cologne 2025,2025-08-04,Best of IEM Cologne 2025 - CS2 Fragmovie,https://www.youtube.com/watch?v=tcJ-kW7Yjy0,,,HLTV,Intel Extreme Masters/2025/Cologne
BLAST.tv Austin Major 2025,2025-06-01,"As the Austin Major nears, two twin brothers prepare to cross paths",https://www.hltv.org/n/41812,metizport,,HLTV,BLAST/Major/2025/Austin
BLAST.tv Austin Major 2025,2025-06-11,What Vitality can learn from fallen Major favorites,https://www.hltv.org/n/41918,vit,,HLTV,BLAST/Major/2025/Austin
BLAST.tv Austin Major 2025,2025-06-19,"s1mple, donk, and ZywOo talk battle of the best ahead of Austin Major playoffs",https://www.hltv.org/n/42004,vit,,HLTV,BLAST/Major/2025/Austin
BLAST.tv Austin Major 2025,2025-05-29,"BLAST Austin Major teams, format, schedule, prizes, talent, fantasy",https://www.hltv.org/n/41799,,,HLTV,BLAST/Major/2025/Austin
BLAST.tv Austin Major 2025,2025-05-31,Meet the BLAST.tv Austin Major rookies,https://www.hltv.org/n/41794,,,HLTV,BLAST/Major/2025/Austin
BLAST.tv Austin Major 2025,2025-06-01,Visualized: Every team at BLAST.tv Austin Major Stage 1,https://www.hltv.org/n/41809,,,HLTV,BLAST/Major/2025/Austin
BLAST.tv Austin Major 2025,2025-06-12,Visualized: Every team at BLAST.tv Austin Major Stage 3,https://www.hltv.org/n/41937,,,HLTV,BLAST/Major/2025/Austin
BLAST.tv Austin Major 2025,2025-06-22,ZywOo earns seventh-straight MVP at the Austin Major,https://www.hltv.org/n/42037,,,HLTV,BLAST/Major/2025/Austin
BLAST.tv Austin Major 2025,2025-06-27,The EVPs and All Stars of BLAST.tv Austin Major,https://www.hltv.org/n/42058,,,HLTV,BLAST/Major/2025/Austin
BLAST.tv Austin Major 2025,2025-06-02,"lux: ""Becoming IGL was the best decision of my life and the way I can achieve more in my career""",https://www.hltv.org/n/41819,,lux,HLTV,BLAST/Major/2025/Austin
BLAST.tv Austin Major 2025,2025-06-02,"nitr0: ""Teams see our results and are like, 'Oh, these guys are not good,' but we are a solid tier-two team right now""",https://www.hltv.org/n/41821,,nitr0,HLTV,BLAST/Major/2025/Austin
BLAST.tv Austin Major 2025,2025-06-02,"arT jokes about young core: ""They are like players in diapers, they need to be guided""",https://www.hltv.org/n/41822,,arT,HLTV,BLAST/Major/2025/Austin
BLAST.tv Austin Major 2025,2025-06-03,"nicoodoz on his hybrid style: ""The big difference in OG is that it's been accepted here""",https://www.hltv.org/n/41823,,nicoodoz,HLTV,BLAST/Major/2025/Austin
BLAST.tv Austin Major 2025,2025-06-03,"headtr1ck on npl: ""I feel that he became a better leader, and he's also playing better individually""",https://www.hltv.org/n/41825,,headtr1ck,HLTV,BLAST/Major/2025/Austin
BLAST.tv Austin Major 2025,2025-06-03,"junior: ""I'm putting in a lot of hours, and hopefully the results show""",https://www.hltv.org/n/41828,,junior,HLTV,BLAST/Major/2025/Austin
BLAST.tv Austin Major 2025,2025-06-03,"GUM on SU3: ""We have tried a lot of talented local players but sometimes they're afraid to perform""",https://www.hltv.org/n/41835,,Gum,HLTV,BLAST/Major/2025/Austin
BLAST.tv Austin Major 2025,2025-06-03,"JBa: ""The most important part is that I'm growing as a person rather than as a player""",https://www.hltv.org/n/41841,,JBa,HLTV,BLAST/Major/2025/Austin
BLAST.tv Austin Major 2025,2025-06-04,"INS: ""It's nice to not face a Spirit or Vitality first game, but these teams are no slouches""",https://www.hltv.org/n/41842,,Sumljiv_Model,HLTV,BLAST/Major/2025/Austin
BLAST.tv Austin Major 2025,2025-06-04,"HexT: ""COL were playing a little bit differently, but clearly I farmed""",https://www.hltv.org/n/41850,,HexT,HLTV,BLAST/Major/2025/Austin
BLAST.tv Austin Major 2025,2025-06-04,"1eer: ""riskyb0b is a legend, you have to know this""",https://www.hltv.org/n/41849,,1eeR,HLTV,BLAST/Major/2025/Austin
BLAST.tv Austin Major 2025,2025-06-04,"npl: ""Stage 1 has a lot of weak teams, so I don't think going 3-0 is a surprise""",https://www.hltv.org/n/41854,,npl,HLTV,BLAST/Major/2025/Austin
BLAST.tv Austin Major 2025,2025-06-05,"SunPayus: ""I just want to be next to sAw until he kicks me from his team""",https://www.hltv.org/n/41853,,SunPayus,HLTV,BLAST/Major/2025/Austin
BLAST.tv Austin Major 2025,2025-06-05,"Grim: ""All of us should feel bad and reflect on this during the break""",https://www.hltv.org/n/41862,,Grim,HLTV,BLAST/Major/2025/Austin
BLAST.tv Austin Major 2025,2025-06-06,"Chr1zn: ""It's nice to win here, but I'd be lying if I said I didn't look at the VRS points every time""",https://www.hltv.org/n/41864,,Chr1zn,HLTV,BLAST/Major/2025/Austin
BLAST.tv Austin Major 2025,2025-06-06,"Boombl4: ""When we play versus tier-one teams Ax1Le will show his experience""",https://www.hltv.org/n/41868,,Boombl4,HLTV,BLAST/Major/2025/Austin
BLAST.tv Austin Major 2025,2025-06-06,"C4LLM3SU3: ""We hope TYLOO get into Stage 2 so we can prove that Asian CS isn't crap""",https://www.hltv.org/n/41874,,C4LLM3SU3,HLTV,BLAST/Major/2025/Austin
BLAST.tv Austin Major 2025,2025-06-06,"Sonic on Peeping rumors: ""You don't know if you can trust the people around you who say you can trust them""",https://www.hltv.org/n/41878,,Sonic,HLTV,BLAST/Major/2025/Austin
BLAST.tv Austin Major 2025,2025-05-26,"nitr0: ""In NA it's probably the worst it's ever been""",https://blast.tv/cs/news/nitr0-in-na-its-probably-the-worst-its-ever-been,,nitr0,BLAST,BLAST/Major/2025/Austin
BLAST.tv Austin Major 2025,2025-05-28,"stanislaw on facing Metizport: ""susp's twin brother is on the team, so we're going to take them down for him""",https://blast.tv/cs/news/stanislaw-on-facing-metizport,,stanislaw,BLAST,BLAST/Major/2025/Austin
BLAST.tv Austin Major 2025,2025-05-29,"Chr1zN: ""It's really nice that nicoodoz can rifle and not be a burden""",https://blast.tv/cs/news/chr1zn-its-nice-that-nicoodoz-can-rifle-and-not-be-a-burden,,Chr1zN,BLAST,BLAST/Major/2025/Austin
BLAST.tv Austin Major 2025,2025-05-29,"zakk and VINI: ""FURIA and the old FalleN teams are like Gryffindoor and Slytherin""",https://blast.tv/cs/news/zakk-and-vini-furia-and-sk-are-like-gryffindoor-and-slytherin,,zakk,BLAST,BLAST/Major/2025/Austin
BLAST.tv Austin Major 2025,2025-05-30,"hampus: ""You could put three top Swedish teams together""",http://blast.tv/cs/news/hampus-you-could-put-three-top-swedish-teams-together,,hampus,BLAST,BLAST/Major/2025/Austin
BLAST.tv Austin Major 2025,2025-05-30,"npl: ""Maybe we'll have the Major aura and make it all the way to playoffs""",https://blast.tv/cs/news/npl-maybe-well-have-major-aura-and-make-it-to-playoffs,,npl,BLAST,BLAST/Major/2025/Austin
BLAST.tv Austin Major 2025,2025-06-03,"nicx: ""I'm playing tier one games but I don't know if I'm a tier one player yet""",https://blast.tv/cs/news/nicx-im-playing-tier-one-games-but-i-dont-know-if-im-tier-one,,nicx,BLAST,BLAST/Major/2025/Austin
BLAST.tv Austin Major 2025,2025-06-03,"Boombl4: ""It will be a great story for us here""",https://blast.tv/cs/news/boombl4-it-will-be-a-great-story,,Boombl4,BLAST,BLAST/Major/2025/Austin
BLAST.tv Austin Major 2025,2025-06-03,"isak: ""It was more outside of the game issues than inside of the game""",https://blast.tv/cs/news/isak-it-was-more-outside-of-the-game-issues-than-inside-of-the-game,,isak,BLAST,BLAST/Major/2025/Austin
BLAST.tv Austin Major 2025,2025-06-04,"xfl0ud on his Major performances: ""I felt like I would cook a little bit""",https://blast.tv/cs/news/xfloud-i-felt-like-i-would-cook,,xfl0ud,BLAST,BLAST/Major/2025/Austin
BLAST.tv Austin Major 2025,2025-06-06,"F1KU: ""If we get into the flow then playoffs may be possible""",https://blast.tv/cs/news/f1ku-playoffs-may-be-possible,,F1KU,BLAST,BLAST/Major/2025/Austin
BLAST.tv Austin Major 2025,2025-06-02,"susp on starting in Stage 1: ""It's easier to come into the Major if you start off playing against these tier 2/3 teams""",https://www.dust2.us/news/62009/susp-on-starting-in-stage-1-its-easier-to-come-into-the-major-if-you-start-off-playing-against-these-tier-2-3-teams,,susp,Dust2.us,BLAST/Major/2025/Austin
BLAST.tv Austin Major 2025,2025-06-02,"Cxzi on facing OG in Major debut: ""To be honest, I haven't watched them""",https://www.dust2.us/news/62013/cxzi-on-facing-og-in-major-debut-to-be-honest-i-havent-watched-them,,cxzi,Dust2.us,BLAST/Major/2025/Austin
BLAST.tv Austin Major 2025,2025-06-02,"adamb on facing his brother susp: ""It matters so much for us both""",https://www.dust2.us/news/62017/adamb-on-facing-his-brother-susp-it-matters-so-much-for-us-both,,adamb,Dust2.us,BLAST/Major/2025/Austin
BLAST.tv Austin Major 2025,2025-06-02,"nitr0: ""I see a lot of people doubting us and that fuels me even more""",https://www.dust2.us/news/62022/nitr0-i-see-a-lot-of-people-doubting-us-and-that-fuels-me-even-more,,nitr0,Dust2.us,BLAST/Major/2025/Austin
BLAST.tv Austin Major 2025,2025-06-02,"C4LLM3SU3: ""We don't want to let our followers down, so there's some pressure""",https://www.dust2.us/news/62016/c4llm3su3-we-dont-want-to-let-our-followers-down-so-theres-some-pressure,,C4LLM3SU3,Dust2.us,BLAST/Major/2025/Austin
BLAST.tv Austin Major 2025,2025-06-03,"JT: ""Our team struggled to get into the game at the beginning and nicoodoz took full advantage of that""",https://www.dust2.us/news/62048/jt-our-team-struggled-to-get-into-the-game-at-the-beginning-and-nicoodoz-took-full-advantage-of-that,,JT,Dust2.us,BLAST/Major/2025/Austin
BLAST.tv Austin Major 2025,2025-06-03,"oSee: ""If we falter in just one aspect, these top level teams will punish you every time""",https://www.dust2.us/news/62071/osee-if-we-falter-in-just-one-aspect-these-top-level-teams-will-punish-you-every-time,,oSee,Dust2.us,BLAST/Major/2025/Austin
BLAST.tv Austin Major 2025,2025-06-03,"Sonic: ""It's honestly surprising that Metizport chose Inferno, but, we're prepared for anything""",https://www.dust2.us/news/62066/sonic-its-honestly-surprising-that-metizport-chose-inferno-but-were-prepared-for-anything,,Sonic,Dust2.us,BLAST/Major/2025/Austin
BLAST.tv Austin Major 2025,2025-06-04,"Grim: ""We're struggling right now with a lack of composure in some rounds""",https://www.dust2.us/news/62100/grim-were-struggling-right-now-with-a-lack-of-composure-in-some-rounds,,Grim,Dust2.us,BLAST/Major/2025/Austin
BLAST.tv Austin Major 2025,2025-06-04,"stanislaw credits vinS for JBa Deagle 4K: ""Maybe he had a feeling JBa could make some magic happen""",https://www.dust2.us/news/62083/stanislaw-credits-vins-for-jba-deagle-4k-maybe-he-had-a-feeling-jba-could-make-some-magic-happen,,stanislaw,Dust2.us,BLAST/Major/2025/Austin
BLAST.tv Austin Major 2025,2025-06-04,"HexT: ""We scrim Complexity a lot and the majority of the time we are winning""",https://www.dust2.us/news/62133/hext-we-scrim-complexity-a-lot-and-the-majority-of-the-time-we-are-winning,,HexT,Dust2.us,BLAST/Major/2025/Austin
BLAST.tv Austin Major 2025,2025-06-04,"vinS: ""B8 were totally ape style, they were better""",https://www.dust2.us/news/62139/vins-b8-were-totally-ape-style-they-were-better,,vinS,Dust2.us,BLAST/Major/2025/Austin
BLAST.tv Austin Major 2025,2025-06-05,"JT: ""If you can't get out of Stage 1 of the 32-team Major, you just basically don't deserve to be there""",https://www.dust2.us/news/62170/jt-if-you-cant-get-out-of-stage-1-of-the-32-team-major-you-just-basically-dont-deserve-to-be-there,,JT,Dust2.us,BLAST/Major/2025/Austin
BLAST.tv Austin Major 2025,2025-06-05,"yxngstxr wants to play FaZe in Stage 2: ""Since s1mple said we are bots, I need to talk shit back""",https://www.dust2.us/news/62177/yxngstxr-wants-to-play-faze-in-stage-2-since-s1mple-said-we-are-bots-i-need-to-talk-shit-back,,yxngstxr,Dust2.us,BLAST/Major/2025/Austin
BLAST.tv Austin Major 2025,2025-06-05,"Jeorge: ""To put it simply, we played awful""",https://www.dust2.us/news/62188/jeorge-to-put-it-simply-we-played-awful,,Jeorge,Dust2.us,BLAST/Major/2025/Austin
BLAST.tv Austin Major 2025,2025-06-06,"JBa: ""Everybody is beatable in this stage, especially the teams that we can play tomorrow""",https://www.dust2.us/news/62197/jba-everybody-is-beatable-in-this-stage-especially-the-teams-that-we-can-play-tomorrow,,JBa,Dust2.us,BLAST/Major/2025/Austin
BLAST.tv Austin Major 2025,2025-06-06,"nitr0: ""Our map pool wasn't deep enough and we didn't improve enough to make Stage Two""",https://www.dust2.us/news/62228/nitr0-our-map-pool-wasnt-deep-enough-and-we-didnt-improve-enough-to-make-stage-two,,nitr0,Dust2.us,BLAST/Major/2025/Austin
BLAST.tv Austin Major 2025,2025-06-06,"phzy: ""It just feels like it all fell apart""",https://www.dust2.us/news/62235/phzy-it-just-feels-like-it-all-fell-apart,,phzy,Dust2.us,BLAST/Major/2025/Austin
BLAST.tv Austin Major 2025,2025-06-23,"Grim: ""I think hallzerk's a top 20 player this year""",https://www.dust2.us/news/62963/grim-i-think-hallzerks-a-top-20-player-this-year,,Grim,Dust2.us,BLAST/Major/2025/Austin
BLAST.tv Austin Major 2025,2025-06-03,br0 nyder skatteprocenten og vejret i USA,https://www.dust2.dk/nyheder/62043/br0-nyder-skatteprocenten-og-vejret-i-usa,,br0,Dust2.dk,BLAST/Major/2025/Austin
BLAST.tv Austin Major 2025,2025-06-03,"Chr1zN drømmer om arenaen: ""Man må gerne sigte højt""",https://www.dust2.dk/nyheder/62037/chr1zn-droemmer-om-arenaen-man-maa-gerne-sigte-hoejt,,Chr1zN,Dust2.dk,BLAST/Major/2025/Austin
BLAST.tv Austin Major 2025,2025-06-04,"regali var tæt på at miste troen: ""Lad mig finde eksamenspapirene fra gymnasiet frem""",https://www.dust2.dk/nyheder/62108/regali-var-taet-paa-at-miste-troen-lad-mig-finde-eksamenspapirene-fra-gymnasiet-frem,,regali,Dust2.dk,BLAST/Major/2025/Austin
BLAST.tv Austin Major 2025,2025-06-05,"Buzz-interview: ""nicoodoz var et fucking monster""",https://www.dust2.dk/nyheder/62184/buzz-interview-nicoodoz-var-et-fucking-monster,,Buzz,Dust2.dk,BLAST/Major/2025/Austin
BLAST.tv Austin Major 2025,2025-06-02,"VINI não vê ""nenhum bicho papão"" no Stage 1 do Major",https://www.dust2.com.br/noticias/62007/vini-nao-ve-nenhum-bicho-papao-no-stage-1-do-major,imp,VINI,Dust2.com.br,BLAST/Major/2025/Austin
BLAST.tv Austin Major 2025,2025-06-02,"Polêmica não trouxe pressão para Legacy no Major, diz lux",https://www.dust2.com.br/noticias/62021/polemica-nao-trouxe-pressao-para-legacy-no-major-diz-lux,legacy,lux,Dust2.com.br,BLAST/Major/2025/Austin
BLAST.tv Austin Major 2025,2025-06-03,"Em ""nova realidade"", arT celebra volta ao Major: ""Não é um campeonato qualquer""",https://www.dust2.com.br/noticias/62035/em-nova-realidade-art-celebra-volta-ao-major-nao-e-um-campeonato-qualquer,fluxo,arT,Dust2.com.br,BLAST/Major/2025/Austin
BLAST.tv Austin Major 2025,2025-06-03,zakk diz que ansiedade atrapalhou Imperial na estreia,https://www.dust2.com.br/noticias/62053/zakk-diz-que-ansiedade-atrapalhou-imperial-na-estreia,imp,zakk,Dust2.com.br,BLAST/Major/2025/Austin
BLAST.tv Austin Major 2025,2025-06-03,"latto após derrota para Lynn Vision: ""O jogo é de bala e não estávamos muito bem""",https://www.dust2.com.br/noticias/62060/latto-apos-derrota-para-lynn-vision-o-jogo-e-de-bala-e-nao-estavamos-muito-bem,legacy,latto,Dust2.com.br,BLAST/Major/2025/Austin
BLAST.tv Austin Major 2025,2025-06-03,"piriajr destaca adversário em derrota: ""O cara nos amassou""",https://www.dust2.com.br/noticias/62073/piriajr-destaca-adversario-em-derrota-o-cara-nos-amassou,fluxo,piriajr,Dust2.com.br,BLAST/Major/2025/Austin
BLAST.tv Austin Major 2025,2025-06-03,"saadzin quer Legacy ""mais solta e mais calma"" para sequência do Major",https://www.dust2.com.br/noticias/62089/saadzin-quer-legacy-mais-solta-e-mais-calma-para-sequencia-do-major,legacy,saadzin,Dust2.com.br,BLAST/Major/2025/Austin
BLAST.tv Austin Major 2025,2025-06-03,kye pede mais calma para Fluxo no Major,https://www.dust2.com.br/noticias/62092/kye-pede-mais-calma-para-fluxo-no-major,fluxo,kye,Dust2.com.br,BLAST/Major/2025/Austin
BLAST.tv Austin Major 2025,2025-06-03,"noway se surpreende com 0-2: ""Nós não jogamos assim, não somos esse time""",https://www.dust2.com.br/noticias/62094/noway-se-surpreende-com-0-2-nos-nao-jogamos-assim-nao-somos-esse-time,imp,noway,Dust2.com.br,BLAST/Major/2025/Austin
BLAST.tv Austin Major 2025,2025-06-04,"Campeão em 2018, Stewie2K tem ""sentimento agridoce"" com Major nos EUA",https://www.dust2.com.br/noticias/62107/campeao-em-2018-stewie2k-tem-sentimento-agridoce-com-major-nos-eua,,Stewie2K,Dust2.com.br,BLAST/Major/2025/Austin
BLAST.tv Austin Major 2025,2025-06-04,"""Tomara que a pressão de ser eliminado ajude o nosso time"", diz lux",https://www.dust2.com.br/noticias/62120/tomara-que-a-pressao-de-ser-eliminado-ajude-o-nosso-time-diz-lux,legacy,lux,Dust2.com.br,BLAST/Major/2025/Austin
BLAST.tv Austin Major 2025,2025-06-04,"try comemora 1ª vitória no Major: ""Feliz pela minha família e pela Argentina""",https://www.dust2.com.br/noticias/62148/try-comemora-1-vitoria-no-major-feliz-pela-minha-familia-e-pela-argentina,imp,try,Dust2.com.br,BLAST/Major/2025/Austin
BLAST.tv Austin Major 2025,2025-06-04,"mlhzin tem ""experiência boa"" no Major , mas admite: ""Sair 0-3 era algo que não cogitávamos""",https://www.dust2.com.br/noticias/62150/mlhzin-tem-experiencia-boa-no-major-mas-admite-sair-0-3-era-algo-que-nao-cogitavamos,fluxo,mlhzin,Dust2.com.br,BLAST/Major/2025/Austin
BLAST.tv Austin Major 2025,2025-06-05,"chay avalia Imperial: ""Se falarmos que estamos satisfeitos, estaríamos mentindo""",https://www.dust2.com.br/noticias/62178/chay-avalia-imperial-se-falarmos-que-estamos-satisfeitos-estariamos-mentindo,imp,chay,Dust2.com.br,BLAST/Major/2025/Austin
BLAST.tv Austin Major 2025,2025-06-05,"Legacy vai com ""sangue no olho"" para vaga, diz dumau",https://www.dust2.com.br/noticias/62193/legacy-vai-com-sangue-no-olho-para-vaga-diz-dumau,legacy,dumau,Dust2.com.br,BLAST/Major/2025/Austin
BLAST.tv Austin Major 2025,2025-06-06,"n1ssim sobre momento da Legacy no Major: ""Não sei qual é o limite""",https://www.dust2.com.br/noticias/62244/n1ssim-sobre-momento-da-legacy-no-major-nao-sei-qual-e-o-limite,legacy,n1ssim,Dust2.com.br,BLAST/Major/2025/Austin
BLAST.tv Austin Major 2025,2025-06-03,SunPayus: “Chinggis Warriors can surprise a lot of teams”,https://bo3.gg/news/exclusive-sunpayus-chinggis-warriors-can-surprise-a-lot-of-teams,,SunPayus,bo3.gg,BLAST/Major/2025/Austin
BLAST.tv Austin Major 2025,2025-06-03,alex666: “We always play to the end and stay calm”,https://bo3.gg/news/exclusive-alex666-we-always-play-until-the-end-and-remain-calm,,alex666,bo3.gg,BLAST/Major/2025/Austin
BLAST.tv Austin Major 2025,2025-06-05,"kensizor: ""We came to the Major to just play, give our best, and make it to the playoffs""",https://bo3.gg/news/exclusive-kensizor-we-came-to-the-major-just-to-play-to-show-the-maximum-and-make-the-playoffs,,kensizor,bo3.gg,BLAST/Major/2025/Austin
BLAST.tv Austin Major 2025,2025-06-05,"LNZ on Major Stage 2: ""It would be super hyped to play FaZe in the first game""",https://bo3.gg/news/exclusive-lnz-on-major-stage-2-it-would-be-super-hyped-to-play-faze-in-the-first-game,,LNZ,bo3.gg,BLAST/Major/2025/Austin
BLAST.tv Austin Major 2025,2025-06-06,"s1mple: ""karrigan reminds me of Zeus in 2018""",https://www.hltv.org/n/41876,,s1mple,HLTV,BLAST/Major/2025/Austin
BLAST.tv Austin Major 2025,2025-06-07,"m0NESY: ""What am I thinking now? Just to start the Major already""",https://www.hltv.org/n/41875,,m0NESY,HLTV,BLAST/Major/2025/Austin
BLAST.tv Austin Major 2025,2025-06-07,"FL4MUS: ""It's the shittiest season I've ever played, but I hope I will show I can play the game""",https://www.hltv.org/n/41879,,FL4MUS,HLTV,BLAST/Major/2025/Austin
BLAST.tv Austin Major 2025,2025-06-07,"nqz: ""People aren't looking at us like a big threat at the Major. That's how we like to play""",https://www.hltv.org/n/41871,,nqz,HLTV,BLAST/Major/2025/Austin
BLAST.tv Austin Major 2025,2025-06-07,"saadzin: ""When I came to the team dumau was the first guy to give me the confidence""",https://www.hltv.org/n/41888,,saadzin,HLTV,BLAST/Major/2025/Austin
BLAST.tv Austin Major 2025,2025-06-07,"z4kr on beating Falcons: ""Their names were on our path of learning CS""",https://www.hltv.org/n/41891,,z4kr,HLTV,BLAST/Major/2025/Austin
BLAST.tv Austin Major 2025,2025-06-07,"biguzera: ""If we talk about it right now, of course we would choose to get dgt sooner""",https://www.hltv.org/n/41889,,biguzera,HLTV,BLAST/Major/2025/Austin
BLAST.tv Austin Major 2025,2025-06-08,"yuurih: ""When I see molodoy playing, it's almost like m0NESY, some players like that""",https://www.hltv.org/n/41894,,yuurih,HLTV,BLAST/Major/2025/Austin
BLAST.tv Austin Major 2025,2025-06-08,"lux jokes: ""Stage 1 was too difficult, Stage 2 was easy""",https://www.hltv.org/n/41897,,lux,HLTV,BLAST/Major/2025/Austin
BLAST.tv Austin Major 2025,2025-06-08,"electroNic: ""My progress as an in-game leader is colossal, ever since I became one""",https://www.hltv.org/n/41898,,electroNic,HLTV,BLAST/Major/2025/Austin
BLAST.tv Austin Major 2025,2025-06-09,"NiKo: ""It's just so unacceptable to drop the ball in such a crucial moment from a team like ours""",https://www.hltv.org/n/41911,,NiKo,HLTV,BLAST/Major/2025/Austin
BLAST.tv Austin Major 2025,2025-06-10,"zweih: ""I saw FL4MUS leaving Nemiga and went, 'whatever, I will message boX'""",https://www.hltv.org/n/41905,,zweih,HLTV,BLAST/Major/2025/Austin
BLAST.tv Austin Major 2025,2025-06-10,"snow: ""I hope I can stay with this emotion my entire life. I like to be happy playing""",https://www.hltv.org/n/41907,,snow,HLTV,BLAST/Major/2025/Austin
BLAST.tv Austin Major 2025,2025-06-10,"Maka: ""Watching the Falcons game put me in a little bit of stress""",https://www.hltv.org/n/41914,,Maka,HLTV,BLAST/Major/2025/Austin
BLAST.tv Austin Major 2025,2025-06-10,"khaN: ""zweih is a full monster blyat, carrying the game. He's motivating me with his calmness""",https://www.hltv.org/n/41921,,khaN,HLTV,BLAST/Major/2025/Austin
BLAST.tv Austin Major 2025,2025-06-11,"GUM: ""Every time <nowiki>[</nowiki>I think I'm gonna give up<nowiki>]</nowiki>, something tells me, 'you need to just work that little bit harder'""",https://www.hltv.org/n/41923,,Gum,HLTV,BLAST/Major/2025/Austin
BLAST.tv Austin Major 2025,2025-06-11,"sAw on leaving HEROIC: ""The positive is that I feel the team has been left in a good place""",https://www.hltv.org/n/41920,,sAw,HLTV,BLAST/Major/2025/Austin
BLAST.tv Austin Major 2025,2025-06-03,"s1n: ""Playing with five German nationals is something that would be cool""",https://blast.tv/cs/news/s1n-playing-wtih-five-germans-would-be-cool,,s1n,BLAST,BLAST/Major/2025/Austin
BLAST.tv Austin Major 2025,2025-06-04,"electroNic: ""That's the main problem for our team, we have a lot of aggro players""",https://blast.tv/cs/news/electronic-the-main-problem-is-that-we-have-a-lot-of-aggro-players,,electroNic,BLAST,BLAST/Major/2025/Austin
BLAST.tv Austin Major 2025,2025-06-04,"NiKo: ""We have a better chance to take Vitality in a BO3""",https://blast.tv/cs/news/niko-better-chance-to-take-vitality-in-a-bo3,,NiKo,BLAST,BLAST/Major/2025/Austin
BLAST.tv Austin Major 2025,2025-06-05,"biguzera: ""I just feel that the young players aren't improving in Brazil""",http://blast.tv/cs/news/biguzera-i-feel-that-the-young-players-arent-improving-in-brazil,,biguzera,BLAST,BLAST/Major/2025/Austin
BLAST.tv Austin Major 2025,2025-06-05,"frozen: You want to prove to s1mple that you're worth his time""",https://blast.tv/cs/news/frozen-you-want-to-prove-to-s1mple,,frozen,BLAST,BLAST/Major/2025/Austin
BLAST.tv Austin Major 2025,2025-06-06,"YEKINDAR: ""Maybe I'm naive, but I truly believe we can win the Major""",https://blast.tv/cs/news/yekindar-maybe-im-naive,,YEKINDAR,BLAST,BLAST/Major/2025/Austin
BLAST.tv Austin Major 2025,2025-06-07,"s1mple on his doubters: ""I don't need to say anything I'll just show them in the server""",https://blast.tv/cs/news/s1mple-on-doubters-i-dont-need-to-say-anything,,s1mple,BLAST,BLAST/Major/2025/Austin
BLAST.tv Austin Major 2025,2025-06-07,"zonic: ""Winning a CS2 Major is one of my final tasks""",https://blast.tv/cs/news/zonic-winning-a-cs2-major-is-one-of-my-final-tasks,,zonic,BLAST,BLAST/Major/2025/Austin
BLAST.tv Austin Major 2025,2025-06-07,"EliGE: ""When we're playing like this we can beat anyone""",https://blast.tv/cs/news/elige-when-were-playing-like-this-we-can-beat-anyone,,EliGE,BLAST,BLAST/Major/2025/Austin
BLAST.tv Austin Major 2025,2025-06-07,"LNZ: ""Everyone wants to make it further even if they're going to be here next season or not""",https://blast.tv/cs/news/lnz-everyone-wants-to-make-it-further,,LNZ,BLAST,BLAST/Major/2025/Austin
BLAST.tv Austin Major 2025,2025-06-07,"C4LLM3SU3 on win over Falcons: ""Our coach did a lot of preparation and 90% of it was correct""",https://blast.tv/cs/news/c4llm3su3-on-win-over-falcons,,C4LLM3SU3,BLAST,BLAST/Major/2025/Austin
BLAST.tv Austin Major 2025,2025-06-08,"dumau: ""I don't care about being the best in Brazil, I want to be the best in the world""",https://blast.tv/cs/news/dumau-i-dont-care-about-best-in-brazil,,dumau,BLAST,BLAST/Major/2025/Austin
BLAST.tv Austin Major 2025,2025-06-08,"Buzz: ""We didn't even expect to be at the Major""",https://blast.tv/cs/news/buzz-we-didnt-even-expect-to-be-at-the-major,,Buzz,BLAST,BLAST/Major/2025/Austin
BLAST.tv Austin Major 2025,2025-06-11,"NEO on potentially winning the Major: ""Third time's the charm""",https://blast.tv/cs/news/neo-third-times-the-charm,,NEO,BLAST,BLAST/Major/2025/Austin
BLAST.tv Austin Major 2025,2025-06-06,"Swisher on qualifying via VRS: ""There's no sudden surge of emotion like when you win the qualifier""",https://www.dust2.us/news/62222/swisher-on-qualifying-via-vrs-theres-no-sudden-surge-of-emotion-like-when-you-win-the-qualifier,,Swisher,Dust2.us,BLAST/Major/2025/Austin
BLAST.tv Austin Major 2025,2025-06-06,"FalleN: ""I treat YEKINDAR as someone who's going to stay with us for longer""",https://www.dust2.us/news/62234/fallen-i-treat-yekindar-as-someone-whos-going-to-stay-with-us-for-longer,,FalleN,Dust2.us,BLAST/Major/2025/Austin
BLAST.tv Austin Major 2025,2025-06-07,"EliGE on s1mple: ""CS:GO s1mple was a god and I think he's very close to that""",https://www.dust2.us/news/62253/elige-on-s1mple-csgo-s1mple-was-a-god-and-i-think-hes-very-close-to-that,,ELiGE,Dust2.us,BLAST/Major/2025/Austin
BLAST.tv Austin Major 2025,2025-06-07,"NiKo on the VRS invite system: ""It's definitely not optimal""",https://www.dust2.us/news/62259/niko-on-the-vrs-invite-system-its-definitely-not-optimal,,NiKo,Dust2.us,BLAST/Major/2025/Austin
BLAST.tv Austin Major 2025,2025-06-07,"headtr1ck: ""It feels great that we're kind of the Ukrainian national team here""",https://www.dust2.us/news/62278/headtr1ck-it-feels-great-that-were-kind-of-the-ukrainian-national-team-here,,headtr1ck,Dust2.us,BLAST/Major/2025/Austin
BLAST.tv Austin Major 2025,2025-06-07,"dephh: ""It's on individuals stepping up in their moments when they need to""",https://www.dust2.us/news/62296/dephh-its-on-individuals-stepping-up-in-their-moments-when-they-need-to,,dephh,Dust2.us,BLAST/Major/2025/Austin
BLAST.tv Austin Major 2025,2025-06-08,"Lake on why he didn't play well vs. TYLOO: ""It was more like I was playing CS:GO""",https://www.dust2.us/news/62325/lake-on-why-he-didnt-play-well-vs-tyloo-it-was-more-like-i-was-playing-csgo,,Lake,Dust2.us,BLAST/Major/2025/Austin
BLAST.tv Austin Major 2025,2025-06-08,"C4LLM3SU3 after smashing Falcons: ""Chinese teams are super underestimated""",https://www.dust2.us/news/62322/c4llm3su3-after-smashing-falcons-chinese-teams-are-super-underestimated,,C4LLM3SU3,Dust2.us,BLAST/Major/2025/Austin
BLAST.tv Austin Major 2025,2025-06-08,"dumau plays down controversy with BESTIA: ""People misunderstood what I said""",https://www.dust2.us/news/62326/dumau-plays-down-controversy-with-bestia-people-misunderstood-what-i-said,,dumau,Dust2.us,BLAST/Major/2025/Austin
BLAST.tv Austin Major 2025,2025-06-08,"lux on Legacy's victory over FaZe: ""I've never beat a team of this caliber""",https://www.dust2.us/news/62346/lux-on-legacys-victory-over-faze-ive-never-beat-a-team-of-this-caliber,,lux,Dust2.us,BLAST/Major/2025/Austin
BLAST.tv Austin Major 2025,2025-06-09,"kyxsan on Falcons' early struggles at the Major: ""We didn't come with our heads ready""",https://www.dust2.us/news/62369/kyxsan-on-falcons-early-struggles-at-the-major-we-didnt-come-with-our-heads-ready,,kyxsan,Dust2.us,BLAST/Major/2025/Austin
BLAST.tv Austin Major 2025,2025-06-09,"NiKo: ""We need an undeserved break after such an underperformance here""",https://www.dust2.us/news/62397/niko-we-need-an-undeserved-break-after-such-an-underperformance-here,,NiKo,Dust2.us,BLAST/Major/2025/Austin
BLAST.tv Austin Major 2025,2025-06-10,"biguzera: ""I want to go to playoffs and go for more""",https://www.dust2.us/news/62392/biguzera-i-want-to-go-to-playoffs-and-go-for-more,,biguzera,Dust2.us,BLAST/Major/2025/Austin
BLAST.tv Austin Major 2025,2025-06-10,"s1n on M80's Major performance: ""You could argue this is our true level""",https://www.dust2.us/news/62422/s1n-on-m80s-major-performance-you-could-argue-this-is-our-true-level,,s1n,Dust2.us,BLAST/Major/2025/Austin
BLAST.tv Austin Major 2025,2025-06-10,"sAw ahead of reported move to G2: ""I think HEROIC will be able to have a bright future""",https://www.dust2.us/news/62435/saw-ahead-of-reported-move-to-g2-i-think-heroic-will-be-able-to-have-a-bright-future,,sAw,Dust2.us,BLAST/Major/2025/Austin
BLAST.tv Austin Major 2025,2025-06-10,"EliGE: ""We have it in us to win this Major""",https://www.dust2.us/news/62454/elige-we-have-it-in-us-to-win-this-major,,EliGE,Dust2.us,BLAST/Major/2025/Austin
BLAST.tv Austin Major 2025,2025-06-11,"C4LLM3SU3: ""We're trying to break TYLOO's record in 2018""",https://www.dust2.us/news/62478/c4llm3su3-were-trying-to-break-tyloos-record-in-2018,,C4LLM3SU3,Dust2.us,BLAST/Major/2025/Austin
BLAST.tv Austin Major 2025,2025-06-11,"Ex3rcice on 3DMAX's recovery after IEM Dallas: ""We put in way more effort than we had been before""",https://www.dust2.us/news/62479/ex3rcice-on-3dmaxs-recovery-after-iem-dallas-we-put-in-way-more-effort-than-we-had-been-before,,Ex3rcice,Dust2.us,BLAST/Major/2025/Austin
BLAST.tv Austin Major 2025,2025-06-09,Stort TeSeS-interview,https://www.dust2.dk/nyheder/62269/stort-teses-interview,,TeSeS,Dust2.dk,BLAST/Major/2025/Austin
BLAST.tv Austin Major 2025,2025-06-06,"dgt comenta começo na paiN e avisa: ""Não estamos no Major só para assistir""",https://www.dust2.com.br/noticias/62227/dgt-comenta-comeco-na-pain-e-avisa-nao-estamos-no-major-so-para-assistir,pain,dgt,Dust2.com.br,BLAST/Major/2025/Austin
BLAST.tv Austin Major 2025,2025-06-06,"molodoy brinca com ""molodovers"" e exalta FalleN: ""Uma lenda ao meu lado""",https://www.dust2.com.br/noticias/62238/molodoy-brinca-com-molodovers-e-exalta-fallen-uma-lenda-ao-meu-lado,furia,molodoy,Dust2.com.br,BLAST/Major/2025/Austin
BLAST.tv Austin Major 2025,2025-06-07,"brnz4n estreia em Majors e lembra sticker sem jogar: ""Não foi tão gratificante""",https://www.dust2.com.br/noticias/62257/brnz4n-estreia-em-majors-e-lembra-sticker-sem-jogar-nao-foi-tao-gratificante,mibr,brnz4n,Dust2.com.br,BLAST/Major/2025/Austin
BLAST.tv Austin Major 2025,2025-06-07,"KSCERATO: ""Criamos confiança nesse bootcamp""",https://www.dust2.com.br/noticias/62288/kscerato-criamos-confianca-nesse-bootcamp,furia,KSCERATO,Dust2.com.br,BLAST/Major/2025/Austin
BLAST.tv Austin Major 2025,2025-06-07,Snow projeta clássico contra FURIA,https://www.dust2.com.br/noticias/62292/snow-projeta-classico-contra-furia,pain,Snow,Dust2.com.br,BLAST/Major/2025/Austin
BLAST.tv Austin Major 2025,2025-06-07,"""Nossa confiança não pode abaixar por causa de uma derrota"", diz exit",https://www.dust2.com.br/noticias/62295/nossa-confianca-nao-pode-abaixar-por-causa-de-uma-derrota-diz-exit,mibr,exit,Dust2.com.br,BLAST/Major/2025/Austin
BLAST.tv Austin Major 2025,2025-06-07,"""A maioria das pessoas esqueceu quem realmente é a paiN"", diz biguzera",https://www.dust2.com.br/noticias/62302/a-maioria-das-pessoas-esqueceu-quem-realmente-e-a-pain-diz-biguzera,pain,biguzera,Dust2.com.br,BLAST/Major/2025/Austin
BLAST.tv Austin Major 2025,2025-06-07,"Treinador vê ""crescimento emocional"" na Legacy",https://www.dust2.com.br/noticias/62308/treinador-ve-crescimento-emocional-na-legacy,legacy,chucky,Dust2.com.br,BLAST/Major/2025/Austin
BLAST.tv Austin Major 2025,2025-06-07,"jnt aponta erros do MIBR no Major: ""O problema fomos nós, não os adversários""",https://www.dust2.com.br/noticias/62313/jnt-aponta-erros-do-mibr-no-major-o-problema-fomos-nos-nao-os-adversarios,mibr,jnt,Dust2.com.br,BLAST/Major/2025/Austin
BLAST.tv Austin Major 2025,2025-06-08,"latto explica energia da Legacy: ""Todos estão apaixonados pelo jogo""",https://www.dust2.com.br/noticias/62343/latto-explica-energia-da-legacy-todos-estao-apaixonados-pelo-jogo,legacy,latto,Dust2.com.br,BLAST/Major/2025/Austin
BLAST.tv Austin Major 2025,2025-06-08,"nqz espera ""partida divertida"" contra a Lynn Vision: ""Frenéticos""",https://www.dust2.com.br/noticias/62353/nqz-espera-partida-divertida-contra-a-lynn-vision-freneticos,pain,nqz,Dust2.com.br,BLAST/Major/2025/Austin
BLAST.tv Austin Major 2025,2025-06-08,"Lucaozy: ""Estou tentando me reencontrar, não acho que estou jogando bem""",https://www.dust2.com.br/noticias/62354/lucaozy-estou-tentando-me-reencontrar-nao-acho-que-estou-jogando-bem,mibr,Lucaozy,Dust2.com.br,BLAST/Major/2025/Austin
BLAST.tv Austin Major 2025,2025-06-09,"YEKINDAR fala sobre mentalidade da FURIA, mágica do Major e chance de permanência",https://www.dust2.com.br/noticias/62366/yekindar-fala-sobre-mentalidade-da-furia-magica-do-major-e-chance-de-permanencia,furia,YEKINDAR,Dust2.com.br,BLAST/Major/2025/Austin
BLAST.tv Austin Major 2025,2025-06-09,"dav1deuS: ""Sou bom de mira e não estava conseguindo fazer minha função""",https://www.dust2.com.br/noticias/62383/dav1deus-sou-bom-de-mira-e-nao-estava-conseguindo-fazer-minha-funcao,pain,dav1deuS,Dust2.com.br,BLAST/Major/2025/Austin
BLAST.tv Austin Major 2025,2025-06-09,"FalleN sobre trocas: ""Minha motivação veio do fato de que quero ser campeão""",https://www.dust2.com.br/noticias/62398/fallen-sobre-trocas-minha-motivacao-veio-do-fato-de-que-quero-ser-campeao,furia,FalleN,Dust2.com.br,BLAST/Major/2025/Austin
BLAST.tv Austin Major 2025,2025-06-10,saffee pede confiança e calma para MIBR em dia decisivo,https://www.dust2.com.br/noticias/62400/saffee-pede-confianca-e-calma-para-mibr-em-dia-decisivo,mibr,saffee,Dust2.com.br,BLAST/Major/2025/Austin
BLAST.tv Austin Major 2025,2025-06-10,EmiliaQAQ explica motivo de comemorações e comenta apoio do Brasil,https://www.dust2.com.br/noticias/62446/emiliaqaq-explica-motivo-de-comemoracoes-e-comenta-apoio-do-brasil,lvg,EmiliaQAQ,Dust2.com.br,BLAST/Major/2025/Austin
BLAST.tv Austin Major 2025,2025-06-10,"insani sobre semestre do MIBR: ""Ficamos naquela angústia de não elevar o nível""",https://www.dust2.com.br/noticias/62457/insani-sobre-semestre-do-mibr-ficamos-naquela-angustia-de-nao-elevar-o-nivel,mibr,insani,Dust2.com.br,BLAST/Major/2025/Austin
BLAST.tv Austin Major 2025,2025-06-07,"esenthial on Victory Over Falcons: ""We Just Outplayed Them""",https://bo3.gg/news/exclusive-esenthial-on-the-victory-over-falcons-we-just-outplayed-them,,esenthial,bo3.gg,BLAST/Major/2025/Austin
BLAST.tv Austin Major 2025,2025-06-09,"xfl0ud after won TYLOO: ""They are the best team in the tournament in terms of shooting""",https://bo3.gg/news/exclusive-xfl0ud-after-won-tyloo-they-are-the-best-team-in-the-tournament-in-terms-of-shooting,,xfl0ud,bo3.gg,BLAST/Major/2025/Austin
BLAST.tv Austin Major 2025,2025-06-06,"frozen on FaZe’s Austin Major chances: “With the players we have, anyone can pop off at any time”",https://www.hotspawn.com/counter-strike/news/frozen-blast-austin-major-2025-interview,faze,frozen,Hotspawn,BLAST/Major/2025/Austin
BLAST.tv Austin Major 2025,2025-06-07,"LNZ after FaZe bashing: ""They owned us""",https://youtu.be/0G03ER4uPEc,heroic,LNZ,Pley.gg,BLAST/Major/2025/Austin
BLAST.tv Austin Major 2025,2025-06-07,"karrigan after going 2-0: ""I am happy that we are playing in this stage""",https://youtu.be/XN3egjuwI_A,faze,karrigan,Pley.gg,BLAST/Major/2025/Austin
BLAST.tv Austin Major 2025,2025-06-07,"snow on beating Fallen: ""He is my inspiration""",https://youtu.be/Vr4o8OFo05k,pain,snow,Pley.gg,BLAST/Major/2025/Austin
BLAST.tv Austin Major 2025,2025-06-08,"FalleN on Falcons going 0-2: ""I'm not surprised""",https://youtu.be/oceZsWnIyBk,furia,FalleN,Pley.gg,BLAST/Major/2025/Austin
BLAST.tv Austin Major 2025,2025-06-08,"EmiliaQAQ after beating TYLOO: ""I'm not so happy, I hope every Chinese team can go forward""",https://youtu.be/XJ7I4U-F5TM,lvg,EmiliaQAQ,Pley.gg,BLAST/Major/2025/Austin
BLAST.tv Austin Major 2025,2025-06-09,“They’re humans too”: dumau on upsetting s1mple and FaZe,https://youtu.be/-jALDo2eL0M,legacy,dumau,Pley.gg,BLAST/Major/2025/Austin
BLAST.tv Austin Major 2025,2025-06-09,fame: “We’re not a stable team”,https://youtu.be/_rKm9tM9Q_4,vp,fame,Pley.gg,BLAST/Major/2025/Austin
BLAST.tv Austin Major 2025,2025-06-09,"1eer: ""Trash-talking gives me and the team more power”",https://youtu.be/SzUXXkibi_8,nemiga,1eer,Pley.gg,BLAST/Major/2025/Austin
BLAST.tv Austin Major 2025,2025-06-09,M80 captain after exit: “We got clapped”,https://youtu.be/Duse1cxyGTk,m80,s1n,Pley.gg,BLAST/Major/2025/Austin
BLAST.tv Austin Major 2025,2025-06-09,TeSeS after Major exit: “Things outside the server maybe affected us”,https://youtu.be/AnyPKMiKMyA,falcons,TeSeS,Pley.gg,BLAST/Major/2025/Austin
BLAST.tv Austin Major 2025,2025-06-10,"yxngstxr⁠ on SunPayus and sAw leaving: “It’s sad, but no hard feelings”",https://youtu.be/26PCfQqKSOM,heroic,yxngstxr,Pley.gg,BLAST/Major/2025/Austin
BLAST.tv Austin Major 2025,2025-06-10,SunPayus: We were not there mentally,https://youtu.be/FwXJBL5nhus,heroic,SunPayus,Pley.gg,BLAST/Major/2025/Austin
BLAST.tv Austin Major 2025,2025-06-10,Joyous khaN after HEROIC-win: It's priceless,https://youtu.be/0xxdnIEhD-U,nemiga,khaN,Pley.gg,BLAST/Major/2025/Austin
BLAST.tv Austin Major 2025,2025-06-10,"rain on s1mple: Everyone thinks he is toxic, but he just wants to win",https://youtu.be/0CN4Ajd-Mdw,faze,rain,Pley.gg,BLAST/Major/2025/Austin
BLAST.tv Austin Major 2025,2025-06-10,"insani: ""We can’t be scared of anyone if we want to be a top-tier team""",https://youtu.be/3oInAHwSDZs,mibr,insani,Pley.gg,BLAST/Major/2025/Austin
BLAST.tv Austin Major 2025,2025-06-11,"apEX: ""We're coming to the Major as one of the biggest favorites, or the biggest favorites ever, that's not easy""",https://www.hltv.org/n/41932,,apEX,HLTV,BLAST/Major/2025/Austin
BLAST.tv Austin Major 2025,2025-06-11,"ultimate: ""I was overthinking too much, this caused my individual performance <nowiki>[</nowiki>to drop<nowiki>]</nowiki>""",https://www.hltv.org/n/41933,,ultimate,HLTV,BLAST/Major/2025/Austin
BLAST.tv Austin Major 2025,2025-06-12,"malbsMd: ""I feel like I'm starting to enjoy the game again""",https://www.hltv.org/n/41936,,malbsMd,HLTV,BLAST/Major/2025/Austin
BLAST.tv Austin Major 2025,2025-06-12,"torzsi: ""Practice before the Major was not the greatest""",https://www.hltv.org/n/41935,,torzsi,HLTV,BLAST/Major/2025/Austin
BLAST.tv Austin Major 2025,2025-06-12,"B1ad3: ""I want to have the belief we can beat Vitality one out of ten times; it's fine because then I know we have a chance""",https://www.hltv.org/n/41939,,B1ad3,HLTV,BLAST/Major/2025/Austin
BLAST.tv Austin Major 2025,2025-06-12,"sh1ro: ""Only the game will show if we have improved or not, because you can't play this game without mistakes""",https://www.hltv.org/n/41938,,sh1ro,HLTV,BLAST/Major/2025/Austin
BLAST.tv Austin Major 2025,2025-06-12,"lux: ""apEX told us in Dallas not to pick Inferno against them, and we were like, 'We will pick it again, man, be careful'""",https://www.hltv.org/n/41944,,lux,HLTV,BLAST/Major/2025/Austin
BLAST.tv Austin Major 2025,2025-06-12,"YEKINDAR: ""We showed character, we showed resilience, we showed a great game""",https://www.hltv.org/n/41946,,YEKINDAR,HLTV,BLAST/Major/2025/Austin
BLAST.tv Austin Major 2025,2025-06-13,"huNter-: ""It's a crazy feeling that six months ago we were favorites to win Shanghai, now we're not even close""",https://www.hltv.org/n/41953,,huNter-,HLTV,BLAST/Major/2025/Austin
BLAST.tv Austin Major 2025,2025-06-13,"flameZ: ""We felt like we had to celebrate that winstreak even though we lost""",https://www.hltv.org/n/41951,,flameZ,HLTV,BLAST/Major/2025/Austin
BLAST.tv Austin Major 2025,2025-06-13,"rain on playing with s1mple: ""It's still going to be 'FaZe style.' There are going to be a lot of mistakes, but he has to get used to it""",https://www.hltv.org/n/41952,,rain,HLTV,BLAST/Major/2025/Austin
BLAST.tv Austin Major 2025,2025-06-13,"KSCERATO: ""We finally did it. It was a really tough journey since the Rio Major""",https://www.hltv.org/n/41961,,KSCERATO,HLTV,BLAST/Major/2025/Austin
BLAST.tv Austin Major 2025,2025-06-13,"Jimpphat: ""I want to play the CS we are known for, and show these not-so-good teams that we are actually here to destroy them""",https://www.hltv.org/n/41965,,Jimpphat,HLTV,BLAST/Major/2025/Austin
BLAST.tv Austin Major 2025,2025-06-13,"NertZ: ""To not be in front of the home crowd is heartbreaking""",https://www.hltv.org/n/41964,,NertZ,HLTV,BLAST/Major/2025/Austin
BLAST.tv Austin Major 2025,2025-06-14,"Maka: ""We should have improved between <nowiki>[</nowiki>Majors<nowiki>]</nowiki>, and I don't think we improved a lot""",https://www.hltv.org/n/41970,,Maka,HLTV,BLAST/Major/2025/Austin
BLAST.tv Austin Major 2025,2025-06-14,"EliGE: ""The aura of the team is incredible, everyone is going crazy. This Major has been so fun""",https://www.hltv.org/n/41973,,ELiGE,HLTV,BLAST/Major/2025/Austin
BLAST.tv Austin Major 2025,2025-06-15,"C4LLM3SU3: ""I definitely expect us to do better and better""",https://www.hltv.org/n/41969,,C4llM3SU3,HLTV,BLAST/Major/2025/Austin
BLAST.tv Austin Major 2025,2025-06-15,"MAJ3R: ""Every tournament this year we had made playoffs, so the minimum here was playoffs""",https://www.hltv.org/n/41975,,MAJ3R,HLTV,BLAST/Major/2025/Austin
BLAST.tv Austin Major 2025,2025-06-15,"iM: ""We worked a lot on our communication and how we speak whenever some shit happens""",https://www.hltv.org/n/41978,,iM,HLTV,BLAST/Major/2025/Austin
BLAST.tv Austin Major 2025,2025-06-15,"Brollan: ""There was just a lack of ideas from everyone""",https://www.hltv.org/n/41980,,Brollan,HLTV,BLAST/Major/2025/Austin
BLAST.tv Austin Major 2025,2025-06-16,"dumau: ""Losing today was not really a loss because we could see we could go much further""",https://www.hltv.org/n/41981,,dumau,HLTV,BLAST/Major/2025/Austin
BLAST.tv Austin Major 2025,2025-06-16,"biguzera on making Major playoffs: ""I'm just wondering if it's a dream or not""",https://www.hltv.org/n/41985,,biguzera,HLTV,BLAST/Major/2025/Austin
BLAST.tv Austin Major 2025,2025-05-26,"NAF: ""After the Major decisions will be made within Liquid if they want to keep going with this lineup""",https://blast.tv/cs/news/naf-after-the-major-decisions-will-be-made,,NAF,BLAST,BLAST/Major/2025/Austin
BLAST.tv Austin Major 2025,2025-05-31,"donk: ""Experts and talking heads can say everything they want but we don't give a shit about them""",https://blast.tv/cs/news/donk-experts-can-say-what-they-want,,donk,BLAST,BLAST/Major/2025/Austin
BLAST.tv Austin Major 2025,2025-06-11,"woxic: ""People can get frustrated because there's crowds and they might cheer for the other team""",https://blast.tv/cs/news/woxic-people-get-frustrated-because-theres-crowds,,woxic,BLAST,BLAST/Major/2025/Austin
BLAST.tv Austin Major 2025,2025-06-11,"jL: ""Our understanding of the game is below the top teams""",https://blast.tv/cs/news/jl-our-understanding-is-below-the-top-teams,,jL,BLAST,BLAST/Major/2025/Austin
BLAST.tv Austin Major 2025,2025-06-13,"FalleN: ""The Major magic is always there""",https://blast.tv/cs/news/fallen-the-major-magic-is-always-there,,FalleN,BLAST,BLAST/Major/2025/Austin
BLAST.tv Austin Major 2025,2025-06-13,"NAF: ""I honestly don't know if I'll be on the team after this event""",https://blast.tv/cs/news/naf-i-dont-know-if-ill-be-on-the-team-after-this-event,,NAF,BLAST,BLAST/Major/2025/Austin
BLAST.tv Austin Major 2025,2025-06-15,"NEO: ""We can at least make the final""",https://blast.tv/cs/news/neo-we-can-at-least-make-the-final,,NEO,BLAST,BLAST/Major/2025/Austin
BLAST.tv Austin Major 2025,2025-06-16,"snow: ""I will try my best to be the loudest person in the arena""",https://blast.tv/cs/news/snow-i-will-try-my-best-to-be-the-loudest-person-in-the-arena,,snow,BLAST,BLAST/Major/2025/Austin
BLAST.tv Austin Major 2025,2025-06-11,"malbsMd: ""We just need to enjoy the game, enjoy the Major, and try to be ourselves""",https://www.dust2.us/news/62482/malbsmd-we-just-need-to-enjoy-the-game-enjoy-the-major-and-try-to-be-ourselves,,malbsMd,Dust2.us,BLAST/Major/2025/Austin
BLAST.tv Austin Major 2025,2025-06-12,"MAJ3R on finding playoff form: ""Matches on the stage and matches in the studio are completely different""",https://www.dust2.us/news/62522/maj3r-on-finding-playoff-form-matches-on-the-stage-and-matches-in-the-studio-are-completely-different,,MAJ3R,Dust2.us,BLAST/Major/2025/Austin
BLAST.tv Austin Major 2025,2025-06-12,"dumau after thrashing Vitality: ""We respect them, but at the end of the day, we are all humans""",https://www.dust2.us/news/62520/dumau-after-thrashing-vitality-we-respect-them-but-at-the-end-of-the-day-we-are-all-humans,,dumau,Dust2.us,BLAST/Major/2025/Austin
BLAST.tv Austin Major 2025,2025-06-13,"NertZ: ""We're trying to figure out how we can make everyone happy""",https://www.dust2.us/news/62580/nertz-were-trying-to-figure-out-how-we-can-make-everyone-happy,,NertZ,Dust2.us,BLAST/Major/2025/Austin
BLAST.tv Austin Major 2025,2025-06-13,"EliGE: ""We're just getting started""",https://www.dust2.us/news/62581/elige-were-just-getting-started,,EliGE,Dust2.us,BLAST/Major/2025/Austin
BLAST.tv Austin Major 2025,2025-06-13,"ropz on the end of Vitality's win streak: ""To be honest we don't care""",https://www.dust2.us/news/62584/ropz-on-the-end-of-vitalitys-win-streak-to-be-honest-we-dont-care,,ropz,Dust2.us,BLAST/Major/2025/Austin
BLAST.tv Austin Major 2025,2025-06-13,"YEKINDAR: ""I feel like at the very end of Liquid because my form dropped there was less trust in me""",https://www.dust2.us/news/62598/yekindar-i-feel-like-at-the-very-end-of-liquid-because-my-form-dropped-there-was-less-trust-in-me,,YEKINDAR,Dust2.us,BLAST/Major/2025/Austin
BLAST.tv Austin Major 2025,2025-06-13,"siuhy: ""Maybe we rushed a few things, maybe we skipped a few steps that we shouldn't have skipped""",https://www.dust2.us/news/62607/siuhy-maybe-we-rushed-a-few-things-maybe-we-skipped-a-few-steps-that-we-shouldnt-have-skipped,,siuhy,Dust2.us,BLAST/Major/2025/Austin
BLAST.tv Austin Major 2025,2025-06-14,"s1mple: ""I'm so thankful to FaZe Clan and all the players that they gave me this chance""",https://www.dust2.us/news/62643/s1mple-im-so-thankful-to-faze-clan-and-all-the-players-that-they-gave-me-this-chance,,s1mple,Dust2.us,BLAST/Major/2025/Austin
BLAST.tv Austin Major 2025,2025-06-14,"snow: ""This is my dream to put Brazil on top and I will work so much to do this""",https://www.dust2.us/news/62646/snow-this-is-my-dream-to-put-brazil-on-top-and-i-will-work-so-much-to-do-this,,snow,Dust2.us,BLAST/Major/2025/Austin
BLAST.tv Austin Major 2025,2025-06-15,"xertioN: ""In terms of the actual CS it's been pretty awful to be honest""",https://www.dust2.us/news/62687/xertion-in-terms-of-the-actual-cs-its-been-pretty-awful-to-be-honest,,xertioN,Dust2.us,BLAST/Major/2025/Austin
BLAST.tv Austin Major 2025,2025-06-17,"flameZ: ""We said to ourselves it doesn't matter how we make playoffs""",https://www.dust2.us/news/62709/flamez-we-said-to-ourselves-it-doesnt-matter-how-we-make-playoffs,,flameZ,Dust2.us,BLAST/Major/2025/Austin
BLAST.tv Austin Major 2025,2025-06-17,"nqz: ""I'm really hyped up to play against FURIA""",https://www.dust2.us/news/62738/nqz-im-really-hyped-up-to-play-against-furia,,nqz,Dust2.us,BLAST/Major/2025/Austin
BLAST.tv Austin Major 2025,2025-06-11,ZywOo não se vê no auge e diz não se importar com invencibilidade e MVPs,https://www.dust2.com.br/noticias/62486/zywoo-nao-se-ve-no-auge-e-diz-nao-se-importar-com-invencibilidade-e-mvps,vit,ZywOo,Dust2.com.br,BLAST/Major/2025/Austin
BLAST.tv Austin Major 2025,2025-06-12,"saadzin explica vitória e duelo com ZywOo: ""Assisto todas as demos dele""",https://www.dust2.com.br/noticias/62513/saadzin-explica-vitoria-e-duelo-com-zywoo-assisto-todas-as-demos-dele,legacy,saadzin,Dust2.com.br,BLAST/Major/2025/Austin
BLAST.tv Austin Major 2025,2025-06-12,yuurih comenta quebra de tabu contra MongolZ,https://www.dust2.com.br/noticias/62533/yuurih-comenta-quebra-de-tabu-contra-mongolz,furia,yuurih,Dust2.com.br,BLAST/Major/2025/Austin
BLAST.tv Austin Major 2025,2025-06-12,"sidde comemora 2-0, mas alerta: ""O trabalho não está nem perto de estar feito""",https://www.dust2.com.br/noticias/62547/sidde-comemora-2-0-mas-alerta-o-trabalho-nao-esta-nem-perto-de-estar-feito,furia,sidde,Dust2.com.br,BLAST/Major/2025/Austin
BLAST.tv Austin Major 2025,2025-06-12,"rikz destaca falta de proatividade e coletividade: ""A paiN nunca jogou assim""",https://www.dust2.com.br/noticias/62552/rikz-destaca-falta-de-proatividade-e-coletividade-a-pain-nunca-jogou-assim,pain,rikz,Dust2.com.br,BLAST/Major/2025/Austin
BLAST.tv Austin Major 2025,2025-06-13,karrigan diz que FaZe tinha subestimado Legacy e explica origem da ambulância,https://www.dust2.com.br/noticias/62586/karrigan-diz-que-faze-tinha-subestimado-legacy-e-explica-origem-da-ambulancia,faze,karrigan,Dust2.com.br,BLAST/Major/2025/Austin
BLAST.tv Austin Major 2025,2025-06-13,"FalleN: ""A lua de mel já passou, o time é realmente muito bom""",https://www.dust2.com.br/noticias/62596/fallen-a-lua-de-mel-ja-passou-o-time-e-realmente-muito-bom,,FalleN,Dust2.com.br,BLAST/Major/2025/Austin
BLAST.tv Austin Major 2025,2025-06-13,"Snow: ""A paiN do 1º dia do Stage 3 não vai mais acontecer""",https://www.dust2.com.br/noticias/62604/snow-a-pain-do-1-dia-do-stage-3-nao-vai-mais-acontecer,pain,snow,Dust2.com.br,BLAST/Major/2025/Austin
BLAST.tv Austin Major 2025,2025-06-14,"Com liberdade e voz, nqz comemora desempenho no Major",https://www.dust2.com.br/noticias/62641/com-liberdade-e-voz-nqz-comemora-desempenho-no-major,pain,nqz,Dust2.com.br,BLAST/Major/2025/Austin
BLAST.tv Austin Major 2025,2025-06-14,lux diz que Legacy se inspirou em Federer para virada,https://www.dust2.com.br/noticias/62644/lux-diz-que-legacy-se-inspirou-em-federer-para-virada,,lux,Dust2.com.br,BLAST/Major/2025/Austin
BLAST.tv Austin Major 2025,2025-06-15,"dumau: ""Não podemos abaixar a cabeça e sair como cachorrinhos""",https://www.dust2.com.br/noticias/62680/dumau-nao-podemos-abaixar-a-cabeca-e-sair-como-cachorrinhos,,dumau,Dust2.com.br,BLAST/Major/2025/Austin
BLAST.tv Austin Major 2025,2025-06-16,"Razão, sacrifício e sal grosso: biguzera explica trajetória da paiN aos playoffs",https://www.dust2.com.br/noticias/62693/razao-sacrificio-e-sal-grosso-biguzera-explica-trajetoria-da-pain-aos-playoffs,,biguzera,Dust2.com.br,BLAST/Major/2025/Austin
BLAST.tv Austin Major 2025,2025-06-11,apEX: “I hope Valve changes the format for the next Major”,https://youtu.be/FiLJQ5X7C4c,vit,apEX,Pley.gg,BLAST/Major/2025/Austin
BLAST.tv Austin Major 2025,2025-06-11,Magixx: “kyousuke will dominate ZywOo”,https://youtu.be/Vr0svJAnZik,spirit,magixx,Pley.gg,BLAST/Major/2025/Austin
BLAST.tv Austin Major 2025,2025-06-11,NAF on his role in Liquid: “Maybe it’s getting to a point where it’s a bit exhausting”,https://youtu.be/GNZ0-dY5Y8w,tl,NAF,Pley.gg,BLAST/Major/2025/Austin
BLAST.tv Austin Major 2025,2025-06-12,“We’re back being the underdogs”: Aleksib one year after NAVI's Major title,https://youtu.be/tZVutgvWIWo,navi,Aleksib,Pley.gg,BLAST/Major/2025/Austin
BLAST.tv Austin Major 2025,2025-06-12,"huNter: “I’m sorry NiKo lost, but it’s great we won’t face them here”",https://youtu.be/ocvhY4rB8xQ,g2,huNter-,Pley.gg,BLAST/Major/2025/Austin
BLAST.tv Austin Major 2025,2025-06-12,XANTARES: “Chinese teams have played insane CS”,https://youtu.be/ioRAgP6bOaQ,aurora,XANTARES,Pley.gg,BLAST/Major/2025/Austin
BLAST.tv Austin Major 2025,2025-06-12,Brollan: “There’s a lot of energy in the team”,https://youtu.be/ph7daD6qThk,mouz,Brollan,Pley.gg,BLAST/Major/2025/Austin
BLAST.tv Austin Major 2025,2025-06-12,b1ad3: “It’s 100% an advantage starting in Stage 1”,https://youtu.be/vTGnjbYit4Q,navi,B1ad3,Pley.gg,BLAST/Major/2025/Austin
BLAST.tv Austin Major 2025,2025-06-13,"bodyy is freezing in Austin: “Fuck the AC, we’re all getting sick”",https://youtu.be/ek7dvryOggM,3dmax,bodyy,Pley.gg,BLAST/Major/2025/Austin
BLAST.tv Austin Major 2025,2025-06-13,"EliGE on s1mple: “We’re now seeing how many sick clips he can make""",https://youtu.be/iickshv7k4g,faze,EliGE,Pley.gg,BLAST/Major/2025/Austin
BLAST.tv Austin Major 2025,2025-06-13,yuurih: “YEKINDAR is the best thing that has happened to us”,https://youtu.be/7N11w64KGM0,furia,yuurih,Pley.gg,BLAST/Major/2025/Austin
BLAST.tv Austin Major 2025,2025-06-13,"mzinho: “We’ve been practising in USA for two weeks, so we’re ready”",https://youtu.be/3nwKiDdGlkY,mongolz,mzinho,Pley.gg,BLAST/Major/2025/Austin
BLAST.tv Austin Major 2025,2025-06-13,KSCERATO: “I expect the US fans to create a loud arena”,https://youtu.be/CKKU10Amb44,,KSCERATO,Pley.gg,BLAST/Major/2025/Austin
BLAST.tv Austin Major 2025,2025-06-14,xertioN after Liquid-thriller: “It gave us a reality check going 0-2”,https://youtu.be/VaXU35LWfQw,,xertioN,Pley.gg,BLAST/Major/2025/Austin
BLAST.tv Austin Major 2025,2025-06-14,dumau on getting BESTIA’s spot: “We were almost on vacation”,https://youtu.be/3nZ3a-iat_Y,,dumau,Pley.gg,BLAST/Major/2025/Austin
BLAST.tv Austin Major 2025,2025-06-14,"EliGE after securing playoff: ""We have a super good shot of winning the Major""",https://youtu.be/16FnnrBLCuQ,,ELiGE,Pley.gg,BLAST/Major/2025/Austin
BLAST.tv Austin Major 2025,2025-06-14,nqz and paiN fight for playoffs: “Job’s not done yet”,https://youtu.be/FNC_z52wxfA,,nqz,Pley.gg,BLAST/Major/2025/Austin
BLAST.tv Austin Major 2025,2025-06-14,Aurora IGL: We have to fix our map pool,https://youtu.be/ggpDmDidF2Q,,MAJ3R,Pley.gg,BLAST/Major/2025/Austin
BLAST.tv Austin Major 2025,2025-06-15,"iM on Inferno: ""It's the same shit over and over again""",https://youtu.be/IUhXNKqnZwo,,iM,Pley.gg,BLAST/Major/2025/Austin
BLAST.tv Austin Major 2025,2025-06-15,mezii: “s1mple says he looks forward playing us; it’s the same for us”,https://youtu.be/lYzyuI6Eooc,,mezii,Pley.gg,BLAST/Major/2025/Austin
BLAST.tv Austin Major 2025,2025-06-15,Spinx on making playoffs: “You can never count us out”,https://youtu.be/3SdVKcByDzw,,Spinx,Pley.gg,BLAST/Major/2025/Austin
BLAST.tv Austin Major 2025,2025-06-15,TaZ reacts to G2 departure and Major exit,https://youtu.be/i80lr71g_bE,,TaZ,Pley.gg,BLAST/Major/2025/Austin
BLAST.tv Austin Major 2025,2025-06-15,biguzera: We are proud to represent the whole of South America in the playoffs,https://youtu.be/daJ6x8GjWqI,,biguzera,Pley.gg,BLAST/Major/2025/Austin
BLAST.tv Austin Major 2025,2025-06-17,dupreeh on Falcons changes: “Magisk has been in a hard situation”,https://youtu.be/OKW9fLB0ui8,,dupreeh,Pley.gg,BLAST/Major/2025/Austin
BLAST.tv Austin Major 2025,2025-06-12,“We are hungry for the trophy”: MOUZ xertioN discusses Austin Major ambitions,https://esportsinsider.com/2025/06/mouz-xertion-blast-austin-major-interview,mouz,xertioN,Esports Insider,BLAST/Major/2025/Austin
BLAST.tv Austin Major 2025,2025-06-12,“Maybe we won’t throw the Major”: G2 Hades talks about Austin Major chances,https://esportsinsider.com/2025/06/g2-esports-hades-blast-austin-major-interview,g2,hades,Esports Insider,BLAST/Major/2025/Austin
BLAST.tv Austin Major 2025,2025-06-19,"Jimpphat: ""We are not the same group stage merchants that we used to be""",https://www.hltv.org/n/42013,,Jimpphat,HLTV,BLAST/Major/2025/Austin
BLAST.tv Austin Major 2025,2025-06-19,"chopper: ""It was a tough season for us""",https://www.hltv.org/n/42012,,chopper,HLTV,BLAST/Major/2025/Austin
BLAST.tv Austin Major 2025,2025-06-20,"nqz: ""I would be lying if I said I don't <nowiki>[</nowiki>feel pressure<nowiki>]</nowiki>. It was so different for me to see all those people and be in a Major playoffs""",https://www.hltv.org/n/42015,,nqz,HLTV,BLAST/Major/2025/Austin
BLAST.tv Austin Major 2025,2025-06-20,"B1ad3: ""Even if we remove somebody, it won't be because he let us down""",https://www.hltv.org/n/42019,,B1ad3,HLTV,BLAST/Major/2025/Austin
BLAST.tv Austin Major 2025,2025-06-20,"mezii: ""MOUZ said in multiple interviews that they're ready to beat us, now it's time to show it""",https://www.hltv.org/n/42020,,mezii,HLTV,BLAST/Major/2025/Austin
BLAST.tv Austin Major 2025,2025-06-20,"frozen: ""It was one of the best crowds I've played in front of; It kind of sucks to go out this way""",https://www.hltv.org/n/42023,,frozen,HLTV,BLAST/Major/2025/Austin
BLAST.tv Austin Major 2025,2025-06-21,"torzsi: ""I feel like we're the second best team this season""",https://www.hltv.org/n/42028,,torzsi,HLTV,BLAST/Major/2025/Austin
BLAST.tv Austin Major 2025,2025-06-21,"Techno on facing Vitality in the final: ""It's revenge time""",https://www.hltv.org/n/42031,,Techno4K,HLTV,BLAST/Major/2025/Austin
BLAST.tv Austin Major 2025,2025-06-21,"ropz on losing his last two Major finals: ""I told the guys, 'If we lose, let's not do it in the final'""",https://www.hltv.org/n/42029,,ropz,HLTV,BLAST/Major/2025/Austin
BLAST.tv Austin Major 2025,2025-06-22,"ZywOo: ""Even though we have seven trophies, we won't stop""",https://www.hltv.org/n/42038,,ZywOo,HLTV,BLAST/Major/2025/Austin
BLAST.tv Austin Major 2025,2025-06-23,"dgt: ""We'll find the positives, but it's just hard to see them right now""",https://www.hltv.org/n/42032,,dgt,HLTV,BLAST/Major/2025/Austin
BLAST.tv Austin Major 2025,2025-06-19,"Brollan: ""We really feel confident against <nowiki>[</nowiki>Spirit<nowiki>]</nowiki>, especially donk""",https://blast.tv/cs/news/brollan-we-feel-really-confident-against-spirit,,Brollan,BLAST,BLAST/Major/2025/Austin
BLAST.tv Austin Major 2025,2025-06-26,"mezii: ""ZywOo is the GOAT""",https://blast.tv/cs/news/mezii-zywoo-is-the-goat,,mezii,BLAST,BLAST/Major/2025/Austin
BLAST.tv Austin Major 2025,2025-06-18,"YEKINDAR: ""For paiN, it's a great opportunity to go at the godfather of Brazilian CS""",https://www.dust2.us/news/62769/yekindar-for-pain-its-a-great-opportunity-to-go-at-the-godfather-of-brazilian-cs,,YEKINDAR,Dust2.us,BLAST/Major/2025/Austin
BLAST.tv Austin Major 2025,2025-06-18,"biguzera: ""I really feel that the Brazilian team that beats the other will be in the Major final""",http://dust2.us/news/62773/biguzera-i-really-feel-that-the-brazilian-team-that-beats-the-other-will-be-in-the-major-final,,biguzera,Dust2.us,BLAST/Major/2025/Austin
BLAST.tv Austin Major 2025,2025-06-18,"apEX: ""dupreeh and I are tied at 32 trophies, getting to 33 at a Major would be wonderful""",https://www.dust2.us/news/62780/apex-dupreeh-and-i-are-tied-at-32-trophies-getting-to-33-at-a-major-would-be-wonderful,,apEX,Dust2.us,BLAST/Major/2025/Austin
BLAST.tv Austin Major 2025,2025-06-18,"magixx: ""MOUZ are still among the top three teams in the world""",https://www.dust2.us/news/62783/magixx-mouz-are-still-among-the-top-three-teams-in-the-world,,magixx,Dust2.us,BLAST/Major/2025/Austin
BLAST.tv Austin Major 2025,2025-06-19,"torzsi: ""There's no special preparation versus donk or sh1ro. We just treat them as any other team""",https://www.dust2.us/news/62778/torzsi-theres-no-special-preparation-versus-donk-or-sh1ro-we-just-treat-them-as-any-other-team,,torzsi,Dust2.us,BLAST/Major/2025/Austin
BLAST.tv Austin Major 2025,2025-06-19,"jL: ""Vitality are not an unbeatable team""",https://www.dust2.us/news/62770/jl-vitality-are-not-an-unbeatable-team,,jL,Dust2.us,BLAST/Major/2025/Austin
BLAST.tv Austin Major 2025,2025-06-19,"karrigan: ""I think the players were really open-minded to what s1mple brings to the table""",https://www.dust2.us/news/62782/karrigan-i-think-the-players-were-really-open-minded-to-what-s1mple-brings-to-the-table,,karrigan,Dust2.us,BLAST/Major/2025/Austin
BLAST.tv Austin Major 2025,2025-06-20,"snow: ""It means a lot for me to beat FalleN. He's my idol""",https://www.dust2.us/news/62837/snow-it-means-a-lot-for-me-to-beat-fallen-hes-my-idol,,snow,Dust2.us,BLAST/Major/2025/Austin
BLAST.tv Austin Major 2025,2025-06-20,"Spinx after his incredible match vs. Spirit: ""Whoever we face, I can shoot well""",https://www.dust2.us/news/62835/spinx-after-his-incredible-match-vs-spirit-whoever-we-face-i-can-shoot-well,,Spinx,Dust2.us,BLAST/Major/2025/Austin
BLAST.tv Austin Major 2025,2025-06-21,"XTQZZZ: ""Not happy to be in the finals because the only goal for us is to win the Major""",https://www.dust2.us/news/62887/xtqzzz-not-happy-to-be-in-the-finals-because-the-only-goal-for-us-is-to-win-the-major,,XTQZZZ,Dust2.us,BLAST/Major/2025/Austin
BLAST.tv Austin Major 2025,2025-06-21,"mzinho: ""If we win the whole Major Mongolia will go crazy""",https://www.dust2.us/news/62891/mzinho-if-we-win-the-whole-major-mongolia-will-go-crazy,,mzinho,Dust2.us,BLAST/Major/2025/Austin
BLAST.tv Austin Major 2025,2025-06-22,"apEX: ""I never dreamed to have such a crazy season and we did it""",https://www.dust2.us/news/62937/apex-i-never-dreamed-to-have-such-a-crazy-season-and-we-did-it,,apEX,Dust2.us,BLAST/Major/2025/Austin
BLAST.tv Austin Major 2025,2025-06-22,"Skadoodle: ""Of course I'd come back and play; Counter-Strike's always an opportunity""",https://www.dust2.us/news/62938/skadoodle-of-course-id-come-back-and-play-counter-strikes-always-an-opportunity,,Skadoodle,Dust2.us,BLAST/Major/2025/Austin
BLAST.tv Austin Major 2025,2025-06-23,"XTQZZZ: ""It's seven trophies, but we can make history for sure""",https://www.dust2.us/news/62971/xtqzzz-its-seven-trophies-but-we-can-make-history-for-sure,,XTQZZZ,Dust2.us,BLAST/Major/2025/Austin
BLAST.tv Austin Major 2025,2025-06-23,"n0thing: ""Owners would laugh if you told them you wanted to start a CS team""",https://www.dust2.us/news/62965/n0thing-owners-would-laugh-if-you-told-them-you-wanted-to-start-a-cs-team,,n0thing,Dust2.us,BLAST/Major/2025/Austin
BLAST.tv Austin Major 2025,2025-06-18,"donk: ""Para alguns tenho carisma o suficiente e para outros não, não me importo""",https://www.dust2.com.br/noticias/62786/donk-para-alguns-tenho-carisma-o-suficiente-e-para-outros-nao-nao-me-importo,spirit,donk,Dust2.com.br,BLAST/Major/2025/Austin
BLAST.tv Austin Major 2025,2025-06-19,"s1mple sobre FaZe: ""Se vencermos, eu definitivamente gostaria de ficar""",https://www.dust2.com.br/noticias/62787/s1mple-sobre-faze-se-vencermos-eu-definitivamente-gostaria-de-ficar,faze,s1mple,Dust2.com.br,BLAST/Major/2025/Austin
BLAST.tv Austin Major 2025,2025-06-20,"MOUZ queria ""mostrar que ainda é top tier"", diz Spinx",https://www.dust2.com.br/noticias/62814/mouz-queria-mostrar-que-ainda-e-top-tier-diz-spinx,mouz,Spinx,Dust2.com.br,BLAST/Major/2025/Austin
BLAST.tv Austin Major 2025,2025-06-20,"biguzera: ""Nossa cabeça, talento, motivação e dedicação são de quem quer e pode mais""",https://www.dust2.com.br/noticias/62840/biguzera-nossa-cabeca-talento-motivacao-e-dedicacao-sao-de-quem-quer-e-pode-mais,pain,biguzera,Dust2.com.br,BLAST/Major/2025/Austin
BLAST.tv Austin Major 2025,2025-06-20,flameZ comenta vaias do público e projeta semi contra MOUZ,https://www.dust2.com.br/noticias/62856/flamez-comenta-vaias-do-publico-e-projeta-semi-contra-mouz,vit,flameZ,Dust2.com.br,BLAST/Major/2025/Austin
BLAST.tv Austin Major 2025,2025-06-20,"EliGE: ""Sinto que poderíamos ir até o fim nesse Major""",https://www.dust2.com.br/noticias/62862/elige-sinto-que-poderiamos-ir-ate-o-fim-nesse-major,faze,EliGE,Dust2.com.br,BLAST/Major/2025/Austin
BLAST.tv Austin Major 2025,2025-06-21,"mezii brinca sobre possível final: ""Vingança contra um time brasileiro""",https://www.dust2.com.br/noticias/62888/mezii-brinca-sobre-possivel-final-vinganca-contra-um-time-brasileiro,vit,mezii,Dust2.com.br,BLAST/Major/2025/Austin
BLAST.tv Austin Major 2025,2025-06-21,"Snow sobre top 4: ""Temos que querer mais, não podemos aceitar esses resultados""",https://www.dust2.com.br/noticias/62897/snow-sobre-top-4-temos-que-querer-mais-nao-podemos-aceitar-esses-resultados,pain,snow,Dust2.com.br,BLAST/Major/2025/Austin
BLAST.tv Austin Major 2025,2025-06-22,"apEX: ""Eu nunca apostaria que o apEX seria o jogador com mais títulos""",https://www.dust2.com.br/noticias/62939/apex-eu-nunca-apostaria-que-o-apex-seria-o-jogador-com-mais-titulos,vit,apEX,Dust2.com.br,BLAST/Major/2025/Austin
BLAST.tv Austin Major 2025,2025-06-21,"B1ad3 on s1mple: ""He surprised everyone and showed what he can do when he wants""",https://bo3.gg/news/exclusive-b1ad3-on-s1mple-he-surprised-everyone-and-showed-what-he-can-do-when-he-wants-to,,B1ad3,bo3.gg,BLAST/Major/2025/Austin
BLAST.tv Austin Major 2025,2025-06-22,"torzsi after loss to Vitality: ""We need to figure out how to catch up to them in the next season""",https://bo3.gg/news/exclusive-torzsi-after-loss-to-vitality-we-need-to-figure-out-how-to-catch-up-to-them-in-the-next-season,,torzsi,bo3.gg,BLAST/Major/2025/Austin
BLAST.tv Austin Major 2025,2025-06-22,"XTQZZZ on the сrowd in Austin: ""We’re used to it, so it doesn’t matter. We want to win this Major""",https://bo3.gg/news/exclusive-xtqzzz-on-the-srowd-in-austin-were-used-to-it-so-it-doesnt-matter-we-want-to-win-this-major,,XTQZZZ,bo3.gg,BLAST/Major/2025/Austin
BLAST.tv Austin Major 2025,2025-06-22,"Techno4K on the Austin Major: ""The results were improved, but it wasn’t enough""",https://bo3.gg/news/exclusive-techno4k-on-the-austin-major-the-results-were-improved-but-it-wasnt-enough,,Techno4K,bo3.gg,BLAST/Major/2025/Austin
BLAST.tv Austin Major 2025,2025-06-22,"flameZ on apEX: ""He said, «Guys, it's f***ing Inferno — they have no chance»""",https://bo3.gg/news/exclusive-flamez-on-apex-he-said-guys-its-fing-inferno-they-have-no-chance,,flameZ,bo3.gg,BLAST/Major/2025/Austin
BLAST.tv Austin Major 2025,2025-06-22,"XTQZZZ after victory at Austin Major: ""The whole crowd was against us — «F*ck you, apEX!» — but we made it""",https://bo3.gg/news/exclusive-xtqzzz-after-victory-at-austin-major-the-whole-crowd-was-against-us-fck-you-apex-but-we-made-it,,XTQZZZ,bo3.gg,BLAST/Major/2025/Austin
BLAST.tv Austin Major 2025,2025-06-19,"karrigan on signing s1mple permanently: ""Sasha is not a cheap player!'""",https://youtu.be/Qq_Vx0gyrEg,faze,karrigan,Pley.gg,BLAST/Major/2025/Austin
BLAST.tv Austin Major 2025,2025-06-19,ZywOo: “Would be exceptional to meet s1mple in the final; a Messi vs Ronaldo on the server”,https://youtu.be/wkHTGBbLI-k,vit,ZywOo,Pley.gg,BLAST/Major/2025/Austin
BLAST.tv Austin Major 2025,2025-06-19,“Sometimes it gets heated”: YEKINDAR on relationship with molodoy,https://youtu.be/lxMScvc2dOI,furia,YEKINDAR,Pley.gg,BLAST/Major/2025/Austin
BLAST.tv Austin Major 2025,2025-06-19,"karrigan on Astralis: ""Some decisions they’ve made in the past few years have been strange""",https://youtu.be/DSPQv92W3ns,faze,karrigan,Pley.gg,BLAST/Major/2025/Austin
BLAST.tv Austin Major 2025,2025-06-20,sycrone: “It’s an unfair advantage; I’ve told that to BLAST”,https://youtu.be/EVpMDjdcGqw,mouz,sycrone,Pley.gg,BLAST/Major/2025/Austin
BLAST.tv Austin Major 2025,2025-06-20,"biguzera on securing Major semifinal: ""I can't feel my legs""",https://youtu.be/d4HDo8PMxoA,pain,biguzera,Pley.gg,BLAST/Major/2025/Austin
BLAST.tv Austin Major 2025,2025-06-20,iM on NAVI future: We will see what happens,https://youtu.be/lW3XMfvgNTs,navi,iM,Pley.gg,BLAST/Major/2025/Austin
BLAST.tv Austin Major 2025,2025-06-20,"mezii on crowd boos: ""Keep them coming!""",https://youtu.be/GBEpRJahTiI,vit,mezii,Pley.gg,BLAST/Major/2025/Austin
BLAST.tv Austin Major 2025,2025-06-20,EliGE on s1mple: He did everything he needed to,https://youtu.be/jrH25dSiPio,faze,EliGE,Pley.gg,BLAST/Major/2025/Austin
BLAST.tv Austin Major 2025,2025-06-21,"mzinho on s1mple: ""Usually he doesn't play like this""",https://youtu.be/7UHarUoXAZ8,mongolz,mzinho,Pley.gg,BLAST/Major/2025/Austin
BLAST.tv Austin Major 2025,2025-06-21,ZywOo on apEX relationship: “We’re like an old couple”,https://youtu.be/1Cfbx64bXgQ,vit,ZywOo,Pley.gg,BLAST/Major/2025/Austin
BLAST.tv Austin Major 2025,2025-06-21,"apEX: “Seven wins in a row against MOUZ, we’re dominating”",https://youtu.be/k4Qqc9d6sEY,vit,apEX,Pley.gg,BLAST/Major/2025/Austin
BLAST.tv Austin Major 2025,2025-06-21,"Jimpphat on Vitality losses: “There’s no mental block, they’re just playing f*cking good”",https://youtu.be/qzH_DXtHVHw,mouz,Jimpphat,Pley.gg,BLAST/Major/2025/Austin
BLAST.tv Austin Major 2025,2025-06-22,"ropz on MOUZ rivalry: ""It’s a bit personal""",https://youtu.be/YewnkQQEd8o,vit,ropz,Pley.gg,BLAST/Major/2025/Austin
BLAST.tv Austin Major 2025,2025-06-22,"mzinho: “I was just a kid watching CS, now I’m in a Major final”",https://youtu.be/S1bdb2zoSxk,mongolz,mzinho,Pley.gg,BLAST/Major/2025/Austin
BLAST.tv Austin Major 2025,2025-06-22,"nqz: “It was terrible, The MongolZ completely demolished us”",https://youtu.be/2ZckCdBFI08,pain,nqz,Pley.gg,BLAST/Major/2025/Austin
BLAST.tv Austin Major 2025,2025-06-23,"apEX after Grand Final win: ""Old people can still frag!""",https://youtu.be/rSu1d0xE_A4,vit,apEX,Pley.gg,BLAST/Major/2025/Austin
BLAST.tv Austin Major 2025,2025-06-23,"mezii: ""As a UK player, winning the Major is incredible!""",https://youtu.be/feXnTWVWDMo,vit,mezii,Pley.gg,BLAST/Major/2025/Austin
BLAST.tv Austin Major 2025,2025-06-23,Techno4k pinpoints: This is where we lost the Major,https://youtu.be/3A-1u2a9BcY,mongolz,Techno4K,Pley.gg,BLAST/Major/2025/Austin
BLAST.tv Austin Major 2025,2025-06-23,Grim on struggles in NA CS: “A lot of NA players have egos”,https://youtu.be/pwzTREQ39MU,col,Grim,Pley.gg,BLAST/Major/2025/Austin
BLAST.tv Austin Major 2025,2025-06-24,Skadoodle: “There are a lot of talents in NA”,https://youtu.be/ZHz-FiCjsA0,,Skadoodle,Pley.gg,BLAST/Major/2025/Austin
BLAST.tv Austin Major 2025,2025-06-25,dupreeh on Valve removing MRQs: “It's only for the worse; I miss the RMRs”,https://www.youtube.com/watch?v=QesRpgh0-zY,,dupreeh,Pley.gg,BLAST/Major/2025/Austin
BLAST.tv Austin Major 2025,2025-06-26,n0thing Builds His All-Time NA Dream Team & Talks Coaching Ambitions,https://www.youtube.com/watch?v=_fVz89UsQbs,,n0thing,Pley.gg,BLAST/Major/2025/Austin
BLAST.tv Austin Major 2025,2025-06-19,"Interview: EliGE Feels ""Very Strongly"" FaZe Can Win Austin Major",https://www.si.com/esports/wwwsicom/esports/cs2/interview-elige-austin-major,faze,EliGE,Esports Illustrated,BLAST/Major/2025/Austin
BLAST.tv Austin Major 2025,2025-06-19,"Team Vitality's ropz Talks FaZe, the Win Streak, Being Back in NA",https://www.si.com/esports/cs2/team-vitality-ropz-austin-major-interview,vit,ropz,Esports Illustrated,BLAST/Major/2025/Austin
BLAST.tv Austin Major 2025,2025-06-02,BLAST.tv Austin Major 2025 Stage 1 - Media Day,https://www.hltv.org/gallery/12861,,,HLTV,BLAST/Major/2025/Austin
BLAST.tv Austin Major 2025,2025-06-03,BLAST.tv Austin Major 2025 Stage 1 - Day 1,https://www.hltv.org/gallery/12862,,,HLTV,BLAST/Major/2025/Austin
BLAST.tv Austin Major 2025,2025-06-04,BLAST.tv Austin Major 2025 Stage 1 - Day 2,https://www.hltv.org/gallery/12864,,,HLTV,BLAST/Major/2025/Austin
BLAST.tv Austin Major 2025,2025-06-05,BLAST.tv Austin Major 2025 Stage 1 - Day 3,https://www.hltv.org/gallery/12865,,,HLTV,BLAST/Major/2025/Austin
BLAST.tv Austin Major 2025,2025-06-06,BLAST.tv Austin Major 2025 Stage 1 - Day 4,https://www.hltv.org/gallery/12867,,,HLTV,BLAST/Major/2025/Austin
BLAST.tv Austin Major 2025,2025-06-06,BLAST.tv Austin Major 2025 Stage 2 - Media Day,https://www.hltv.org/gallery/12866,,,HLTV,BLAST/Major/2025/Austin
BLAST.tv Austin Major 2025,2025-06-07,BLAST.tv Austin Major 2025 Stage 2 - Day 1,https://www.hltv.org/gallery/12868,,,HLTV,BLAST/Major/2025/Austin
BLAST.tv Austin Major 2025,2025-06-08,BLAST.tv Austin Major 2025 Stage 2 - Day 2,https://www.hltv.org/gallery/12869,,,HLTV,BLAST/Major/2025/Austin
BLAST.tv Austin Major 2025,2025-06-09,BLAST.tv Austin Major 2025 Stage 2 - Day 3,https://www.hltv.org/gallery/12870,,,HLTV,BLAST/Major/2025/Austin
BLAST.tv Austin Major 2025,2025-06-10,BLAST.tv Austin Major 2025 Stage 2 - Day 4,https://www.hltv.org/gallery/12871,,,HLTV,BLAST/Major/2025/Austin
BLAST.tv Austin Major 2025,2025-06-11,BLAST.tv Austin Major 2025 - Media Day,https://www.hltv.org/gallery/12872,,,HLTV,BLAST/Major/2025/Austin
BLAST.tv Austin Major 2025,2025-06-12,BLAST.tv Austin Major 2025 - Day 1,https://www.hltv.org/gallery/12873,,,HLTV,BLAST/Major/2025/Austin
BLAST.tv Austin Major 2025,2025-06-13,BLAST.tv Austin Major 2025 - Day 2,https://www.hltv.org/gallery/12874,,,HLTV,BLAST/Major/2025/Austin
BLAST.tv Austin Major 2025,2025-06-14,BLAST.tv Austin Major 2025 - Day 3,https://www.hltv.org/gallery/12875,,,HLTV,BLAST/Major/2025/Austin
BLAST.tv Austin Major 2025,2025-06-15,BLAST.tv Austin Major 2025 - Day 4,https://www.hltv.org/gallery/12876,,,HLTV,BLAST/Major/2025/Austin
BLAST.tv Austin Major 2025,2025-06-19,BLAST.tv Austin Major 2025 - Day 5,https://www.hltv.org/gallery/12878,,,HLTV,BLAST/Major/2025/Austin
BLAST.tv Austin Major 2025,2025-06-20,BLAST.tv Austin Major 2025 - Day 6,https://www.hltv.org/gallery/12879,,,HLTV,BLAST/Major/2025/Austin
BLAST.tv Austin Major 2025,2025-06-21,BLAST.tv Austin Major 2025 - Day 7,https://www.hltv.org/gallery/12880,,,HLTV,BLAST/Major/2025/Austin
BLAST.tv Austin Major 2025,2025-06-22,BLAST.tv Austin Major 2025 - Day 8,https://www.hltv.org/gallery/12882,,,HLTV,BLAST/Major/2025/Austin
BLAST.tv Austin Major 2025,2025-06-24,Best of the BLAST.tv Austin Major - CS2 Fragmovie,https://youtu.be/eP3a40Ct0us,,,HLTV,BLAST/Major/2025/Austin
BLAST.tv Austin Major 2025,2025-04-15,"phzy: ""We had a honeymoon period at the Shanghai Major""",https://blast.tv/cs/news/phzy-we-had-a-honeymoon-period-at-the-shanghai-major,wildcard,phzy,BLAST,BLAST/Major/2025/Austin
BLAST.tv Austin Major 2025,2025-04-13,"""Todo mundo pode ganhar de todo mundo"", diz drg sobre MRQ",https://www.dust2.com.br/noticias/60193/todo-mundo-pode-ganhar-de-todo-mundo-diz-drg-sobre-mrq,team solid,drg,Dust2.com.br,BLAST/Major/2025/Austin
BLAST.tv Austin Major 2025,2025-04-13,Tacitus projeta Fluxo no MRQ e aponta fator positivo para o time,https://www.dust2.com.br/noticias/60199/tacitus-projeta-fluxo-no-mrq-e-aponta-fator-positivo-para-o-time,fluxo,tacitus,Dust2.com.br,BLAST/Major/2025/Austin
BLAST.tv Austin Major 2025,2025-04-14,"""Coloco na minha cabeça como obrigação"", diz lux sobre vaga no Major",https://www.dust2.com.br/noticias/60230/coloco-na-minha-cabeca-como-obrigacao-diz-lux-sobre-vaga-no-major,legacy,lux,Dust2.com.br,BLAST/Major/2025/Austin
BLAST.tv Austin Major 2025,2025-04-15,"koala sobre MRQ: ""Temos chance, mas não somos favoritos""",https://www.dust2.com.br/noticias/60257/koala-sobre-mrq-temos-chance-mas-nao-somos-favoritos,sharks esports,koala,Dust2.com.br,BLAST/Major/2025/Austin
BLAST.tv Austin Major 2025,2025-04-15,"drop comenta ida para RED e saída do MIBR: Não queria mais jogar CS""",https://www.dust2.com.br/noticias/60258/drop-comenta-ida-para-red-e-saida-do-mibr-nao-queria-mais-jogar-cs,red canids,drop,Dust2.com.br,BLAST/Major/2025/Austin
BLAST.tv Austin Major 2025,2025-04-15,"try: ""Quero me classificar mais pelo chay do que por mim""",https://www.dust2.com.br/noticias/60293/try-quero-me-classificar-mais-pelo-chay-do-que-por-mim,imp,try,Dust2.com.br,BLAST/Major/2025/Austin
BLAST.tv Austin Major 2025,2025-04-16,Tacitus avalia vitória e diz o que Fluxo precisa fazer para ir ao Major,https://www.dust2.com.br/noticias/60306/tacitus-avalia-vitoria-e-diz-o-que-fluxo-precisa-fazer-para-ir-ao-major,fluxo,tacitus,Dust2.com.br,BLAST/Major/2025/Austin
BLAST.tv Austin Major 2025,2025-04-16,n1ssim vê Legacy preparada para vencer o Fluxo no MRQ,https://www.dust2.com.br/noticias/60321/n1ssim-ve-legacy-preparada-para-vencer-o-fluxo-no-mrq,legacy,n1ssim,Dust2.com.br,BLAST/Major/2025/Austin
BLAST.tv Austin Major 2025,2025-04-16,"chay comemora 1º Major da carreira com ""gostinho a mais""",https://www.dust2.com.br/noticias/60352/chay-comemora-1-major-da-carreira-com-gostinho-a-mais,imp,chayJESUS,Dust2.com.br,BLAST/Major/2025/Austin
BLAST.tv Austin Major 2025,2025-04-17,"cass1n sobre vitória contra RED: ""Nos concentramos em fazer nosso jogo""",https://www.dust2.com.br/noticias/60364/cass1n-sobre-vitoria-contra-red-nos-concentramos-em-fazer-nosso-jogo,bestia,cass1n,Dust2.com.br,BLAST/Major/2025/Austin
BLAST.tv Austin Major 2025,2025-04-17,"zevy exalta arT após vaga no Major: ""É um gênio""",https://www.dust2.com.br/noticias/60368/zevy-exalta-art-apos-vaga-no-major-e-um-genio,fluxo,zevy,Dust2.com.br,BLAST/Major/2025/Austin
BLAST.tv Austin Major 2025,2025-04-17,"doc projeta ""maratona"" da Sharks em dia decisivo no MRQ",https://www.dust2.com.br/noticias/60370/doc-projeta-maratona-da-sharks-em-dia-decisivo-no-mrq,sharks esports,doc,Dust2.com.br,BLAST/Major/2025/Austin
BLAST.tv Austin Major 2025,2025-04-18,"Noktse após vaga no Major: ""O CS é como a vida, tem coisas que não dá para explicar""",https://www.dust2.com.br/noticias/60421/noktse-apos-vaga-no-major-o-cs-e-como-a-vida-tem-coisas-que-nao-da-para-explicar,bestia,Noktse,Dust2.com.br,BLAST/Major/2025/Austin
BLAST.tv Austin Major 2025,2025-04-18,"dumau explica queda de desempenho da Legacy: ""Saímos da mesma página""",https://www.dust2.com.br/noticias/60436/dumau-explica-queda-de-desempenho-da-legacy-saimos-da-mesma-pagina,legacy,dumau,Dust2.com.br,BLAST/Major/2025/Austin
Intel Extreme Masters Dallas 2025,2025-05-19,"IEM Dallas teams, format, schedule, prizes, talent, fantasy",https://www.hltv.org/news/41718,,,HLTV,Intel Extreme Masters/2025/Dallas
Intel Extreme Masters Dallas 2025,2025-05-25,ZywOo earns 26th career MVP at IEM Dallas,https://www.hltv.org/n/41785,,,HLTV,Intel Extreme Masters/2025/Dallas
Intel Extreme Masters Dallas 2025,2025-05-26,The VRS impact of IEM Dallas,https://www.hltv.org/n/41789,,,HLTV,Intel Extreme Masters/2025/Dallas
Intel Extreme Masters Dallas 2025,2025-05-31,The EVPs and All Stars of IEM Dallas,https://www.hltv.org/n/41802,,,HLTV,Intel Extreme Masters/2025/Dallas
Intel Extreme Masters Dallas 2025,2025-05-19,"ztr: ""We believe that acoR is such a good player that we should keep our expectations""",https://www.hltv.org/n/41725,gl,ztr,HLTV,Intel Extreme Masters/2025/Dallas
Intel Extreme Masters Dallas 2025,2025-05-20,"sAw on potential G2 move: ""There's always going to be rumors""",https://www.hltv.org/n/41728,heroic,sAw,HLTV,Intel Extreme Masters/2025/Dallas
Intel Extreme Masters Dallas 2025,2025-05-20,"molodoy: ""If it is a success to be top four for some, it is not for me""",https://www.hltv.org/n/41733,furia,molodoy,HLTV,Intel Extreme Masters/2025/Dallas
Intel Extreme Masters Dallas 2025,2025-05-21,"Techno: ""We were struggling at IEM Melbourne""",https://www.hltv.org/n/41739,mongolz,Techno4k,HLTV,Intel Extreme Masters/2025/Dallas
Intel Extreme Masters Dallas 2025,2025-05-21,"ropz: ""We're mentally one step ahead of many teams""",https://www.hltv.org/n/41735,vit,ropz,HLTV,Intel Extreme Masters/2025/Dallas
Intel Extreme Masters Dallas 2025,2025-05-22,"acoR: ""I've had a few offers that I turned down""",https://www.hltv.org/n/41754,gl,acoR,HLTV,Intel Extreme Masters/2025/Dallas
Intel Extreme Masters Dallas 2025,2025-05-22,"torzsi: ""We showed that in this moment we are really in shape""",https://www.hltv.org/n/41749,mouz,torzsi,HLTV,Intel Extreme Masters/2025/Dallas
Intel Extreme Masters Dallas 2025,2025-05-23,"mzinho: ""In America, we have a crowd like our home crowd""",https://www.hltv.org/n/41767,mongolz,mzinho,HLTV,Intel Extreme Masters/2025/Dallas
Intel Extreme Masters Dallas 2025,2025-05-24,"kyxsan: ""There are still so many things we need to implement with m0NESY""",https://www.hltv.org/n/41773,falcons,kyxsan,HLTV,Intel Extreme Masters/2025/Dallas
Intel Extreme Masters Dallas 2025,2025-05-24,"Brollan: ""It was really weird when <nowiki>[</nowiki>the crowd<nowiki>]</nowiki> started booing us when we entered""",https://www.hltv.org/n/41777,mouz,Brollan,HLTV,Intel Extreme Masters/2025/Dallas
Intel Extreme Masters Dallas 2025,2025-05-25,"MAJ3R: ""The first goal is to fix Train in the bootcamp""",https://www.hltv.org/n/41776,aurora,MAJ3R,HLTV,Intel Extreme Masters/2025/Dallas
Intel Extreme Masters Dallas 2025,2025-05-25,"ZywOo: ""We didn't play our A-game for all the tournament""",https://www.hltv.org/n/41786,vit,ZywOo,HLTV,Intel Extreme Masters/2025/Dallas
Intel Extreme Masters Dallas 2025,2025-05-18,"LNZ on recent reports: ""You just have to understand that your career still goes on""",https://blast.tv/cs/news/lnz-you-just-have-to-understand-your-career-still-goes-on,heroic,LNZ,BLAST,Intel Extreme Masters/2025/Dallas
Intel Extreme Masters Dallas 2025,2025-05-20,"xertioN: ""We're ready to take the next step""",https://blast.tv/cs/news/xertion-were-ready-to-take-the-next-step,mouz,xertioN,BLAST,Intel Extreme Masters/2025/Dallas
Intel Extreme Masters Dallas 2025,2025-05-20,"apEX on where he ranks himself amongst IGLs: ""I would say that I'm top three""",https://blast.tv/cs/news/apex-i-would-say-that-im-top-3,vit,apEX,BLAST,Intel Extreme Masters/2025/Dallas
Intel Extreme Masters Dallas 2025,2025-05-20,"acoR on being dropped by TSM: ""The owner didn't want to keep us anymore and we just got cut""",https://www.dust2.us/news/61536/acor-on-being-dropped-by-tsm-the-owner-didnt-want-to-keep-us-anymore-and-we-just-got-cut,gl,acoR,Dust2.us,Intel Extreme Masters/2025/Dallas
Intel Extreme Masters Dallas 2025,2025-05-20,"yxngstxr on facing Falcons for an IEM Dallas playoff spot: ""We're here to prove hard work beats money""",https://www.dust2.us/news/61565/yxngstxr-on-facing-falcons-for-an-iem-dallas-playoff-spot-were-here-to-prove-hard-work-beats-money,heroic,yxngstxr,Dust2.us,Intel Extreme Masters/2025/Dallas
Intel Extreme Masters Dallas 2025,2025-05-20,"C4LLM3SU3: ""We qualified to the Major after 3 months of practice. I thought it would be a lot harder""",https://www.dust2.us/news/61562/c4llm3su3-we-qualified-to-the-major-after-3-months-of-practice-i-thought-it-would-be-a-lot-harder,lvg,C4LLM3SU3,Dust2.us,Intel Extreme Masters/2025/Dallas
Intel Extreme Masters Dallas 2025,2025-05-20,dumau says Legacy will almost certainly attend the BLAST.tv Austin Major instead of BESTIA,https://www.dust2.us/news/61584/dumau-says-legacy-will-almost-certainly-attend-the-blasttv-austin-major-instead-of-bestia,legacy,dumau,Dust2.us,Intel Extreme Masters/2025/Dallas
Intel Extreme Masters Dallas 2025,2025-05-21,"YEKINDAR is feeling happy at FURIA: ""FalleN instantly recognized my strengths""",https://www.dust2.us/news/61609/yekindar-is-feeling-happy-at-furia-fallen-instantly-recognized-my-strengths,furia,YEKINDAR,Dust2.us,Intel Extreme Masters/2025/Dallas
Intel Extreme Masters Dallas 2025,2025-05-21,"flameZ: ""'Era' is a big word to use before winning the Major""",https://www.dust2.us/news/61629/flamez-era-is-a-big-word-to-use-before-winning-the-major,vit,flameZ,Dust2.us,Intel Extreme Masters/2025/Dallas
Intel Extreme Masters Dallas 2025,2025-05-21,"daps: ""Outside of a decent T-side on Train vs Falcons the rest of the games left a lot to be desired""",https://www.dust2.us/news/61635/daps-outside-of-a-decent-t-side-on-train-vs-falcons-the-rest-of-the-games-left-a-lot-to-be-desired,nrg,daps,Dust2.us,Intel Extreme Masters/2025/Dallas
Intel Extreme Masters Dallas 2025,2025-05-23,"Spinx: ""Instead of one superstar we have five good players""",https://www.dust2.us/news/61712/spinx-instead-of-one-superstar-we-have-five-good-players,mouz,Spinx,Dust2.us,Intel Extreme Masters/2025/Dallas
Intel Extreme Masters Dallas 2025,2025-05-24,"apEX: ""It's so easy to play with ropz that I can focus more on myself""",https://www.dust2.us/news/61723/apex-its-so-easy-to-play-with-ropz-that-i-can-focus-more-on-myself,vit,apEX,Dust2.us,Intel Extreme Masters/2025/Dallas
Intel Extreme Masters Dallas 2025,2025-05-25,"Jason Lake: ""We've been trying to be devoted to the NA scene as much as humanly possible""",https://www.dust2.us/news/61754/jason-lake-weve-been-trying-to-be-devoted-to-the-na-scene-as-much-as-humanly-possible,,Jason Lake,Dust2.us,Intel Extreme Masters/2025/Dallas
Intel Extreme Masters Dallas 2025,2025-05-25,"zonic: ""We have to play better if we want to beat Vitality""",https://www.dust2.us/news/61755/zonic-we-have-to-play-better-if-we-want-to-beat-vitality,falcons,zonic,Dust2.us,Intel Extreme Masters/2025/Dallas
Intel Extreme Masters Dallas 2025,2025-05-26,"m0NESY: ""I’m just not getting the kills I have to get""",https://www.dust2.us/news/61780/m0nesy-im-just-not-getting-the-kills-i-have-to-get,falcons,m0NESY,Dust2.us,Intel Extreme Masters/2025/Dallas
Intel Extreme Masters Dallas 2025,2025-05-26,"ash: ""A team doesn't really work if you just throw in star players""",https://www.dust2.us/news/61800/ash-a-team-doesnt-really-work-if-you-just-throw-in-star-players,gl,ashhh,Dust2.us,Intel Extreme Masters/2025/Dallas
Intel Extreme Masters Dallas 2025,2025-05-27,"Techno on being famous in Mongolia: ""We should remember our hard times and not be arrogant""",https://www.dust2.us/news/61841/techno-on-being-famous-in-mongolia-we-should-remember-our-hard-times-and-not-be-arrogant,mongolz,Techno4K,Dust2.us,Intel Extreme Masters/2025/Dallas
Intel Extreme Masters Dallas 2025,2025-05-24,"Jimpphat on goals for IEM Dallas and the Austin Major: ""We want to win both tournaments""",https://bo3.gg/news/jimpphat-on-goals-for-iem-dallas-and-the-austin-major-we-want-to-win-both-tournaments,mouz,Jimpphat,bo3.gg,Intel Extreme Masters/2025/Dallas
Intel Extreme Masters Dallas 2025,2025-05-25,"REZ on GamerLegion's result at IEM Dallas: ""When we have our complete team, I think we should be able to reach the semifinals""",https://bo3.gg/news/exclusive-rez-on-gamerlegions-result-at-iem-dallas-when-we-have-our-complete-team-i-think-we-should-be-able-to-reach-the-semifinals,gl,REZ,bo3.gg,Intel Extreme Masters/2025/Dallas
Intel Extreme Masters Dallas 2025,2025-05-25,"apEX after winning IEM Dallas: ""If we win here, it doesn’t make sense if we don’t win the Major""",https://bo3.gg/news/exclusive-apex-after-winning-iem-dallas-if-we-win-here-it-doesnt-make-sense-if-we-dont-win-the-major,vit,apEX,bo3.gg,Intel Extreme Masters/2025/Dallas
Intel Extreme Masters Dallas 2025,2025-05-25,"NiKo on Team Falcons’ result at IEM Dallas: ""I think finishing 3rd-4th and losing to Vitality is okay""",https://bo3.gg/news/exclusive-niko-on-team-falcons-result-at-iem-dallas-i-think-finishing-3rd-4th-and-losing-to-vitality-is-okay,falcons,NiKo,bo3.gg,Intel Extreme Masters/2025/Dallas
Intel Extreme Masters Dallas 2025,2025-05-19,IEM Dallas 2025 - Day 1,https://www.hltv.org/gallery/12852,,,HLTV,Intel Extreme Masters/2025/Dallas
Intel Extreme Masters Dallas 2025,2025-05-20,IEM Dallas 2025 - Day 2,https://www.hltv.org/gallery/12853,,,HLTV,Intel Extreme Masters/2025/Dallas
Intel Extreme Masters Dallas 2025,2025-05-21,IEM Dallas 2025 - Day 3,https://www.hltv.org/gallery/12855,,,HLTV,Intel Extreme Masters/2025/Dallas
Intel Extreme Masters Dallas 2025,2025-05-23,IEM Dallas 2025 - Day 4,https://www.hltv.org/gallery/12857,,,HLTV,Intel Extreme Masters/2025/Dallas
Intel Extreme Masters Dallas 2025,2025-05-24,IEM Dallas 2025 - Day 5,https://www.hltv.org/gallery/12858,,,HLTV,Intel Extreme Masters/2025/Dallas
Intel Extreme Masters Dallas 2025,2025-05-25,IEM Dallas 2025 - Day 6,https://www.hltv.org/gallery/12860,,,HLTV,Intel Extreme Masters/2025/Dallas
Intel Extreme Masters Dallas 2025,2025-05-26,IEM Dallas 2025 - CS2 Fragmovie,https://youtu.be/qRU73YaHJwU,,,HLTV,Intel Extreme Masters/2025/Dallas
PGL Astana 2025,2025-05-08,PGL Astana reminds us that Counter-Strike should look at its gilded past as it builds for the future,https://www.hltv.org/news/41624/pgl-astana-reminds-us-that-counter-strike-should-look-at-its-gilded-past-as-it-builds-for-the-future,,,HLTV,PGL/2025/Astana
PGL Astana 2025,2025-05-07,"PGL Astana teams, format, schedule, prizes, talent, fantasy",https://www.hltv.org/n/41628,,,HLTV,PGL/2025/Astana
PGL Astana 2025,2025-05-18,donk clinches second MVP of 2025 in Astana,https://www.hltv.org/n/41713,,,HLTV,PGL/2025/Astana
PGL Astana 2025,2025-05-19,The VRS impact of PGL Astana,https://www.hltv.org/n/41723,,,HLTV,PGL/2025/Astana
PGL Astana 2025,2025-05-30,The EVPs and All Stars of PGL Astana 2025,https://www.hltv.org/n/41801,,,HLTV,PGL/2025/Astana
PGL Astana 2025,2025-05-10,"HooXi: ""I was looking to get back as soon as possible, but I don't think the right opportunity came to me""",https://www.hltv.org/n/41649,astralis,HooXi,HLTV,PGL/2025/Astana
PGL Astana 2025,2025-05-10,"sjuush: ""It was hard to accept in the beginning, but I also like building up from scratch""",https://www.hltv.org/n/41653,nip,sjuush,HLTV,PGL/2025/Astana
PGL Astana 2025,2025-05-11,"B1ad3: ""We will become much better with the bootcamp, and have a chance to beat any team""",https://www.hltv.org/n/41657,navi,B1ad3,HLTV,PGL/2025/Astana
PGL Astana 2025,2025-05-11,"YEKINDAR: ""We're always joking that FalleN was playing the wrong role for eight years""",https://www.hltv.org/n/41659,furia,YEKINDAR,HLTV,PGL/2025/Astana
PGL Astana 2025,2025-05-12,"Techno: ""I think there will be good support for us in the arena""",https://www.hltv.org/n/41671,mongolz,Techno4K,HLTV,PGL/2025/Astana
PGL Astana 2025,2025-05-12,"malbsMd: ""I think I'm coming back, I feel happier""",https://www.hltv.org/n/41672,g2,malbsMd,HLTV,PGL/2025/Astana
PGL Astana 2025,2025-05-13,"hades: ""I just want to show that I'm good enough for tier one""",https://www.hltv.org/n/41679,g2,hades,HLTV,PGL/2025/Astana
PGL Astana 2025,2025-05-13,"FalleN on anchoring: ""I have ideas on what I should do, but when sh*t starts coming in, it's very different""",https://www.hltv.org/n/41677,furia,FalleN,HLTV,PGL/2025/Astana
PGL Astana 2025,2025-05-14,"woxic: ""I think this is our seventh playoff, so I hope we can win it this time""",https://www.hltv.org/n/41687,aurora,woxic,HLTV,PGL/2025/Astana
PGL Astana 2025,2025-05-14,"arrozdoce: ""I didn't expect to make the playoffs when I started to play open qualifiers""",https://www.hltv.org/n/41686,nip,arrozdoce,HLTV,PGL/2025/Astana
PGL Astana 2025,2025-05-16,"MAJ3R: ""We always pick CT, but this time I decided to take fate in my hands and start T""",https://www.hltv.org/n/41696,aurora,MAJ3R,HLTV,PGL/2025/Astana
PGL Astana 2025,2025-05-16,"Staehr on HooXi: ""Every player responds well to this playstyle, and has the joy and energy to play""",https://www.hltv.org/n/41698,astralis,Staehr,HLTV,PGL/2025/Astana
PGL Astana 2025,2025-05-18,"donk: ""Every matchup that I am facing the stavn and jabbi duo, it's always personal for me""",https://www.hltv.org/n/41712,spirit,donk,HLTV,PGL/2025/Astana
PGL Astana 2025,2025-05-26,"mou interview: coaching, Kazakhstani scene and ""absurd"" regional assignment to Europe",https://www.hltv.org/n/41771,hotu,mou,HLTV,PGL/2025/Astana
PGL Astana 2025,2025-05-10,MAJ3R - Interview,https://youtu.be/Wx80pfUwwCI,aurora,MAJ3R,PGL,PGL/2025/Astana
PGL Astana 2025,2025-05-10,exit - Interview,https://youtu.be/18ni8lnjxNM,mibr,exit,PGL,PGL/2025/Astana
PGL Astana 2025,2025-05-10,hades - Interview,https://youtu.be/yq4n2MZhSsY,g2,hades,PGL,PGL/2025/Astana
PGL Astana 2025,2025-05-10,Techno4k - Interview,https://youtu.be/m1I8rTRaPlU,mongolz,Techno4k,PGL,PGL/2025/Astana
PGL Astana 2025,2025-05-10,s1n - Interview,https://youtu.be/uy1n5nwV4u8,m80,s1n,PGL,PGL/2025/Astana
PGL Astana 2025,2025-05-10,electroNic - Interview,https://youtu.be/AfWCg1MIxnk,vp,electroNic,PGL,PGL/2025/Astana
PGL Astana 2025,2025-05-10,ztr - Interview,https://youtu.be/9AotSoxbLMk,gl,ztr,PGL,PGL/2025/Astana
PGL Astana 2025,2025-05-10,mou - Interview,https://youtu.be/qGhTx-IdBbM,hotu,mou,PGL,PGL/2025/Astana
PGL Astana 2025,2025-05-11,Aleksib - Interview,https://youtu.be/0sQ4wZcynO8,navi,Aleksib,PGL,PGL/2025/Astana
PGL Astana 2025,2025-05-11,tabseN - Interview,https://youtu.be/JPsFVhxa9iM,big,tabseN,PGL,PGL/2025/Astana
PGL Astana 2025,2025-05-11,YEKINDAR - Interview,https://youtu.be/WVS-cXUYoHg,furia,YEKINDAR,PGL,PGL/2025/Astana
PGL Astana 2025,2025-05-12,Snax - Interview,https://youtu.be/5kvwcuvZUcI,g2,Snax,PGL,PGL/2025/Astana
PGL Astana 2025,2025-05-12,WOOD7 - Interview,https://youtu.be/sl-GuzFWjqs,oddik,WOOD7,PGL,PGL/2025/Astana
PGL Astana 2025,2025-05-12,HooXi - Interview,https://youtu.be/XCfjVJAX0jw,astralis,HooXi,PGL,PGL/2025/Astana
PGL Astana 2025,2025-05-13,Snappi - Interview,https://youtu.be/X62gd5nI1yw,nip,Snappi,PGL,PGL/2025/Astana
PGL Astana 2025,2025-05-14,nqz - Interview,https://youtu.be/LUO9_BPBoDg,pain,nqz,PGL,PGL/2025/Astana
PGL Astana 2025,2025-05-14,chopper - Interview,https://youtu.be/_NZAT1VW33s,spirit,chopper,PGL,PGL/2025/Astana
PGL Astana 2025,2025-05-15,"huNter-: ""We don't want malbs to be NiKo""",https://blast.tv/cs/news/hunter-we-dont-want-malbs-to-be-niko,g2,huNter-,BLAST,PGL/2025/Astana
PGL Astana 2025,2025-05-14,"Stort HooXi-interview: ""Jeg bringer en helt anderledes spillestil""",https://www.dust2.dk/nyheder/61343/stort-hooxi-interview-jeg-bringer-en-helt-anderledes-spillestil,astralis,HooXi,Dust2.dk,PGL/2025/Astana
PGL Astana 2025,2025-05-15,"Stort ruggah-interview: ""Vi tror 100% på, at vi kan slå dem""",https://www.dust2.dk/nyheder/61399/stort-ruggah-interview-vi-tror-100-paa-at-vi-kan-slaa-dem,astralis,ruggah,Dust2.dk,PGL/2025/Astana
PGL Astana 2025,2025-05-11,Как Virtus.pro победили на Inferno?,https://youtu.be/WQt6B845Vk4,vp,FL4MUS,Paragon,PGL/2025/Astana
PGL Astana 2025,2025-05-11,Секреты победы от SH1RO из Team Spirit!,https://youtu.be/PgUsV10kuRs,spirit,sh1ro,Paragon,PGL/2025/Astana
PGL Astana 2025,2025-05-12,"Я ТОП 2, ТОГДА КТО ТОП 1?? {{!",https://youtu.be/__lcFzoa7Q0,furia,YEKINDAR,Paragon,PGL/2025/Astana
PGL Astana 2025,2025-05-13,ШАГ ДО ФИНАЛА В КАЗАХСТАНЕ 🔥 {{!,https://youtu.be/jcYZ_qApGfg,furia,molodoy,Paragon,PGL/2025/Astana
PGL Astana 2025,2025-05-14,КАК ВП СПРАВЛЯЮТСЯ С ДАВЛЕНИЕМ?🤔 {{!,https://youtu.be/P-4KRqMA5FU,vp,FL1T,Paragon,PGL/2025/Astana
PGL Astana 2025,2025-05-14,YEKINDAR ИНТЕРВЬЮ {{!,https://youtu.be/5sCW_XD5Ypg,furia,YEKINDAR,Paragon,PGL/2025/Astana
PGL Astana 2025,2025-05-15,КАК TEAM SPIRIT ОТЫГРАЛИ ГРУППОВУЮ СТАДИЮ? {{!,https://youtu.be/L3lesGqm2DQ,spirit,donk,Paragon,PGL/2025/Astana
PGL Astana 2025,2025-05-18,УВИДИМСЯ В СЛЕДУЮЩЕМ ТУРНИРЕ 😭{{!,https://youtu.be/EmlAQgDhgng,furia,molodoy,Paragon,PGL/2025/Astana
PGL Astana 2025,2025-05-12,GamerLegion ВЫЛЕТЕЛИ — интервью с MOU после матча,https://youtu.be/BBiI_Bw2kxE,hotu,mou,Winline Esports,PGL/2025/Astana
PGL Astana 2025,2025-05-13,Я ГОТОВ ИГРАТЬ! — тренер Hotu о команде и возможном камбэке на сцену!,https://youtu.be/0ZMpobcmhrg,hotu,mou,Winline Esports,PGL/2025/Astana
PGL Astana 2025,2025-05-13,"Fallen про МОLODOY, S1mple и языковой барьер",https://youtu.be/DYtpzOZ1DUA,furia,FalleN,Winline Esports,PGL/2025/Astana
PGL Astana 2025,2025-05-10,PGL Astana 2025 - Day 1,https://www.hltv.org/gallery/12844,,,HLTV,PGL/2025/Astana
PGL Astana 2025,2025-05-11,PGL Astana 2025 - Day 2,https://www.hltv.org/gallery/12845,,,HLTV,PGL/2025/Astana
PGL Astana 2025,2025-05-12,PGL Astana 2025 - Day 3,https://www.hltv.org/gallery/12846,,,HLTV,PGL/2025/Astana
PGL Astana 2025,2025-05-13,PGL Astana 2025 - Day 4,https://www.hltv.org/gallery/12847,,,HLTV,PGL/2025/Astana
PGL Astana 2025,2025-05-14,PGL Astana 2025 - Day 5,https://www.hltv.org/gallery/12848,,,HLTV,PGL/2025/Astana
PGL Astana 2025,2025-05-16,PGL Astana 2025 - Day 6,https://www.hltv.org/gallery/12849,,,HLTV,PGL/2025/Astana
PGL Astana 2025,2025-05-17,PGL Astana 2025 - Day 7,https://www.hltv.org/gallery/12850,,,HLTV,PGL/2025/Astana
PGL Astana 2025,2025-05-18,PGL Astana 2025 - Day 8,https://www.hltv.org/gallery/12851,,,HLTV,PGL/2025/Astana
PGL Astana 2025,2025-05-11,/FragMovie/PGL Astana 2025/Group Stage/Day 1,https://youtu.be/l0NT-Q0Pyys,,,PGL,PGL/2025/Astana
PGL Astana 2025,2025-05-12,/FragMovie/PGL Astana 2025/Group Stage/Day 2,https://youtu.be/P-5IMG4wJVU?,,,PGL,PGL/2025/Astana
PGL Astana 2025,2025-05-13,/FragMovie/PGL Astana 2025/Group Stage/Day 3,https://youtu.be/VX6pAShRqXk,,,PGL,PGL/2025/Astana
PGL Astana 2025,2025-05-19,Best plays from PGL Astana 2025 - CS2 Fragmovie,https://youtu.be/P_sCQTJm_7Q,,,HLTV,PGL/2025/Astana
BLAST Rivals Spring 2025,2025-05-04,ZywOo named BLAST Rivals MVP,https://www.hltv.org/n/41610,,,HLTV,BLAST/Rivals/2025/Spring
BLAST Rivals Spring 2025,2025-05-09,The EVPs and All Stars of BLAST Rivals S1,https://www.hltv.org/news/41629/the-evps-and-all-stars-of-blast-rivals-s1,,,HLTV,BLAST/Rivals/2025/Spring
BLAST Rivals Spring 2025,2025-04-29,"karrigan: ""It's a bit painful that we're playing super bad and ropz is playing super good""",https://www.hltv.org/n/41568,faze,karrigan,HLTV,BLAST/Rivals/2025/Spring
BLAST Rivals Spring 2025,2025-04-29,"dgt on FURIA rumors: ""I had some good offers from several teams, but paiN always stood out""",https://www.hltv.org/n/41570,pain,dgt,HLTV,BLAST/Rivals/2025/Spring
BLAST Rivals Spring 2025,2025-04-29,"phzy: ""If we were to beat Vitality, now's the time after they're just traveling from Australia""",https://www.hltv.org/n/41571,wildcard,phzy,HLTV,BLAST/Rivals/2025/Spring
BLAST Rivals Spring 2025,2025-04-29,"magixx: ""donk can match ZywOo, but kyousuke might dominate him""",https://www.hltv.org/n/41574,spirit,magixx,HLTV,BLAST/Rivals/2025/Spring
BLAST Rivals Spring 2025,2025-04-30,"Jimpphat: ""I wanted to raise the bar; it was a disappointment to see I haven't played the best""",https://www.hltv.org/n/41579,mouz,Jimpphat,HLTV,BLAST/Rivals/2025/Spring
BLAST Rivals Spring 2025,2025-04-30,"XTQZZZ: ""We should have lost a couple of times; even after rewatching the game I don't know what happened""",https://www.hltv.org/n/41582,vit,XTQZZZ,HLTV,BLAST/Rivals/2025/Spring
BLAST Rivals Spring 2025,2025-04-30,"TeSeS: ""With m0NESY there's less pressure on me to put up big numbers; somehow it helps me""",https://www.hltv.org/n/41584,falcons,TeSeS,HLTV,BLAST/Rivals/2025/Spring
BLAST Rivals Spring 2025,2025-05-01,"apEX: ""I feel we're a bit fried right now""",https://www.hltv.org/n/41587,vit,apEX,HLTV,BLAST/Rivals/2025/Spring
BLAST Rivals Spring 2025,2025-05-02,"Brollan: ""It feels like the next game vs Vitality we're probably gonna win""",https://www.hltv.org/n/41596,mouz,Brollan,HLTV,BLAST/Rivals/2025/Spring
BLAST Rivals Spring 2025,2025-05-03,"kyxsan: ""It's hard that we didn't have pracc days, but it's also easy because it's m0NESY""",https://www.hltv.org/n/41602,falcons,kyxsan,HLTV,BLAST/Rivals/2025/Spring
BLAST Rivals Spring 2025,2025-05-03,"flameZ: ""ropz and ZywOo give you some rounds you should never get, you take them, say thank you, and move on""",https://www.hltv.org/n/41606,vit,flameZ,HLTV,BLAST/Rivals/2025/Spring
BLAST Rivals Spring 2025,2025-05-04,"ZywOo: ""If Falcons keep playing like this, they have the opportunity to be top 2, top 1 of the year""",https://www.hltv.org/n/41611,vit,ZywOo,HLTV,BLAST/Rivals/2025/Spring
BLAST Rivals Spring 2025,2025-04-26,"hally on Spirit's results: ""There is some disappointment""",https://blast.tv/cs/news/hally-on-results-there-is-some-disappointment,spirit,hally,BLAST,BLAST/Rivals/2025/Spring
BLAST Rivals Spring 2025,2025-04-29,"INS: ""Our goal is to consistently make playoffs""",https://blast.tv/cs/news/ins-our-goal-is-to-consistently-make-playoffs,fq,INS,BLAST,BLAST/Rivals/2025/Spring
BLAST Rivals Spring 2025,2025-04-30,"NEO on why FaZe are struggling: ""I don't even know right now""",https://blast.tv/cs/news/neo-on-why-faze-are-struggling,faze,NEO,BLAST,BLAST/Rivals/2025/Spring
BLAST Rivals Spring 2025,2025-05-02,"xertioN: ""Hopefully tomorrow we will be ready to face Falcons""",https://blast.tv/cs/news/xertion-hopefully-we-will-be-ready-for-falcons,mouz,xertioN,BLAST,BLAST/Rivals/2025/Spring
BLAST Rivals Spring 2025,2025-05-03,"ddk: ""Counter-Strike feels like it elevates or cares about the competition the most""",https://blast.tv/cs/news/ddk-cs-feels-like-it-elevates-or-cares-about-competition-the-most,,ddk,BLAST,BLAST/Rivals/2025/Spring
BLAST Rivals Spring 2025,2025-05-04,"dupreeh on potential retirement: ""I haven't officially made up my mind""",https://blast.tv/cs/news/dupreeh-on-retirement-i-havent-officially-made-up-my-mind,,dupreeh,BLAST,BLAST/Rivals/2025/Spring
BLAST Rivals Spring 2025,2025-05-01,nqz: Mærkeligt at se FURIA gå internationalt,https://www.dust2.dk/nyheder/60878/nqz-maerkeligt-at-se-furia-gaa-internationalt,pain,nqz,Dust2.dk,BLAST/Rivals/2025/Spring
BLAST Rivals Spring 2025,2025-05-01,Xyp9x fortæller om udskiftningen af siuhy,https://www.dust2.dk/nyheder/60891/xyp9x-fortaeller-om-udskiftningen-af-siuhy,mouz,Xyp9x,Dust2.dk,BLAST/Rivals/2025/Spring
BLAST Rivals Spring 2025,2025-05-02,"Xyp9x: ""Jeg skal have noget mere erfaring""",https://www.dust2.dk/nyheder/60896/xyp9x-jeg-skal-have-noget-mere-erfaring,mouz,Xyp9x,Dust2.dk,BLAST/Rivals/2025/Spring
BLAST Rivals Spring 2025,2025-05-02,"Anders Blume om et halvt år på sidelinjen: ""Det har været rigtig hårdt""",https://www.dust2.dk/nyheder/60897/anders-blume-om-et-halvt-aar-paa-sidelinjen-det-har-vaeret-rigtig-haardt,,Anders Blume,Dust2.dk,BLAST/Rivals/2025/Spring
BLAST Rivals Spring 2025,2025-05-04,mezii sætter ord på det mentale pres,https://www.dust2.dk/nyheder/60997/mezii-saetter-ord-paa-det-mentale-pres,vit,mezii,Dust2.dk,BLAST/Rivals/2025/Spring
BLAST Rivals Spring 2025,2025-05-06,"dupreeh: ""Jeg vil ikke sige, at jeg officielt har stoppet karrieren""",https://www.dust2.dk/nyheder/60993/dupreeh-jeg-vil-ikke-sige-at-jeg-officielt-har-stoppet-karrieren,,dupreeh,Dust2.dk,BLAST/Rivals/2025/Spring
BLAST Rivals Spring 2025,2025-05-07,"dupreeh: ""Hele Astralis-fadæsen, det er jo bare trist""",https://www.dust2.dk/nyheder/61088/dupreeh-hele-astralis-fadaesen-det-er-jo-bare-trist,,dupreeh,Dust2.dk,BLAST/Rivals/2025/Spring
BLAST Rivals Spring 2025,2025-05-03,"stanislaw brutally honest: ""I'm letting my team down""",https://www.youtube.com/watch?v=eHDowP6VXTQ,wildcard,stanislaw,Pley.gg,BLAST/Rivals/2025/Spring
BLAST Rivals Spring 2025,2025-05-03,"Mauisnake talks Astralis: “Desperate moves"", bad management and financial issues",https://www.youtube.com/watch?v=AF8SKVZGYVQ,,Mauisnake,Pley.gg,BLAST/Rivals/2025/Spring
BLAST Rivals Spring 2025,2025-05-04,zonic on m0NESY: I'm really impressed on how easy it is to integrate him to the team,https://www.youtube.com/watch?v=4nFW_S8Do9U,falcons,zonic,Pley.gg,BLAST/Rivals/2025/Spring
BLAST Rivals Spring 2025,2025-05-05,"""Never in doubt"": Confident ropz after beating Falcons at BLAST Rivals",https://www.youtube.com/watch?v=SUIn_V-PVvM,vit,ropz,Pley.gg,BLAST/Rivals/2025/Spring
BLAST Rivals Spring 2025,2025-05-05,launders on s1mple: “He can come back to the level he had at the end of CS:GO”,https://www.youtube.com/watch?v=7gLAV_2y-8U,,s1mple,Pley.gg,BLAST/Rivals/2025/Spring
BLAST Rivals Spring 2025,2025-04-30,BLAST Rivals 2025 Season 1 - Day 1,https://www.hltv.org/gallery/12836,,,HLTV,BLAST/Rivals/2025/Spring
BLAST Rivals Spring 2025,2025-05-01,BLAST Rivals 2025 Season 1 - Day 2,https://www.hltv.org/gallery/12837,,,HLTV,BLAST/Rivals/2025/Spring
BLAST Rivals Spring 2025,2025-05-02,BLAST Rivals 2025 Season 1 - Day 3,https://www.hltv.org/gallery/12839,,,HLTV,BLAST/Rivals/2025/Spring
BLAST Rivals Spring 2025,2025-05-03,BLAST Rivals 2025 Season 1 - Day 4,https://www.hltv.org/gallery/12840,,,HLTV,BLAST/Rivals/2025/Spring
BLAST Rivals Spring 2025,2025-05-04,BLAST Rivals 2025 Season 1 - Day 5,https://www.hltv.org/gallery/12841,,,HLTV,BLAST/Rivals/2025/Spring
BLAST Rivals Spring 2025,2025-05-05,BLAST Rivals 2025 - CS2 Fragmovie,https://youtu.be/aAYYeAjPtiQ,,,HLTV,BLAST/Rivals/2025/Spring
Intel Extreme Masters Melbourne 2025,2025-04-18,"IEM Melbourne teams, schedule, format, prizes, fantasy",https://www.hltv.org/n/41476,,,HLTV,Intel Extreme Masters/2025/Melbourne
Intel Extreme Masters Melbourne 2025,2025-04-27,ZywOo named IEM Melbourne MVP,https://www.hltv.org/n/41555,,,HLTV,Intel Extreme Masters/2025/Melbourne
Intel Extreme Masters Melbourne 2025,2025-04-30,The EVPs and Best Five of IEM Melbourne 2025,https://www.hltv.org/n/41573,,,HLTV,Intel Extreme Masters/2025/Melbourne
Intel Extreme Masters Melbourne 2025,2025-04-21,"rain: ""There are still a lot of things we can get better at""",https://www.hltv.org/n/41489,faze,rain,HLTV,Intel Extreme Masters/2025/Melbourne
Intel Extreme Masters Melbourne 2025,2025-04-21,"ztr: ""We needed to show we don't let one online qualifier define how good we are""",https://www.hltv.org/n/41490,gl,ztr,HLTV,Intel Extreme Masters/2025/Melbourne
Intel Extreme Masters Melbourne 2025,2025-04-21,"m0NESY: ""It just feels like there's a different connection when I play with NiKo""",https://www.hltv.org/n/41494,falcons,m0NESY,HLTV,Intel Extreme Masters/2025/Melbourne
Intel Extreme Masters Melbourne 2025,2025-04-22,"Techno: ""Playoffs will be the real test for us""",https://www.hltv.org/n/41503,mongolz,Techno4k,HLTV,Intel Extreme Masters/2025/Melbourne
Intel Extreme Masters Melbourne 2025,2025-04-22,"Vexite: ""It's our home, we want to make the playoffs""",https://www.hltv.org/n/41506,fq,Vexite,HLTV,Intel Extreme Masters/2025/Melbourne
Intel Extreme Masters Melbourne 2025,2025-04-23,"JT: ""It's going to take time to get to that <nowiki>[</nowiki>playoff<nowiki>]</nowiki> level consistently""",https://www.hltv.org/n/41516,col,JT,HLTV,Intel Extreme Masters/2025/Melbourne
Intel Extreme Masters Melbourne 2025,2025-04-23,"Spinx: ""We're at the point where the goal is not just to qualify for playoffs""",https://www.hltv.org/n/41521,mouz,Spinx,HLTV,Intel Extreme Masters/2025/Melbourne
Intel Extreme Masters Melbourne 2025,2025-04-24,"nqz: ""We've never been this excited for the future; good things are coming""",https://www.hltv.org/n/41501,pain,nqz,HLTV,Intel Extreme Masters/2025/Melbourne
Intel Extreme Masters Melbourne 2025,2025-04-25,"ropz: ""The potential for an era is definitely there, but it's never a thing you really talk about""",https://www.hltv.org/n/41541,vit,ropz,HLTV,Intel Extreme Masters/2025/Melbourne
Intel Extreme Masters Melbourne 2025,2025-04-26,"kyxsan: ""I hope we play against Vitality; I think we are not scared of a BO5""",https://www.hltv.org/n/41549,falcons,kyxsan,HLTV,Intel Extreme Masters/2025/Melbourne
Intel Extreme Masters Melbourne 2025,2025-04-26,"flameZ: ""We welcome the nervousness and stress because we're in a great position as a team""",https://www.hltv.org/n/41551,vit,flameZ,HLTV,Intel Extreme Masters/2025/Melbourne
Intel Extreme Masters Melbourne 2025,2025-04-27,"ZywOo: ""It's not because we won the Grand Slam and Melbourne that everything is done for the Major""",https://www.hltv.org/n/41558,vit,ZywOo,HLTV,Intel Extreme Masters/2025/Melbourne
Intel Extreme Masters Melbourne 2025,2025-04-28,"siuhy: ""I think we can all be proud of the result""",https://www.hltv.org/n/41553,tl,siuhy,HLTV,Intel Extreme Masters/2025/Melbourne
Intel Extreme Masters Melbourne 2025,2025-04-28,"story: ""I'm still very confident that, with six months of work, we will be at a very good level""",https://www.hltv.org/n/41519,saw,story,HLTV,Intel Extreme Masters/2025/Melbourne
Intel Extreme Masters Melbourne 2025,2025-05-09,"ash interview: Newfound fame, ""commitment from both parties"" in GamerLegion and trophy ambitions",https://www.hltv.org/n/41635,gl,ashhh,HLTV,Intel Extreme Masters/2025/Melbourne
Intel Extreme Masters Melbourne 2025,2025-04-19,"TeSes: ""There's all of that noise around the team but there's nothing you can do about it""",https://blast.tv/cs/news/teses-theres-all-of-that-noise,falcons,TeSes,BLAST,Intel Extreme Masters/2025/Melbourne
Intel Extreme Masters Melbourne 2025,2025-04-19,"biguzera on paiN changes: ""kauez is not that guy he was just doing what we needed""",https://blast.tv/cs/news/biguzera-on-pain-changes,pain,biguzera,BLAST,Intel Extreme Masters/2025/Melbourne
Intel Extreme Masters Melbourne 2025,2025-04-20,"torzsi: ""We're getting closer to beating Vitality""",https://blast.tv/cs/news/torzsi-were-getting-closer-to-beating-vitality,mouz,torzsi,BLAST,Intel Extreme Masters/2025/Melbourne
Intel Extreme Masters Melbourne 2025,2025-04-25,"ZywOo: ""We're trying to not think about the Grand Slam",https://blast.tv/cs/news/zywoo-were-trying-to-not-think-about-the-grand-slam,vit,ZywOo,BLAST,Intel Extreme Masters/2025/Melbourne
Intel Extreme Masters Melbourne 2025,2025-04-21,INS takes back IGL reins as FlyQuest shape up for table-topping Vitality at IEM Melbourne,https://esports.gg/news/counter-strike-2/flyquest-ins-iem-melbourne-interview/,fq,INS,Esports.gg,Intel Extreme Masters/2025/Melbourne
Intel Extreme Masters Melbourne 2025,2025-04-21,"MIBR, insani seek consistency at IEM Melbourne after early 2025 season struggles",https://esports.gg/news/counter-strike-2/insani-mibr-interview-iem-melbourne-2025/,mibr,insani,Esports.gg,Intel Extreme Masters/2025/Melbourne
Intel Extreme Masters Melbourne 2025,2025-04-22,Falcons kyxsan on m0NESY: “The biggest thing that I’m surprised about is his communication”,https://esports.gg/news/counter-strike-2/falcons-kyxsan-on-m0nesy-the-biggest-thing-that-im-surprised-about-is-his-communication/,falcons,kyxsan,Esports.gg,Intel Extreme Masters/2025/Melbourne
Intel Extreme Masters Melbourne 2025,2025-04-23,PapaSmithy’s grand plans for FlyQuest presence in Australia — starting with IEM Melbourne,https://esports.gg/news/counter-strike-2/papasmithys-grand-plans-for-flyquest-presence-in-australia-starting-with-iem-melbourne/,fq,PapaSmithy,Esports.gg,Intel Extreme Masters/2025/Melbourne
Intel Extreme Masters Melbourne 2025,2025-04-25,Vitality ropz: “We know we’re eventually going to lose — the scene is so competitive”,https://esports.gg/news/counter-strike-2/vitality-ropz-interview-iem-melbourne/,vit,ropz,Esports.gg,Intel Extreme Masters/2025/Melbourne
Intel Extreme Masters Melbourne 2025,2025-04-25,Torzsi convinced gap to Vitality has closed as MOUZ gears up for IEM semi-final,https://esports.gg/news/counter-strike-2/mouz-torzsi-interview-iem-melbourne/,mouz,torszi,Esports.gg,Intel Extreme Masters/2025/Melbourne
Intel Extreme Masters Melbourne 2025,2025-04-26,Falcons send MOUZ packing in IEM Melbourne semi-final beatdown,https://esports.gg/news/counter-strike-2/m0nesy-falcons-iem-melbourne-interview/,falcons,m0NESY,Esports.gg,Intel Extreme Masters/2025/Melbourne
Intel Extreme Masters Melbourne 2025,2025-04-27,Liquid rebuild well underway as Twistzz settles back into old roles,https://esports.gg/news/counter-strike-2/liquid-twistzz-iem-melbourne-interview/,tl,Twistzz,Esports.gg,Intel Extreme Masters/2025/Melbourne
Intel Extreme Masters Melbourne 2025,2025-04-27,Vitality claim Grand Slam with epic five-map win over Falcons,https://esports.gg/news/counter-strike-2/vitality-mezii-iem-melbourne-interview/,vit,mezii,Esports.gg,Intel Extreme Masters/2025/Melbourne
Intel Extreme Masters Melbourne 2025,2025-04-25,"Spinx reflects on joining MOUZ, the Vitality challenge, and his first IEM Melbourne Experience",https://esportskingdom.gg/counter-strike/spinx-iem-melbourne-2025/,mouz,Spinx,Esports Kingdom,Intel Extreme Masters/2025/Melbourne
Intel Extreme Masters Melbourne 2025,2025-04-25,"apEX ahead of IEM Melbourne Semifinal ""My team is just crazy good""",https://esportskingdom.gg/counter-strike/apex-iem-melbourne-2025/,vit,apEX,Esports Kingdom,Intel Extreme Masters/2025/Melbourne
Intel Extreme Masters Melbourne 2025,2025-04-26,GamerLegion Tauson: “We are way better than what we showed <nowiki>[</nowiki>in the MRQ<nowiki>]</nowiki>”,https://esportskingdom.gg/counter-strike/tauson-iem-melbourne-2025/,gl,Tauson,Esports Kingdom,Intel Extreme Masters/2025/Melbourne
Intel Extreme Masters Melbourne 2025,2025-04-26,Liquid NAF: “It was super funny hearing the ‘F- you Liquid’ chants”,https://esportskingdom.gg/counter-strike/naf-iem-melbourne-2025/,liquid,NAF,Esports Kingdom,Intel Extreme Masters/2025/Melbourne
Intel Extreme Masters Melbourne 2025,2025-04-26,Falcons TeSeS: “The dream is to get Vitality and beat them to deny a Grand Slam”,https://esportskingdom.gg/counter-strike/teses-iem-melbourne-2025/,falcons,TeSeS,Esports Kingdom,Intel Extreme Masters/2025/Melbourne
Intel Extreme Masters Melbourne 2025,2025-04-26,Vitality flameZ: “Great teams win ugly sometimes and this was an ugly win for us”,https://esportskingdom.gg/counter-strike/flamez-iem-melbourne-2025/,vit,flameZ,Esports Kingdom,Intel Extreme Masters/2025/Melbourne
Intel Extreme Masters Melbourne 2025,2025-04-26,torzsi on how MOUZ Plans to Surpass Vitality in 2025,https://www.youtube.com/watch?v=lbtRD_CROVs,mouz,torzsi,Dfrag,Intel Extreme Masters/2025/Melbourne
Intel Extreme Masters Melbourne 2025,2025-04-26,"zonic: ""We’re going all in on stopping Vitality’s Grand Slam""",https://www.youtube.com/watch?v=xX4xqCcmRU8,falcons,zonic,Dfrag,Intel Extreme Masters/2025/Melbourne
Intel Extreme Masters Melbourne 2025,2025-04-27,"Regali on FlyQuest's New Era: ""We Expect Way More From Ourselves""",https://www.youtube.com/watch?v=JN8BYF98L-Y,fq,regali,Dfrag,Intel Extreme Masters/2025/Melbourne
Intel Extreme Masters Melbourne 2025,2025-04-27,"ztr on Playoffs Dreams, FaZe Clan Upset, and Building Confidence",https://www.youtube.com/watch?v=TSJXpb5PPRU,gl,ztr,Dfrag,Intel Extreme Masters/2025/Melbourne
Intel Extreme Masters Melbourne 2025,2025-04-27,"flameZ Talks Undefeated Streak, Falcons Threat, and CS2 Mindset",https://www.youtube.com/watch?v=n899kml9_8Q,vit,flameZ,Dfrag,Intel Extreme Masters/2025/Melbourne
Intel Extreme Masters Melbourne 2025,2025-04-27,"Inside NAF’s Mind: Liquid’s Progress, Role Changes, and Major Goals",https://www.youtube.com/watch?v=DmvSImelYFQ,tl,NAF,Dfrag,Intel Extreme Masters/2025/Melbourne
Intel Extreme Masters Melbourne 2025,2025-04-27,"apEX on Winning the Grand Slam: 'This is Just the Beginning for Vitality'""",https://www.youtube.com/watch?v=fiCI97l1xSE,vit,apEX,Dfrag,Intel Extreme Masters/2025/Melbourne
Intel Extreme Masters Melbourne 2025,2025-04-21,IEM Melbourne 2025 - Day 1,https://www.hltv.org/gallery/12830,,,HLTV,Intel Extreme Masters/2025/Melbourne
Intel Extreme Masters Melbourne 2025,2025-04-22,IEM Melbourne 2025 - Day 2,https://www.hltv.org/gallery/12831,,,HLTV,Intel Extreme Masters/2025/Melbourne
Intel Extreme Masters Melbourne 2025,2025-04-23,IEM Melbourne 2025 - Day 3,https://www.hltv.org/gallery/12832,,,HLTV,Intel Extreme Masters/2025/Melbourne
Intel Extreme Masters Melbourne 2025,2025-04-25,IEM Melbourne 2025 - Day 4,https://www.hltv.org/gallery/12833,,,HLTV,Intel Extreme Masters/2025/Melbourne
Intel Extreme Masters Melbourne 2025,2025-04-26,IEM Melbourne 2025 - Day 5,https://www.hltv.org/gallery/12834,,,HLTV,Intel Extreme Masters/2025/Melbourne
Intel Extreme Masters Melbourne 2025,2025-04-27,IEM Melbourne 2025 - Day 6,https://www.hltv.org/gallery/12835,,,HLTV,Intel Extreme Masters/2025/Melbourne
Intel Extreme Masters Melbourne 2025,2025-04-28,IEM Melbourne - CS2 Fragmovie,https://youtu.be/L16U7uG2DYs,,,HLTV,Intel Extreme Masters/2025/Melbourne
PGL Bucharest 2025,2025-04-05,How lux has emerged as one of Brazil's most promising IGLs,https://www.hltv.org/n/41359,legacy,,HLTV,PGL/2025/Bucharest
PGL Bucharest 2025,2025-04-04,"PGL Bucharest teams, format, schedule, prizes, talent, fantasy",https://www.hltv.org/n/41353,,,HLTV,PGL/2025/Bucharest
PGL Bucharest 2025,2025-04-13,degster secures career-first MVP at PGL Bucharest ahead of Falcons exit,https://www.hltv.org/n/41440,,,HLTV,PGL/2025/Bucharest
PGL Bucharest 2025,2025-04-18,The EVPs and Best Five of PGL Bucharest,https://www.hltv.org/news/41464/the-evps-and-best-five-of-pgl-bucharest,,,HLTV,PGL/2025/Bucharest
PGL Bucharest 2025,2025-04-06,"kaze on Asian MRQs: ""Make it a LAN""",https://www.hltv.org/n/41362,rare atom,kaze,HLTV,PGL/2025/Bucharest
PGL Bucharest 2025,2025-04-06,"JT: ""It feels good to finally be winning some games""",https://www.hltv.org/n/41366,col,JT,HLTV,PGL/2025/Bucharest
PGL Bucharest 2025,2025-04-06,"Maka: ""When we heard MongolZ say it's easy to play against us, we took it personally""",https://www.hltv.org/n/41364,3dmax,Maka,HLTV,PGL/2025/Bucharest
PGL Bucharest 2025,2025-04-07,"woxic: ""We're ready to prove nothing changed for us in terms of representing our country""",https://www.hltv.org/n/41379,aurora,woxic,HLTV,PGL/2025/Bucharest
PGL Bucharest 2025,2025-04-07,"device: ""Today is not the biggest bummer""",https://www.hltv.org/n/41380,astralis,device,HLTV,PGL/2025/Bucharest
PGL Bucharest 2025,2025-04-08,"Bogdan: ""When I saw jcobbb shooting in practice, it was incredible. Insane""",https://www.hltv.org/n/41387,apogee,Bogdan,HLTV,PGL/2025/Bucharest
PGL Bucharest 2025,2025-04-08,"ash: ""Nearly all of our problems have been mental recently""",https://www.hltv.org/n/41388,gl,ashhh,HLTV,PGL/2025/Bucharest
PGL Bucharest 2025,2025-04-09,"siuhy: ""From the moment I joined Twistzz made it clear to me that I'm taking over""",https://www.hltv.org/n/41397,tl,siuhy,HLTV,PGL/2025/Bucharest
PGL Bucharest 2025,2025-04-09,"NiKo: ""kyousuke reminds me a bit of myself — the way he shoots, he likes to go for flashy plays""",https://www.hltv.org/n/41402,falcons,NiKo,HLTV,PGL/2025/Bucharest
PGL Bucharest 2025,2025-04-10,"cadiaN: ""We're just very inconsistent in terms of being on the same page""",https://www.hltv.org/n/41406,astralis,cadiaN,HLTV,PGL/2025/Bucharest
PGL Bucharest 2025,2025-04-11,"Magisk: ""They had some good gimmick plays in the first game; today we were just ready for it""",https://www.hltv.org/n/41415,falcons,Magisk,HLTV,PGL/2025/Bucharest
PGL Bucharest 2025,2025-04-11,"Cxzi: ""I'm not shocked that we're winning games here""",https://www.hltv.org/n/41421,col,Cxzi,HLTV,PGL/2025/Bucharest
PGL Bucharest 2025,2025-04-13,"Snax: ""What changes? I don't know anything""",https://youtu.be/GRC30D_nThc,g2,Snax,HLTV,PGL/2025/Bucharest
PGL Bucharest 2025,2025-04-13,"degster: ""I hope I'll be able to play in tier one. I don't know what's going to happen""",https://www.hltv.org/n/41441,falcons,degster,HLTV,PGL/2025/Bucharest
PGL Bucharest 2025,2025-04-06,"Maka: ""I didn’t expect much from bodyy – now I’m glad he’s here""",https://youtu.be/-xP5-3sasfQ,3dmax,Maka,PGL,PGL/2025/Bucharest
PGL Bucharest 2025,2025-04-06,"bLitz: ""We can win this tournament for sure!"" - Interview",https://youtu.be/4y1JL9m3fMU,mongolz,bLitz,PGL,PGL/2025/Bucharest
PGL Bucharest 2025,2025-04-06,"Snax: ""As an IGL I'm confident with my calls""",https://youtu.be/0NuBeQ67paI,g2,Snax,PGL,PGL/2025/Bucharest
PGL Bucharest 2025,2025-04-06,"Grim: ""Losing EliGE sucked – he was our vocal midround player""",https://youtu.be/cR6dZw3TEwU,col,Grim,PGL,PGL/2025/Bucharest
PGL Bucharest 2025,2025-04-06,"siuhy: ""Twistzz has been really helpful – I’m learning a lot from him""",https://youtu.be/2fPIF37aHW0,tl,siuhy,PGL,PGL/2025/Bucharest
PGL Bucharest 2025,2025-04-06,"biguzera: ""If we keep our individual level high, we can beat anyone""",https://youtu.be/Zjors3ujttA,pain,biguzera,PGL,PGL/2025/Bucharest
PGL Bucharest 2025,2025-04-06,"MAJ3R: ""I try new tactics in officials, not in practice""",https://youtu.be/Npa8iaPq5Bo,aurora,MAJ3R,PGL,PGL/2025/Bucharest
PGL Bucharest 2025,2025-04-06,"Prism: ""There is nothing to lose – now it’s all about the experience!""",https://youtu.be/OC9W_z1bHD4,apogee,Prism,PGL,PGL/2025/Bucharest
PGL Bucharest 2025,2025-04-06,"karrigan: ""We need to win a trophy – it’s been almost a year!""",https://youtu.be/UVqEM4XQeZ4,faze,karrigan,PGL,PGL/2025/Bucharest
PGL Bucharest 2025,2025-04-06,"FalleN: ""It annoys me – because I know the potential we have!""",https://youtu.be/40fBNGfjl7s,furia,FalleN,PGL,PGL/2025/Bucharest
PGL Bucharest 2025,2025-04-07,"kaze: ""We came to Europe to see where our level really is""",https://youtu.be/cPH3LyiyN8s,rare atom,kaze,PGL,PGL/2025/Bucharest
PGL Bucharest 2025,2025-04-07,"kyxsan: ""If we can repeat Cluj form, maybe we can win this time""",https://youtu.be/cdle_ufi6QQ,falcons,kaze,PGL,PGL/2025/Bucharest
PGL Bucharest 2025,2025-04-07,"ashhh: ""Tier two is infested with cheating!""",https://youtu.be/XE0WLrfQ3wg,gl,ashhh,PGL,PGL/2025/Bucharest
PGL Bucharest 2025,2025-04-07,"lux: ""saadzin is the new AWPer in Brazil – you’ll see insane flicks""",https://youtu.be/v3gZv4k6HBU,legacy,lux,PGL,PGL/2025/Bucharest
PGL Bucharest 2025,2025-04-07,"cadiaN: ""On T side, I’m still in the right place to call the game""",https://youtu.be/7KA1w6BXNNw,astralis,cadiaN,PGL,PGL/2025/Bucharest
PGL Bucharest 2025,2025-04-08,"electroNic: ""I want to prove to everyone, and to myself, that I can lead""",https://youtu.be/TipqxNfgKRg,vp,electroNic,PGL,PGL/2025/Bucharest
PGL Bucharest 2025,2025-04-11,"wasiNk: ""Since the start of the year, we believed we could reach playoffs""",https://youtu.be/dFti1l15kvg,3dmax,wasiNk,PGL,PGL/2025/Bucharest
PGL Bucharest 2025,2025-04-11,"JT: ""We’re probably going to keep being the underdog""",https://youtu.be/89a2aVMBPp8,col,JT,PGL,PGL/2025/Bucharest
PGL Bucharest 2025,2025-04-11,"MAJ3R: ""Changing orgs at the start of the tournament was hard to handle""",https://youtu.be/6nKwZbWZ5CA,aurora,MAJ3R,PGL,PGL/2025/Bucharest
PGL Bucharest 2025,2025-04-07,"stavn: ""Han har udviklet sig utrolig meget""",https://www.dust2.dk/nyheder/59884/stavn-han-har-udviklet-sig-utrolig-meget,astralis,stavn,Dust2.dk,PGL/2025/Bucharest
PGL Bucharest 2025,2025-04-07,"Tauson: ""De virker påvirkede""",https://www.dust2.dk/nyheder/59901/tauson-de-virker-paavirkede,gl,Tauson,Dust2.dk,PGL/2025/Bucharest
PGL Bucharest 2025,2025-04-07,"jabbi: ""Ikke godt nok""",https://www.dust2.dk/nyheder/59921/jabbi-ikke-godt-nok,astralis,jabbi,Dust2.dk,PGL/2025/Bucharest
PGL Bucharest 2025,2025-04-08,"cadiaN: ""Vi giver dem for meget plads""",https://www.dust2.dk/nyheder/59966/cadian-vi-giver-dem-for-meget-plads,astralis,cadian,Dust2.dk,PGL/2025/Bucharest
PGL Bucharest 2025,2025-04-09,"zonic: ""Jeg fokuserer ikke på rygter""",https://www.dust2.dk/nyheder/59991/zonic-jeg-fokuserer-ikke-paa-rygter,falcons,zonic,Dust2.dk,PGL/2025/Bucharest
PGL Bucharest 2025,2025-04-09,"Staehr: ""Det er her, jeg gerne vil være""",https://www.dust2.dk/nyheder/60030/staehr-det-er-her-jeg-gerne-vil-vaere,astralis,Staehr,Dust2.dk,PGL/2025/Bucharest
PGL Bucharest 2025,2025-04-10,"stavn: ""Det er til grin""",https://www.dust2.dk/nyheder/60061/stavn-det-er-til-grin,astralis,stavn,Dust2.dk,PGL/2025/Bucharest
PGL Bucharest 2025,2025-04-11,"Tauson: ""Han er stadig en del af holdet""",https://www.dust2.dk/nyheder/60097/tauson-han-er-stadig-en-del-af-holdet,gl,Tauson,Dust2.dk,PGL/2025/Bucharest
PGL Bucharest 2025,2025-04-08,"Cxzi: ""I feel a lot more comfortable now""",https://www.dust2.us/news/59979/cxzi-i-feel-a-lot-more-comfortable-now,col,Cxzi,Dust2.us,PGL/2025/Bucharest
PGL Bucharest 2025,2025-04-09,"nicx on defeating EliGE: ""It means a lot to me""",https://www.dust2.us/news/60029/nicx-on-defeating-elige-it-means-a-lot-to-me,col,nicx,Dust2.us,PGL/2025/Bucharest
PGL Bucharest 2025,2025-04-11,"JT: ""If Grim keeps it up, we can definitely keep winning""",https://www.dust2.us/news/60119/jt-if-grim-keeps-it-up-we-can-definitely-keep-winning,col,JT,Dust2.us,PGL/2025/Bucharest
PGL Bucharest 2025,2025-04-12,"messioso: ""A lot of people are doubting that we belong at this level""",https://www.dust2.us/news/60164/messioso-a-lot-of-people-are-doubting-that-we-belong-at-this-level,col,messioso,Dust2.us,PGL/2025/Bucharest
PGL Bucharest 2025,2025-04-08,sidde comenta pressão por mudança na FURIA,https://www.dust2.com.br/noticias/59972/sidde-comenta-pressao-por-mudanca-na-furia,furia,sidde,Dust2.com.br,PGL/2025/Bucharest
PGL Bucharest 2025,2025-04-06,PGL Bucharest 2025 - Day 1,https://www.hltv.org/gallery/12821,,,HLTV,PGL/2025/Bucharest
PGL Bucharest 2025,2025-04-07,PGL Bucharest 2025 - Day 2,https://www.hltv.org/gallery/12822,,,HLTV,PGL/2025/Bucharest
PGL Bucharest 2025,2025-04-08,PGL Bucharest 2025 - Day 3,https://www.hltv.org/gallery/12823,,,HLTV,PGL/2025/Bucharest
PGL Bucharest 2025,2025-04-09,PGL Bucharest 2025 - Day 4,https://www.hltv.org/gallery/12824,,,HLTV,PGL/2025/Bucharest
PGL Bucharest 2025,2025-04-10,PGL Bucharest 2025 - Day 5,https://www.hltv.org/gallery/12825,,,HLTV,PGL/2025/Bucharest
PGL Bucharest 2025,2025-04-11,PGL Bucharest 2025 - Day 6,https://www.hltv.org/gallery/12826,,,HLTV,PGL/2025/Bucharest
PGL Bucharest 2025,2025-04-12,PGL Bucharest 2025 - Day 7,https://www.hltv.org/gallery/12827,,,HLTV,PGL/2025/Bucharest
PGL Bucharest 2025,2025-04-13,PGL Bucharest 2025 - Day 8,https://www.hltv.org/gallery/12828,,,HLTV,PGL/2025/Bucharest
PGL Bucharest 2025,2025-04-07,<nowiki>[</nowiki>FragMovie<nowiki>]</nowiki> PGL Bucharest 2025 - Day 1,https://youtu.be/1QgMx3j3uzY,,,PGL,PGL/2025/Bucharest
PGL Bucharest 2025,2025-04-08,<nowiki>[</nowiki>FragMovie<nowiki>]</nowiki> PGL Bucharest 2025 - Day 2,https://youtu.be/OFfez-kYrAU,,,PGL,PGL/2025/Bucharest
PGL Bucharest 2025,2025-04-09,<nowiki>[</nowiki>FragMovie<nowiki>]</nowiki> PGL Bucharest 2025 - Day 3,https://youtu.be/HJT-xEcp4ik,,,PGL,PGL/2025/Bucharest
PGL Bucharest 2025,2025-04-10,<nowiki>[</nowiki>FragMovie<nowiki>]</nowiki> PGL Bucharest 2025 - Day 4,https://youtu.be/61eFsj-xpMY,,,PGL,PGL/2025/Bucharest
PGL Bucharest 2025,2025-04-11,<nowiki>[</nowiki>FragMovie<nowiki>]</nowiki> PGL Bucharest 2025 - Best of Group Stage,https://youtu.be/rM3gHUN6QtE,,,PGL,PGL/2025/Bucharest
PGL Bucharest 2025,2025-04-12,<nowiki>[</nowiki>FragMovie<nowiki>]</nowiki> PGL Bucharest 2025 - Best of Quarterfinals,https://youtu.be/4noYWCuO15c,,,PGL,PGL/2025/Bucharest
PGL Bucharest 2025,2025-04-13,<nowiki>[</nowiki>FragMovie<nowiki>]</nowiki> PGL Bucharest 2025 - Best of Semifinals,https://youtu.be/oyQtB8qg3vI,,,PGL,PGL/2025/Bucharest
PGL Bucharest 2025,2025-04-14,PGL Bucharest 2025 - CS2 Fragmovie,https://youtu.be/ka4G6t8qMns,,,HLTV,PGL/2025/Bucharest
PGL Bucharest 2025,2025-03-05,MESA 亞洲大師賽即將開始! OOW首仗挑戰中國RA,https://csgo.com.hk/2025/03/05/mesa-asian-masters-2025-about-to-start/tournament/,,,TomorrowLAN,PGL/2025/Bucharest
Stake Ranked Episode 3,2026-07-17,"Brollan: ""When HEROIC came with the offer, I think it was a really good fit for me, and that was what I basically needed: something refreshing""",https://www.hltv.org/n/45148,heroic,Brollan,HLTV,Stake Ranked/Episode 3
XSE Pro League 2026,2026-06-29,"XSE Pro League teams, format, schedule, prizes, talent, fantasy",https://www.hltv.org/n/45018,,,HLTV,XSE Pro League/2026
XSE Pro League 2026,2026-07-12,HUASOPEEK earns career-first MVP award at XSE Pro League,https://www.hltv.org/n/45121,,,HLTV,XSE Pro League/2026
XSE Pro League 2026,2026-07-15,The EVPs and All-Stars of XSE Pro League Guangzhou 2026,https://www.hltv.org/n/45136,,,HLTV,XSE Pro League/2026
XSE Pro League 2026,2026-07-08,"slaxejezzz on dastan: ""In-game, he might push a bit. But in life, he’s a fun guy, a kind one""",https://www.hltv.org/n/45083,parivision,slaxejezzz,HLTV,XSE Pro League/2026
XSE Pro League 2026,2026-07-09,"JBOEN on FaZe debut: ""I went beyond my own expectations""",https://www.hltv.org/n/45090,faze,JBOEN,HLTV,XSE Pro League/2026
XSE Pro League 2026,2026-07-09,"Jee: ""We plan to go to Europe for a bootcamp and see what we can achieve [at EWC]""",https://www.hltv.org/n/45093,tyloo,Jee,HLTV,XSE Pro League/2026
XSE Pro League 2026,2026-07-10,"faveN: ""We improved a bit since Cologne""",https://www.hltv.org/n/45101,big,faveN,HLTV,XSE Pro League/2026
XSE Pro League 2026,2026-07-10,"enkay J on replacing broky: ""It was a very hard choice, but it was inevitable""",https://www.hltv.org/n/45108,faze,enkay J,HLTV,XSE Pro League/2026
XSE Pro League 2026,2026-07-11,"Boombl4: ""First we need to make playoffs and gain experience; by the end of next season, we can start putting up a worthy fight""",https://www.hltv.org/n/45110,betboom,Boombl4,HLTV,XSE Pro League/2026
XSE Pro League 2026,2026-07-11,"twist: ""I feel like Sweden is for sure coming back to the top""",https://www.hltv.org/n/45115,alliance,twist,HLTV,XSE Pro League/2026
XSE Pro League 2026,2026-07-13,"HUASOPEEK: ""We're close to being a tier-one team, but I don't think we're there yet""",https://www.hltv.org/n/45127,9z,HUASOPEEK,HLTV,XSE Pro League/2026
XSE Pro League 2026,2026-07-07,frozen: 每一场比赛对我们来说都至关重要! 鏖战三局2:1取胜，FaZe成功晋级淘汰赛,https://www.bilibili.com/video/BV1JsMx6hE5D,faze,Twistzz,Xinsai Esports,XSE Pro League/2026
XSE Pro League 2026,2026-07-01,BanKs 独家采访PVISION教练dastan: Hobbit的经验和slaxejezz的能力,https://www.bilibili.com/video/BV19bTi6yEN6,parivision,dastan,,XSE Pro League/2026
XSE Pro League 2026,2026-07-02,Krimz独家采访: 离开fnatic 和JW重聚 如何保持稳定的状态,https://www.bilibili.com/video/BV18pTE6REg8,eyeballers,KRIMZ,,XSE Pro League/2026
XSE Pro League 2026,2026-07-10,HObbit专访: Jame的指挥确实与众不同，如果碰到胖球将会很有意思,https://www.bilibili.com/video/BV1s1NH6SEqT,parivision,HObbit,Perfect World,XSE Pro League/2026
XSE Pro League 2026,2026-07-11,enkay J专访: 今天一些缺乏经验的选手丢掉了关键局，叉车可能成为faze的杀手锏,https://www.bilibili.com/video/BV16rNP6bEBV,faze,enkay J,Perfect World,XSE Pro League/2026
XSE Pro League 2026,2026-07-10,"(XPL 2026) 9z 指揮 max 晉級四強:  ""我們終於在季後賽拿下了勝利""",https://csgo.com.hk/2026/07/10/xpl-2026-9z-max-interview/tournament/,9z,max,TomorrowLAN,XSE Pro League/2026
XSE Pro League 2026,2026-07-10,"(XPL 2026) Alliance twist:  ""我們知道進入第二張地圖後會輕鬆得多""",https://csgo.com.hk/2026/07/10/xpl-2026-alliance-twist-interview/tournament/,alliance,twist,TomorrowLAN,XSE Pro League/2026
XSE Pro League 2026,2026-07-11,"(XPL 2026) FaZe 教練 enkay J:  ""這場賽事對我們來說就像是實戰練習""",https://csgo.com.hk/2026/07/11/xpl-2026-faze-enkay-j-coach-postgame-interview-against-betboom/tournament/,faze,enkay J,TomorrowLAN,XSE Pro League/2026
XSE Pro League 2026,2026-07-13,"(XPL 2026) 9z IGL max: ""這是我們渴望多年的獎盃，今天我們打得毫無畏懼""",https://csgo.com.hk/2026/07/13/xpl-2026-parivision-hobbit-interview/tournament/,9z,max,TomorrowLAN,XSE Pro League/2026
XSE Pro League 2026,2026-06-30,"""两周前刚知道要入队"" faze.JBOEN初访",https://www.bilibili.com/video/BV17UKd6zER9,faze,JBOEN,Faze Clan Galaxy Archive,XSE Pro League/2026
XSE Pro League 2026,2026-07-01,"""就像在fnatic的老日子一样"" KRIMZ采访",https://www.bilibili.com/video/BV1vsTe6zEw2,eyeballers,KRIMZ,Faze Clan Galaxy Archive,XSE Pro League/2026
XSE Pro League 2026,2026-07-01,"""我相信FaZe魔法"" Neityu采访",https://www.bilibili.com/video/BV1DgTY6FEpH,faze,Neityu,Faze Clan Galaxy Archive,XSE Pro League/2026
XSE Pro League 2026,2026-07-01,"""我为留在这里付出了很多"" tabseN采访",https://www.bilibili.com/video/BV11sTv6tEr1,big,tabseN,Faze Clan Galaxy Archive,XSE Pro League/2026
XSE Pro League 2026,2026-07-01,"""我们有机会夺冠"" Jcobbb媒体日采访",https://www.bilibili.com/video/BV19MTv6uEEs,faze,Jcobbb,Faze Clan Galaxy Archive,XSE Pro League/2026
XSE Pro League 2026,2026-07-01,"""线下才是我渴望的舞台"" JW专访",https://www.bilibili.com/video/BV1VhTi6VEiS,eyeballers,JW,Faze Clan Galaxy Archive,XSE Pro League/2026
XSE Pro League 2026,2026-07-02,"""健身有助身心健康 还能激励队友"" blameF采访",https://www.bilibili.com/video/BV1C6Tr6rEay,big,blameF,Faze Clan Galaxy Archive,XSE Pro League/2026
XSE Pro League 2026,2026-07-04,"""太多人挑捷径走 不过我要说..."" enkay J赛后采访",https://www.bilibili.com/video/BV1rLTf6QEJc,faze,enkay J,Faze Clan Galaxy Archive,XSE Pro League/2026
XSE Pro League 2026,2026-07-04,"""大家有在讨论我就好"" JBOEN赛后采访",https://www.bilibili.com/video/BV1kGTf69EWo,faze,JBOEN,Faze Clan Galaxy Archive,XSE Pro League/2026
XSE Pro League 2026,2026-07-05,"""重建的过程慢慢来"" Twistzz赛后采访",https://www.bilibili.com/video/BV16bMN6TEv8,faze,Twistzz,Faze Clan Galaxy Archive,XSE Pro League/2026
XSE Pro League 2026,2026-07-06,"""唯奖杯才能填满我的心"" frozen晋级采访",https://www.bilibili.com/video/BV1yoTQ66Eg5,faze,frozen,Faze Clan Galaxy Archive,XSE Pro League/2026
XSE Pro League 2026,2026-07-11,"""利用一切时间进步"" frozen晋级XPL四强采访",https://www.bilibili.com/video/BV1mcNW6tEr7,faze,frozen,Faze Clan Galaxy Archive,XSE Pro League/2026
XSE Pro League 2026,2026-07-11,"""团队给了我需要的自由"" JBOEN晋级XPL四强采访",https://www.bilibili.com/video/BV12PNW6xEEs,faze,JBOEN,Faze Clan Galaxy Archive,XSE Pro League/2026
XSE Pro League 2026,2026-06-30,"XPL专访frozen: 失败为成功铺路, 流言蜚语随它去吧",https://www.bilibili.com/video/BV1BnKX6cELt,faze,frozen,FaZe Clan CN Fan Page,XSE Pro League/2026
XSE Pro League 2026,2026-06-30,"XPL专访Jcobbb: 队伍给了我归属感, 对我帮助最大的人是karrigan",https://www.bilibili.com/video/BV14fTc6TEsA,faze,Jcobbb,FaZe Clan CN Fan Page,XSE Pro League/2026
XSE Pro League 2026,2026-07-01,XPL专访Jee: I miss broky,https://www.bilibili.com/video/BV1U3TY6bELE,tyloo,Jee,FaZe Clan CN Fan Page,XSE Pro League/2026
XSE Pro League 2026,2026-07-02,"XPL专访KRIMZ: 我和JW情同手足, 没有时间练习cache",https://www.bilibili.com/video/BV1hxTn6hENZ,eyeballers,KRIMZ,FaZe Clan CN Fan Page,XSE Pro League/2026
XSE Pro League 2026,2026-07-03,"XPL专访Jee: ZhokiNg非常了解Cache, 广州美食非常不错",https://www.bilibili.com/video/BV1tzTs6MEKu,tyloo,Jee,FaZe Clan CN Fan Page,XSE Pro League/2026
XSE Pro League 2026,2026-07-03,"XPL专访dgt: 我们准备充分, 队伍在建立稳定性",https://www.bilibili.com/video/BV1EwTt6cEUz,9z,dgt,FaZe Clan CN Fan Page,XSE Pro League/2026
XSE Pro League 2026,2026-07-04,"XPL专访Twistzz: broky有些无法融入游戏, 我对他的离开感到伤心",https://www.bilibili.com/video/BV1QZTt6QEGY,faze,Twistzz,FaZe Clan CN Fan Page,XSE Pro League/2026
XSE Pro League 2026,2026-07-04,"XPL专访JBOEN: 我非常想融入这个团队, FaZe让我赢得了尊重",https://www.bilibili.com/video/BV1wvTt6BEm5,faze,JBOEN,FaZe Clan CN Fan Page,XSE Pro League/2026
XSE Pro League 2026,2026-07-05,"XPL专访Neityu: 有信心打赢Cache, 有JBOEN这样的狙击手很好",https://www.bilibili.com/video/BV1p1MK6LEEB,faze,Neityu,FaZe Clan CN Fan Page,XSE Pro League/2026
XSE Pro League 2026,2026-07-05,"XPL专访enkay J: 团队化学反应还需时间, 现阶段不去想太多一场一场来",https://www.bilibili.com/video/BV1YSMu6uEie,faze,enkay J,FaZe Clan CN Fan Page,XSE Pro League/2026
XSE Pro League 2026,2026-07-06,XPL专访JBOEN: 对自己的表现很满意，调动队内情绪是关键,https://www.bilibili.com/video/BV1CHT96VEpn,faze,JBOEN,FaZe Clan CN Fan Page,XSE Pro League/2026
XSE Pro League 2026,2026-07-11,XPL专访jcobbb: 我们每个人都在发挥，很喜欢cache这张图,https://www.bilibili.com/video/BV142Nx6vE6d,faze,jcobbb,FaZe Clan CN Fan Page,XSE Pro League/2026
XSE Pro League 2026,2026-07-11,XPL专访frozen: 本以为今天的比赛会更难一点，现在的每场比赛对团队都很重要,https://www.bilibili.com/video/BV1tHNw6eEjS,faze,frozen,FaZe Clan CN Fan Page,XSE Pro League/2026
XSE Pro League 2026,2026-07-04,"Twistzz赛后采访: 看到karrigan的成功, 既有开心也有失落, 我觉得frozen是想留在这儿的, broky处于艰难的时期, 需要空间和粉丝的关爱",https://www.bilibili.com/video/BV1JiTZ6JEEM,faze,Twistzz,Jame Time Repost,XSE Pro League/2026
XSE Pro League 2026,2026-07-04,tex1y: 如果能和nota打兄弟CS会很棒 但谁也说不准事情会怎么样,https://www.bilibili.com/video/BV1PFMP6uEa8,nemesis,tex1y,Jame Time Repost,XSE Pro League/2026
XSE Pro League 2026,2026-07-06,Faze教练enkay J赛后采访: 我早就想把JBOEN招进队伍了，除了我其他人都不知道都他有多大的潜能,https://www.bilibili.com/video/BV1KNTS6BEU5,faze,enkay J,Jame Time Repost,XSE Pro League/2026
XSE Pro League 2026,2026-07-06,Neityu: 前路可能会有点漫长 但我们迟早会走到终点的,https://www.bilibili.com/video/BV1M9T96HEip,faze,Neityu,Jame Time Repost,XSE Pro League/2026
XSE Pro League 2026,2026-07-10,HUASOPEEK: 我非常感激现场观众们的支持 他们给了我们很多能量和激情,https://www.bilibili.com/video/BV1kdMH6XEcD,9z,HUASOPEEK,Jame Time Repost,XSE Pro League/2026
XSE Pro League 2026,2026-07-10,Hobbit: 我还不说不清楚我们是一线还是二线队，但是目前我们正在逐渐适应一线赛场,https://www.bilibili.com/video/BV1beNJ6JEqm,parivision,Hobbit,Jame Time Repost,XSE Pro League/2026
XSE Pro League 2026,2026-07-11,dastan: 对于今天的比赛没有太大压力，我们会全力以赴取得胜利,https://www.bilibili.com/video/BV1xNNc64Ez3,parivision,dastan,Jame Time Repost,XSE Pro League/2026
XSE Pro League 2026,2026-07-10,Hobbit: op被cache替代了挺可惜的，但是我们cache也不差! 广州的桑拿馆很good!,https://www.bilibili.com/video/BV1RfNJ6wEoE,parivision,Hobbit,,XSE Pro League/2026
XSE Pro League 2026,2026-07-10,frozen短聊: 我觉得我们做得比较好的一点，就是会不断调整打法，加入新东西: 中国粉丝独一无二!,https://www.bilibili.com/video/BV1QuNp6AERS,faze,frozen,,XSE Pro League/2026
XSE Pro League 2026,2026-07-11,9z杀第一的选手luchov: 晋级总决赛的话 ，打Anubis可能有点难 所以明天会打Cache吧,https://www.bilibili.com/video/BV1MfNF6aEu9,9z,luchov,,XSE Pro League/2026
XSE Pro League 2026,2026-07-09,XSE Pro League Guangzhou 2026 - Day 6,https://www.hltv.org/gallery/13129,,,HLTV,XSE Pro League/2026
XSE Pro League 2026,2026-07-10,XSE Pro League Guangzhou 2026 - Day 7,https://www.hltv.org/gallery/13130,,,HLTV,XSE Pro League/2026
XSE Pro League 2026,2026-07-11,XSE Pro League Guangzhou 2026 - Day 8,https://www.hltv.org/gallery/13131,,,HLTV,XSE Pro League/2026
XSE Pro League 2026,2026-07-12,XSE Pro League Guangzhou 2026 - Day 9,https://www.hltv.org/gallery/13132,,,HLTV,XSE Pro League/2026
{{Liquipedia links/Asian Champions League 2026}}Asian Champions League 2026,2026-05-18,英雄亞冠 ACL 2026: LVG 力挫 JiJieHao 奪冠,https://csgo.com.hk/2026/05/18/acl-2026-conclusion/tournament/,,,TomorrowLAN,Hero Esports/Asian Champions League/2026
{{Liquipedia links/Asian Champions League 2026}}Asian Champions League 2026,2026-04-25,英雄亞冠ACL CS2資格賽: 五一假期前夕上海揭戰幔,https://csgo.com.hk/2026/04/25/hero-esports-acl-cs2-2026-qualfiier-preview/tournament/,,,TomorrowLAN,Hero Esports/Asian Champions League/2026
{{Liquipedia links/Asian Champions League 2026}}Asian Champions League 2026,2026-05-06,英雄亞冠ACL資格賽戰報: 5star AE LB JJH晉級,https://csgo.com.hk/2026/05/04/acl-2026-closed-qualifier-conclusion/tournament/,,,TomorrowLAN,Hero Esports/Asian Champions League/2026
PGL Bucharest 2026,2026-04-11,cmtry earns maiden MVP at PGL Bucharest 2026,https://www.hltv.org/n/44340,,,HLTV,PGL/2026/Bucharest
PGL Bucharest 2026,2026-04-16,The EVPs and All-Stars of PGL Bucharest 2026,https://www.hltv.org/n/44393,,,HLTV,PGL/2026/Bucharest
PGL Bucharest 2026,2026-04-04,"volt: ""If we don't play the next Major, I'm gonna lose my mind""",https://www.hltv.org/n/44272,fokus,volt,HLTV,PGL/2026/Bucharest
PGL Bucharest 2026,2026-04-04,"npl on Cologne Major: ""Even if we didn't qualify, we said that it's okay""",https://www.hltv.org/n/44274,b8,npl,HLTV,PGL/2026/Bucharest
PGL Bucharest 2026,2026-04-05,"Maka: ""It's been quite some months that we've struggled in terms of confidence""",https://www.hltv.org/n/44280,3dmax,Maka,HLTV,PGL/2026/Bucharest
PGL Bucharest 2026,2026-04-05,"JW: ""I feel like this is where I'm supposed to be""",https://www.hltv.org/n/44285,eyeballers,JW,HLTV,PGL/2026/Bucharest
PGL Bucharest 2026,2026-04-06,"LNZ: ""I'm respected here, people value me and my opinions. I didn't really have that in the same way as I do now""",https://www.hltv.org/n/44293,mibr,LNZ,HLTV,PGL/2026/Bucharest
PGL Bucharest 2026,2026-04-06,"karrigan: ""It's going to put a scar in me, and that's gonna be a scar I try to heal, or it's gonna break me""",https://www.hltv.org/n/44295,faze,karrigan,HLTV,PGL/2026/Bucharest
PGL Bucharest 2026,2026-04-07,"MUTiRiS: ""Here I'm more the IGL, I'm not the captain""",https://www.hltv.org/n/44304,bc.game,MUTiRiS,HLTV,PGL/2026/Bucharest
PGL Bucharest 2026,2026-04-07,"nEMANHA on joining Wildcard: ""It was a good option for me, for my future""",https://www.hltv.org/n/44305,wildcard,nEMANHA,HLTV,PGL/2026/Bucharest
PGL Bucharest 2026,2026-04-07,"headtr1ck: ""Sometimes we speak about something but we don't commit to it""",https://www.hltv.org/n/44300,inner circle,headtr1ck,HLTV,PGL/2026/Bucharest
PGL Bucharest 2026,2026-04-07,"Graviti: ""It feels good to play good CS, it's not about the playoffs""",https://www.hltv.org/n/44306,3dmax,Graviti,HLTV,PGL/2026/Bucharest
PGL Bucharest 2026,2026-04-08,"Jame: ""At this tournament I've run into a problem where I'm not sure what to call, because I know there will be errors""",https://www.hltv.org/n/44313,parivision,Jame,HLTV,PGL/2026/Bucharest
PGL Bucharest 2026,2026-04-09,"wasiNk on 3DMAX's improvement: ""Really it was just a question of time""",https://www.hltv.org/n/44318,3dmax,wasiNk,HLTV,PGL/2026/Bucharest
PGL Bucharest 2026,2026-04-09,"coolio: ""I don't think there are many teams in the world like ours, we are more than a family""",https://www.hltv.org/n/44323,fut,coolio,HLTV,PGL/2026/Bucharest
PGL Bucharest 2026,2026-04-10,"zweih: ""There is no excuse in this result. We should win this tournament 10/10 [times]""",https://www.hltv.org/n/44326,parivision,zweih,HLTV,PGL/2026/Bucharest
PGL Bucharest 2026,2026-04-10,"HooXi on being third in VRS: ""It's cool to be there, but I also think we will get humbled when IEM Rio comes around""",https://www.hltv.org/n/44332,astralis,HooXi,HLTV,PGL/2026/Bucharest
PGL Bucharest 2026,2026-04-11,"cmtry: ""After we beat MOUZ I gained a lot of confidence, and now it's easier to play""",https://www.hltv.org/n/44334,fut,cmtry,HLTV,PGL/2026/Bucharest
PGL Bucharest 2026,2026-04-04,PGL Bucharest 2026 - Day 1,https://www.hltv.org/gallery/13066,,,HLTV,PGL/2026/Bucharest
PGL Bucharest 2026,2026-04-05,PGL Bucharest 2026 - Day 2,https://www.hltv.org/gallery/13068,,,HLTV,PGL/2026/Bucharest
PGL Bucharest 2026,2026-04-06,PGL Bucharest 2026 - Day 3,https://www.hltv.org/gallery/13070,,,HLTV,PGL/2026/Bucharest
PGL Bucharest 2026,2026-04-07,PGL Bucharest 2026 - Day 4,https://www.hltv.org/gallery/13071,,,HLTV,PGL/2026/Bucharest
PGL Bucharest 2026,2026-04-08,PGL Bucharest 2026 - Day 5,https://www.hltv.org/gallery/13072,,,HLTV,PGL/2026/Bucharest
PGL Bucharest 2026,2026-04-09,PGL Bucharest 2026 - Day 6,https://www.hltv.org/gallery/13073,,,HLTV,PGL/2026/Bucharest
PGL Bucharest 2026,2026-04-10,PGL Bucharest 2026 - Day 7,https://www.hltv.org/gallery/13074,,,HLTV,PGL/2026/Bucharest
PGL Bucharest 2026,2026-04-11,PGL Bucharest 2026 - Day 8,https://www.hltv.org/gallery/13075,,,HLTV,PGL/2026/Bucharest
Stake Ranked Episode 1,2026-04-01,"NertZ: ""I have full confidence in the players and the system we have""",https://www.hltv.org/n/44241,g2,NertZ,HLTV,Stake Ranked/Episode 1
Stake Ranked Episode 1,2026-04-01,"FL4MUS on BetBoom's roster if they qualify for the Major: ""We didn't discuss who will play""",https://www.hltv.org/n/44243,betboom,FL4MUS,HLTV,Stake Ranked/Episode 1
Stake Ranked Episode 1,2026-04-02,"Chr1zN on the Major race: ""We just play, and we see how it goes""",https://www.hltv.org/n/44251,heroic,Chr1zN,HLTV,Stake Ranked/Episode 1
Stake Ranked Episode 1,2026-04-02,"mopoz: ""We added a lot of unnecessary pressure on ourselves""",https://www.hltv.org/n/44254,gentle mates,mopoz,HLTV,Stake Ranked/Episode 1
Stake Ranked Episode 1,2026-04-02,"SunPayus: ""I love playing with NertZ, and I'm very happy that he's here""",https://www.hltv.org/n/44257,g2,SunPayus,HLTV,Stake Ranked/Episode 1
Stake Ranked Episode 1,2026-04-03,"Boombl4: ""We want to meet G2 in the grand final and play a best-of-three of best-of-threes""",https://www.hltv.org/n/44264,betboom,Boombl4,HLTV,Stake Ranked/Episode 1
Stake Ranked Episode 1,2026-04-03,"Xizt: ""We're losing a lot of tight games — that's the story of the whole season""",https://www.hltv.org/n/44266,nip,Xizt,HLTV,Stake Ranked/Episode 1
Stake Ranked Episode 1,2026-04-04,"TOBIZ: ""The last month, we've been in a state of pure pressure""",https://www.hltv.org/n/44275,heroic,TOBIZ,HLTV,Stake Ranked/Episode 1
Stake Ranked Episode 1,2026-04-07,"sAw: ""I know what NertZ can bring to the team when you give him the right resources and put him in the good positions""",https://www.hltv.org/n/44303,g2,sAw,HLTV,Stake Ranked/Episode 1
Stake Ranked Episode 1,2026-04-01,Stake Ranked Episode 1 - Day 1,https://www.hltv.org/gallery/13060,,,HLTV,Stake Ranked/Episode 1
Stake Ranked Episode 1,2026-04-02,Stake Ranked Episode 1 - Day 2,https://www.hltv.org/gallery/13063,,,HLTV,Stake Ranked/Episode 1
Stake Ranked Episode 1,2026-04-03,Stake Ranked Episode 1 - Day 3,https://www.hltv.org/gallery/13064,,,HLTV,Stake Ranked/Episode 1
ESL Impact League Season 8,2025-12-01,"ASTRA: ""I'm really sad that Impact is ending, but I'm so glad that it happened""",https://www.hltv.org/n/43333,big equipa,ASTRA,HLTV,ESL/Impact League/Season 8
ESL Impact League Season 8,2025-11-30,ESL Impact League Season 8 Finals,https://www.hltv.org/gallery/12993,,,HLTV,ESL/Impact League/Season 8
PGL Masters Bucharest 2025,2025-10-23,"PGL Masters Bucharest teams, format, schedule, talent, prizes, fantasy",https://www.hltv.org/n/43009,,,HLTV,PGL/2025/Masters
PGL Masters Bucharest 2025,2025-11-01,XANTARES claims career-first LAN MVP at PGL Masters Bucharest,https://www.hltv.org/n/43093,,,HLTV,PGL/2025/Masters
PGL Masters Bucharest 2025,2025-11-06,The EVPs and All-Stars of PGL Masters Bucharest,https://www.hltv.org/n/43135,,,HLTV,PGL/2025/Masters
PGL Masters Bucharest 2025,2025-10-26,"NertZ: ""Me and EliGE are aligned in the way we see CS""",https://www.hltv.org/n/43019,tl,NertZ,HLTV,PGL/2025/Masters
PGL Masters Bucharest 2025,2025-10-26,"Tauson: ""We talked about having the inner belief back. I feel we lost it a bit during EPL and CAC""",https://www.hltv.org/n/43020,gl,Tauson,HLTV,PGL/2025/Masters
PGL Masters Bucharest 2025,2025-10-27,"saadzin: ""I just want to win, I don’t want to have the best stats in the game""",https://www.hltv.org/n/43028,legacy,saadzin,HLTV,PGL/2025/Masters
PGL Masters Bucharest 2025,2025-10-27,"AZR: ""I've changed a lot of stuff with positions in the team that I feel like make more sense""",https://www.hltv.org/n/43030,fq,AZR,HLTV,PGL/2025/Masters
PGL Masters Bucharest 2025,2025-10-27,"headtr1ck on alex666 as IGL: ""He's kind and able to find the right way to speak to each person""",https://www.hltv.org/n/43035,b8,headtr1ck,HLTV,PGL/2025/Masters
PGL Masters Bucharest 2025,2025-10-27,"MUTiRiS on beating GamerLegion: ""The team showed a lot of resilience""",https://www.hltv.org/n/43036,saw,MUTiRiS,HLTV,PGL/2025/Masters
PGL Masters Bucharest 2025,2025-10-28,"Staehr on Astralis' second-map struggles: ""I don't know if it's a mental barrier""",https://www.hltv.org/n/43040,astralis,Staehr,HLTV,PGL/2025/Masters
PGL Masters Bucharest 2025,2025-10-29,"Snappi on PGL Masters Bucharest elimination: ""It's a good reality check for the Major""",https://www.hltv.org/n/43043,nip,Snappi,HLTV,PGL/2025/Masters
PGL Masters Bucharest 2025,2025-10-29,"exit: ""We are going to have a one-month-bootcamp for the Major""",https://www.hltv.org/n/43046,mibr,exit,HLTV,PGL/2025/Masters
PGL Masters Bucharest 2025,2025-10-29,"LNZ: ""We've shown what we can do <nowiki>[</nowiki>...<nowiki>]</nowiki> but we shouldn't get ahead of ourselves""",https://www.hltv.org/n/43045,heroic,LNZ,HLTV,PGL/2025/Masters
PGL Masters Bucharest 2025,2025-10-29,"Lucky: ""We’re capable of having a high ceiling, but we just lack the consistency""",https://www.hltv.org/n/43051,3dmax,Lucky,HLTV,PGL/2025/Masters
PGL Masters Bucharest 2025,2025-10-29,"ArtFr0st: ""We could've gone really deep into the tournament, but bad vibes affected us too much""",https://www.hltv.org/n/43057,betboom,ArtFr0st,HLTV,PGL/2025/Masters
PGL Masters Bucharest 2025,2025-10-29,"snow: ""I'm very confident going into the playoffs""",https://www.hltv.org/n/43048,pain,snow,HLTV,PGL/2025/Masters
PGL Masters Bucharest 2025,2025-10-30,"alex: ""Those victories <nowiki>[</nowiki>over Vitality, G2<nowiki>]</nowiki> don't mean anything if you don't find consistency""",https://www.hltv.org/n/43060,gentle mates,alex,HLTV,PGL/2025/Masters
PGL Masters Bucharest 2025,2025-10-30,"ruggah: ""We need to raise our level, but <nowiki>[</nowiki>the pressure of the Major<nowiki>]</nowiki> also brings the ball a little into our court with our experienced players""",https://www.hltv.org/n/43067,astralis,ruggah,HLTV,PGL/2025/Masters
PGL Masters Bucharest 2025,2025-10-31,"xfl0ud: ""We are happy with the result, and if we gain a lesson from these losses, it will be perfect""",https://www.hltv.org/n/43076,heroic,xfl0ud,HLTV,PGL/2025/Masters
PGL Masters Bucharest 2025,2025-10-31,"alex666 on becoming IGL: ""The coach asked me and I said, 'there is no other option, so I can try'""",https://www.hltv.org/n/43074,b8,alex666,HLTV,PGL/2025/Masters
PGL Masters Bucharest 2025,2025-10-31,"siuhy: ""We are still yet to fully go in-depth in practice with EliGE""",https://www.hltv.org/n/43080,tl,siuhy,HLTV,PGL/2025/Masters
PGL Masters Bucharest 2025,2025-10-31,"biguzera: ""We lost a round on Nuke that is impossible to lose, and I feel like we lost our mind after that""",https://www.hltv.org/n/43083,pain,biguzera,HLTV,PGL/2025/Masters
PGL Masters Bucharest 2025,2025-10-31,"MAJ3R on last two months: ""I felt like my players were not very confident when I was calling""",https://www.hltv.org/n/43084,aurora,MAJ3R,HLTV,PGL/2025/Masters
PGL Masters Bucharest 2025,2025-11-01,"n1ssim on facing Aurora in the final: ""We want revenge""",https://www.hltv.org/n/43085,legacy,n1ssim,HLTV,PGL/2025/Masters
PGL Masters Bucharest 2025,2025-11-01,"Ag1l: ""It's kind of bittersweet to be here""",https://www.hltv.org/n/43090,saw,Ag1l,HLTV,PGL/2025/Masters
PGL Masters Bucharest 2025,2025-11-01,"XANTARES: ""We sometimes choke so badly, and we need to work on this""",https://www.hltv.org/n/43094,aurora,XANTARES,HLTV,PGL/2025/Masters
PGL Masters Bucharest 2025,2025-10-26,Tauson efter sejr: “Vi har vågnet op”,https://www.dust2.dk/nyheder/67018/tauson-efter-sejr-vi-har-vaagnet-op,gl,Tauson,Dust2.dk,PGL/2025/Masters
PGL Masters Bucharest 2025,2025-10-25,"""Acreditamos por muito tempo e fomos recompensados agora"": dumau e latto falam sobre parceria",https://www.dust2.com.br/noticias/66993/acreditamos-por-muito-tempo-e-fomos-recompensados-agora-dumau-e-latto-falam-sobre-parceria,legacy,dumau,Dust2.com.br,PGL/2025/Masters
PGL Masters Bucharest 2025,2025-10-26,"biguzera sobre críticas da paiN: ""Não me incomodam quando vem de torcedor""",https://www.dust2.com.br/noticias/67014/biguzera-sobre-criticas-da-pain-nao-me-incomodam-quando-vem-de-torcedor,pain,biguzera,Dust2.com.br,PGL/2025/Masters
PGL Masters Bucharest 2025,2025-10-26,"brn$ após chance no MIBR: ""Dá mais gás para continuar focado e dedicado""",https://www.dust2.com.br/noticias/67024/brn-apos-chance-no-mibr-da-mais-gas-para-continuar-focado-e-dedicado,mibr,brn$,Dust2.com.br,PGL/2025/Masters
PGL Masters Bucharest 2025,2025-10-27,"saadzin: ""Estamos chegando perto de nos solidificarmos como um time tier S""",https://www.dust2.com.br/noticias/67043/saadzin-estamos-chegando-perto-de-nos-solidificarmos-como-um-time-tier-s,legacy,saadzin,Dust2.com.br,PGL/2025/Masters
PGL Masters Bucharest 2025,2025-10-27,"nqz: ""Tenho altos muito altos e baixos muito baixos, estou tentando balancear""",https://www.dust2.com.br/noticias/67046/nqz-tenho-altos-muito-altos-e-baixos-muito-baixos-estou-tentando-balancear,pain,nqz,Dust2.com.br,PGL/2025/Masters
PGL Masters Bucharest 2025,2025-10-27,Qikert diz que ainda não achou seu jogo e aponta principal problema do MIBR,https://www.dust2.com.br/noticias/67065/qikert-diz-que-ainda-nao-achou-seu-jogo-e-aponta-principal-problema-do-mibr,mibr,Qikert,Dust2.com.br,PGL/2025/Masters
PGL Masters Bucharest 2025,2025-10-28,"lux após 1º título como IGL: ""Não imaginava que viria tão cedo""",https://www.dust2.com.br/noticias/67078/lux-apos-1-titulo-como-igl-nao-imaginava-que-viria-tao-cedo,legacy,lux,Dust2.com.br,PGL/2025/Masters
PGL Masters Bucharest 2025,2025-10-28,"""Meu time sabe como sou, sabe da minha dedicação"", diz Snow",https://www.dust2.com.br/noticias/67089/meu-time-sabe-como-sou-sabe-da-minha-dedicacao-diz-snow,pain,Snow,Dust2.com.br,PGL/2025/Masters
PGL Masters Bucharest 2025,2025-10-29,"exit: ""No Major não teremos nenhuma desculpa""",https://www.dust2.com.br/noticias/67097/exit-no-major-nao-teremos-nenhuma-desculpa,mibr,exit,Dust2.com.br,PGL/2025/Masters
PGL Masters Bucharest 2025,2025-10-29,"MUTiRiS reflete sobre cenário português: ""Muitos não gostam de trabalhar tanto""",https://www.dust2.com.br/noticias/67110/mutiris-reflete-sobre-cenario-portugues-muitos-nao-gostam-de-trabalhar-tanto,saw,MUTiRiS,Dust2.com.br,PGL/2025/Masters
PGL Masters Bucharest 2025,2025-10-30,n1ssim comemora vaga no playoffs e avalia possível reencontro com paiN,https://www.dust2.com.br/noticias/67131/n1ssim-comemora-vaga-no-playoffs-e-avalia-possivel-reencontro-com-pain,legacy,n1ssim,Dust2.com.br,PGL/2025/Masters
PGL Masters Bucharest 2025,2025-10-30,"Substituto de última hora, ruggah brinca: ""Não é tão fácil como anos atrás""",https://www.dust2.com.br/noticias/67141/substituto-de-ultima-hora-ruggah-brinca-nao-e-tao-facil-como-anos-atras,astralis,ruggah,Dust2.com.br,PGL/2025/Masters
PGL Masters Bucharest 2025,2025-10-31,"paiN precisa de mais ""foco e inteligência em alguns rounds"", diz biguzera",https://www.dust2.com.br/noticias/67166/pain-precisa-de-mais-foco-e-inteligencia-em-alguns-rounds-diz-biguzera,pain,biguzera,Dust2.com.br,PGL/2025/Masters
PGL Masters Bucharest 2025,2025-10-31,"lux: ""Vão fazer 3 meses que estamos fora de casa, não seria nesse momento que deixaríamos a peteca cair""",https://www.dust2.com.br/noticias/67178/lux-vao-fazer-3-meses-que-estamos-fora-de-casa-nao-seria-nesse-momento-que-deixariamos-a-peteca-cair,legacy,lux,Dust2.com.br,PGL/2025/Masters
PGL Masters Bucharest 2025,2025-11-01,"dumau reconhece ""casca grossa"", mas lamenta vice: ""Sensação é que não valeu nada a pena""",https://www.dust2.com.br/noticias/67208/dumau-reconhece-casca-grossa-mas-lamenta-vice-sensacao-e-que-nao-valeu-nada-a-pena,legacy,dumau,Dust2.com.br,PGL/2025/Masters
PGL Masters Bucharest 2025,2025-10-26,PGL Masters Bucharest 2025 - Day 1,https://www.hltv.org/gallery/12967,,,HLTV,PGL/2025/Masters
PGL Masters Bucharest 2025,2025-10-27,PGL Masters Bucharest 2025 - Day 2,https://www.hltv.org/gallery/12968,,,HLTV,PGL/2025/Masters
PGL Masters Bucharest 2025,2025-10-28,PGL Masters Bucharest 2025 - Day 3,https://www.hltv.org/gallery/12969,,,HLTV,PGL/2025/Masters
PGL Masters Bucharest 2025,2025-10-29,PGL Masters Bucharest 2025 - Day 4,https://www.hltv.org/gallery/12970,,,HLTV,PGL/2025/Masters
PGL Masters Bucharest 2025,2025-10-30,PGL Masters Bucharest 2025 - Day 5,https://www.hltv.org/gallery/12971,,,HLTV,PGL/2025/Masters
PGL Masters Bucharest 2025,2025-10-31,PGL Masters Bucharest 2025 - Day 6,https://www.hltv.org/gallery/12972,,,HLTV,PGL/2025/Masters
PGL Masters Bucharest 2025,2025-11-01,PGL Masters Bucharest 2025 - Day 7,https://www.hltv.org/gallery/12973,,,HLTV,PGL/2025/Masters
Thunderpick World Championship 2025,2025-10-13,"Thunderpick World Championship teams, format, schedule, talent, prizes, fantasy",https://www.hltv.org/n/42940,,,HLTV,Thunderpick/World Championship/2025
Thunderpick World Championship 2025,2025-10-19,KSCERATO ends wait for maiden MVP at Thunderpick World Championship 2025,https://www.hltv.org/n/42985,,,HLTV,Thunderpick/World Championship/2025
Thunderpick World Championship 2025,2025-10-17,"MAJ3R: ""I rewatched the NAVI match several times and I still can’t believe the way we threw that""",https://www.hltv.org/n/42970,aurora,MAJ3R,HLTV,Thunderpick/World Championship/2025
Thunderpick World Championship 2025,2025-10-18,"FalleN: ""We postponed our break to play <nowiki>[</nowiki>here<nowiki>]</nowiki> because we want to give back to Malta""",https://www.hltv.org/n/42975,furia,FalleN,HLTV,Thunderpick/World Championship/2025
Thunderpick World Championship 2025,2025-10-18,"Aleksib on FURIA: ""They have a unique style that's always nice to watch""",https://www.hltv.org/n/42978,navi,Aleksib,HLTV,Thunderpick/World Championship/2025
Thunderpick World Championship 2025,2025-10-20,"KSCERATO on claiming his first MVP: ""Everything in God's time, you know?""",https://www.hltv.org/n/42986,furia,KSCERATO,HLTV,Thunderpick/World Championship/2025
Thunderpick World Championship 2025,2025-10-14,"makazze on NAVI improvement: “I was playing more as solo, searching more… I’m trying to play more as a team”",https://www.hotspawn.com/counter-strike/news/makazze-thunderpick-world-championship-2025-interview,navi,makazze,Hotspawn,Thunderpick/World Championship/2025
Thunderpick World Championship 2025,2025-10-14,skullz on joining Imperial: “It feels like I was meant to be here with these guys”,https://www.hotspawn.com/counter-strike/news/skullz-thunderpick-world-championship-2025-interview,imp,skullz,Hotspawn,Thunderpick/World Championship/2025
Thunderpick World Championship 2025,2025-10-14,FalleN on growing expectations: “It’s definitely a different kind of pressure that normally is going to affect you”,https://www.hotspawn.com/counter-strike/news/fallen-thunderpick-world-championship-2025-interview,furia,FalleN,Hotspawn,Thunderpick/World Championship/2025
Thunderpick World Championship 2025,2025-10-14,innocent on return to LAN at 31: “I’m feeling a little bit grandpa at the moment”,https://www.hotspawn.com/counter-strike/news/innocent-thunderpick-world-championship-2025-interview,team venom,innocent,Hotspawn,Thunderpick/World Championship/2025
Thunderpick World Championship 2025,2025-10-15,"Techno on overcoming ESL Pro League disappointment “We came back with a new fresh air, a new atmosphere”",https://www.hotspawn.com/counter-strike/news/techno-thunderpick-world-championship-2025-interview,mongolz,Techno4K,Hotspawn,Thunderpick/World Championship/2025
Thunderpick World Championship 2025,2025-10-15,max on 9z at the Thunderpick WC 2025: “Our expectation is always try to win the tournament”,https://www.hotspawn.com/counter-strike/news/max-thunderpick-world-championship-2025-interview,9z,max,Hotspawn,Thunderpick/World Championship/2025
Thunderpick World Championship 2025,2025-10-15,MAJ3R on Thunderpick World Championship 2025: “I think we have chance because the top three is not here”,https://www.hotspawn.com/counter-strike/news/maj3r-thunderpick-world-championship-interview,aurora,MAJ3R,Hotspawn,Thunderpick/World Championship/2025
Thunderpick World Championship 2025,2025-10-15,nicoodoz on facing FURIA: “We’re not going to be scared of them”,https://www.hotspawn.com/counter-strike/news/nicoodoz-thunderpick-world-championship-2025-interview,og,nicoodoz,Hotspawn,Thunderpick/World Championship/2025
Thunderpick World Championship 2025,2025-10-17,Tech Girl: “If we don’t have more LANs like the Thunderpick World Championship… we’re going to kill Counter-Strike”,https://www.hotspawn.com/counter-strike/news/tech-girl-thunderpick-world-championship-2025-interview,,Tech Girl,Hotspawn,Thunderpick/World Championship/2025
Thunderpick World Championship 2025,2025-10-17,stunna on Thunderpick World Championship Playoffs: “I think it’s a pretty even keel at the top as far as the favourite”,https://www.hotspawn.com/counter-strike/news/stunna-thunderpick-world-championship-2025-interview,,stunna,Hotspawn,Thunderpick/World Championship/2025
Thunderpick World Championship 2025,2025-10-19,"Trav on working Tier 1 events “It’s second nature to the big talent members… For me, it’s a little bit more exciting”",https://www.hotspawn.com/counter-strike/news/trav-thunderpick-world-championship-2025-interview,,Trav,Hotspawn,Thunderpick/World Championship/2025
CS Asia Championships 2025,2025-10-13,"CS Asia Championships teams, format, schedule, talent, prizes, fantasy",https://www.hltv.org/n/42938,,,HLTV,CS Asia Championships/2025
CS Asia Championships 2025,2025-10-19,latto earns career-first MVP at CAC 2025,https://www.hltv.org/n/42981,,,HLTV,CS Asia Championships/2025
CS Asia Championships 2025,2025-10-23,The EVPs and All-Stars of CS Asia Championships and Thunderpick World Championship,https://www.hltv.org/n/43007,,,HLTV,CS Asia Championships/2025
CS Asia Championships 2025,2025-10-12,"PR: ""We can even win this tournament""",https://www.hltv.org/n/42920,gl,PR,HLTV,CS Asia Championships/2025
CS Asia Championships 2025,2025-10-12,"Jee: ""Our mentality was not right after FPG 1""",https://www.hltv.org/n/42921,tyloo,Jee,HLTV,CS Asia Championships/2025
CS Asia Championships 2025,2025-10-12,"C4LLM3SU3 on ESL ban: ""We deserve any punishment from them""",https://www.hltv.org/n/42922,lvg,C4LLM3SU3,HLTV,CS Asia Championships/2025
CS Asia Championships 2025,2025-10-12,"arT: ""We have a very good shot of upsetting TYLOO""",https://www.hltv.org/n/42924,fluxo,arT,HLTV,CS Asia Championships/2025
CS Asia Championships 2025,2025-10-13,"hades: ""<nowiki>[</nowiki>kRaSnaL<nowiki>]</nowiki> wrote to me that we might see each other in China, and I was fully confused""",https://www.hltv.org/n/42936,heroic,hades,HLTV,CS Asia Championships/2025
CS Asia Championships 2025,2025-10-13,"EliGE: ""We can definitely do some damage here""",https://www.hltv.org/n/42934,tl,EliGE,HLTV,CS Asia Championships/2025
CS Asia Championships 2025,2025-10-13,"fear on fnatic's Major roster: ""The decision will be made close to the Major""",https://www.hltv.org/n/42939,fnatic,fear,HLTV,CS Asia Championships/2025
CS Asia Championships 2025,2025-10-14,"lauNX on comeback: ""It has to do with the hunger we all have because we are kids""",https://www.hltv.org/n/42946,fut esports,lauNX,HLTV,CS Asia Championships/2025
CS Asia Championships 2025,2025-10-14,"Qikert: ""People are screaming a lot, I like those vibes more than the usual calm TeamSpeak""",https://www.hltv.org/n/42944,mibr,Qikert,HLTV,CS Asia Championships/2025
CS Asia Championships 2025,2025-10-14,"dumau: ""When you get on the server, sh*t starts going on in your mind, and then you fight against it with courage and faith""",https://www.hltv.org/n/42950,legacy,dumau,HLTV,CS Asia Championships/2025
CS Asia Championships 2025,2025-10-15,"biguzera: ""We can win any tournament we play""",https://www.hltv.org/n/42952,pain,biguzera,HLTV,CS Asia Championships/2025
CS Asia Championships 2025,2025-10-15,"yxngstxr: ""We're trying to wing it and play as good as possible""",https://www.hltv.org/n/42954,heroic,yxngstxr,HLTV,CS Asia Championships/2025
CS Asia Championships 2025,2025-10-16,"Krabeni: ""I think we deserve this LAN arena""",https://www.hltv.org/n/42962,fut esports,Krabeni,HLTV,CS Asia Championships/2025
CS Asia Championships 2025,2025-10-16,"Lucky: ""I think we're the favorite here, so hopefully we can live up to it""",https://www.hltv.org/n/42961,3dmax,Lucky,HLTV,CS Asia Championships/2025
CS Asia Championships 2025,2025-10-17,"lux: ""We need to pressure ourselves to be better, but we don't need to be hard on our teammates""",https://www.hltv.org/n/42967,legacy,lux,HLTV,CS Asia Championships/2025
CS Asia Championships 2025,2025-10-18,"Graviti: ""I'm just happy to be the IGL also for my individual performance""",https://www.hltv.org/n/42972,3dmax,Graviti,HLTV,CS Asia Championships/2025
CS Asia Championships 2025,2025-10-19,"latto: ""I know I am going forward in the steps of my career""",https://www.hltv.org/n/42982,legacy,latto,HLTV,CS Asia Championships/2025
CS Asia Championships 2025,2025-10-12,biguzera: 我认为我们的打法更加接近欧洲队伍,https://www.bilibili.com/opus/1123290581089386505,pain,biguzera,Perfect World,CS Asia Championships/2025
CS Asia Championships 2025,2025-10-12,PR: 我不认为我是什么明星,https://www.bilibili.com/opus/1123294588323233797,gl,PR,Perfect World,CS Asia Championships/2025
CS Asia Championships 2025,2025-10-12,kl1m: 我认为SunPayus是被低估的,https://www.bilibili.com/opus/1123497031556399112,mibr,kl1m,Perfect World,CS Asia Championships/2025
CS Asia Championships 2025,2025-10-12,dem0n: 我们的目标是赢下这项赛事 因为我们认为自己能做到,https://www.bilibili.com/opus/1123500235626119168,fut esports,dem0n,Perfect World,CS Asia Championships/2025
CS Asia Championships 2025,2025-10-13,Moseyuh: 我们会尽我们所能去做好每一步,https://www.bilibili.com/opus/1123612467406045193,tyloo,Moseyuh,Perfect World,CS Asia Championships/2025
CS Asia Championships 2025,2025-10-13,westmelon: 会组一辈子Lynn Vision Gaming吗 有可能,https://www.bilibili.com/opus/1123613674321215492,lvg,westmelon,Perfect World,CS Asia Championships/2025
CS Asia Championships 2025,2025-10-13,flashie: 教练这份工作更困难 但是我也乐在其中,https://www.bilibili.com/opus/1123682655777325058,tl,flashie,Perfect World,CS Asia Championships/2025
CS Asia Championships 2025,2025-10-14,npl: 我现在其实不是指挥了,https://www.bilibili.com/opus/1123698061825015810,b8,npl,Perfect World,CS Asia Championships/2025
CS Asia Championships 2025,2025-10-14,yxngstxr: TOBIZ曾经想让我去MOUZ青训 不过后来没成,https://www.bilibili.com/opus/1123713781392736290,heroic,yxngstxr,Perfect World,CS Asia Championships/2025
CS Asia Championships 2025,2025-10-14,ash: 我对于hypex是没有任何质疑的 他会逐渐赶上节奏,https://www.bilibili.com/opus/1123715396345528326,gl,ashhh,Perfect World,CS Asia Championships/2025
CS Asia Championships 2025,2025-10-15,carnage: 我们需要更多国际赛事经验 目标打进2025 StarLadder布达佩斯Major第二阶段,https://www.bilibili.com/opus/1123851675620081704,huns,carnage,Perfect World,CS Asia Championships/2025
CS Asia Championships 2025,2025-10-15,KRIMZ：我认为Fnatic是一定能够回到一线的,https://www.bilibili.com/opus/1123876835575201809,fnc,KRIMZ,Perfect World,CS Asia Championships/2025
CS Asia Championships 2025,2025-10-15,Graviti：这项赛事对于我们而言很重要,https://www.bilibili.com/opus/1123945013830483970,3dmax,Graviti,Perfect World,CS Asia Championships/2025
CS Asia Championships 2025,2025-10-15,kRaSnaL：收到B8的邀请后 我很快就收拾行李直奔机场了,https://www.bilibili.com/opus/1123955777030062085,b8,kRaSnaL,Perfect World,CS Asia Championships/2025
CS Asia Championships 2025,2025-10-15,TOBIZ：曾当过老师 想和Jimpphat共事 无缘2025 StarLadder布达佩斯Major很失望,https://www.bilibili.com/opus/1124035775137054728,heroic,TOBIZ,Perfect World,CS Asia Championships/2025
CS Asia Championships 2025,2025-10-16,zhokiNg：没法在2025 StarLadder布达佩斯Major见到kaze 多多少少是会有些遗憾的,https://www.bilibili.com/opus/1124355866136412195,tyloo,zhokiNg,Perfect World,CS Asia Championships/2025
CS Asia Championships 2025,2025-10-16,jackasmo：我要对自己的成长负全责,https://www.bilibili.com/opus/1124401903887712265,fnc,jackasmo,Perfect World,CS Asia Championships/2025
CS Asia Championships 2025,2025-10-17,snow：成为职业选手是我的梦想 我会为了队伍倾尽一切,https://www.bilibili.com/opus/1124721406487035912,pain,snow,Perfect World,CS Asia Championships/2025
CS Asia Championships 2025,2025-10-18,Fnatic 3DMAX：厚积薄发,https://www.bilibili.com/opus/1125059360332972035,3dmax,fear,Perfect World,CS Asia Championships/2025
CS Asia Championships 2025,2025-10-20,chucky：我们得保持住谦卑的心态 不能让这次的胜利冲昏我们的头脑,https://www.bilibili.com/opus/1125119399626276873,legacy,chucky,Perfect World,CS Asia Championships/2025
CS Asia Championships 2025,2025-10-20,Legacy：最美的梦都吝啬于给我这样的想象,https://www.bilibili.com/opus/1125884788561936389,legacy,dumau,Perfect World,CS Asia Championships/2025
CS Asia Championships 2025,2025-10-14,ztr: 随着hypex的加入，我们目前是支非常优秀的战队,https://www.bilibili.com/video/BV1Nm4tzuE1e,gl,ztr,Perfect World,CS Asia Championships/2025
CS Asia Championships 2025,2025-10-14,Perfecto: 我想成为前十的指挥,https://www.bilibili.com/video/BV1pg4tzeEg6,vp,Perfecto,Perfect World,CS Asia Championships/2025
CS Asia Championships 2025,2025-10-14,nin9: The MongolZ打到世界第一，影响了很多年轻玩家更认真对待CS,https://www.bilibili.com/video/BV1LW4tzRE9S,huns,nin9,Perfect World,CS Asia Championships/2025
CS Asia Championships 2025,2025-10-15,exit：我认为FaZe是这届比赛实力最强的队伍,https://www.bilibili.com/video/BV1Ys4vzTEwo,mibr,exit,Perfect World,CS Asia Championships/2025
CS Asia Championships 2025,2025-10-15,Lucky：回到中国的感觉很好，粉丝们总是非常友善,https://www.bilibili.com/video/BV1NT4zzKE3S,3dmax,Lucky (French player),Perfect World,CS Asia Championships/2025
CS Asia Championships 2025,2025-10-16,Jee：JamYoung的操作很闲庭信步，像公园里打太极的扫地僧,https://www.bilibili.com/video/BV1gv4tz7Ekq,tyloo,Jee,Perfect World,CS Asia Championships/2025
CS Asia Championships 2025,2025-10-16,lauNX：我喜欢尖叫，我喜欢感受能量，我希望激励我的队友,https://www.bilibili.com/video/BV1QFWez9Eca,fut esports,lauNX,Perfect World,CS Asia Championships/2025
CS Asia Championships 2025,2025-10-16,snow：我真的超爱中国，喜欢这里的人和食物，喜欢这里的一切,https://www.bilibili.com/video/BV1Q7WYzpE7T,pain,snow,Perfect World,CS Asia Championships/2025
CS Asia Championships 2025,2025-10-17,KRIMZ：我们需要脚踏实地打好每一场比赛,https://www.bilibili.com/video/BV1FFWyzvEsT,fnc,KRIMZ,Perfect World,CS Asia Championships/2025
CS Asia Championships 2025,2025-10-17,lux：作为指挥，你需要了解每个人喜欢的反馈方式,https://www.bilibili.com/video/BV1XqWCznEgA,legacy,lux,Perfect World,CS Asia Championships/2025
CS Asia Championships 2025,2025-10-18,EliGE：重返队伍的感觉就像回家,https://www.bilibili.com/video/BV1nKWxzmEjr,tl,EliGE,Perfect World,CS Asia Championships/2025
CS Asia Championships 2025,2025-10-18,LNZ：上海30度的天气让我猝不及防，去年来的时候只有5度,https://www.bilibili.com/video/BV1qhWszrEgw,heroic,LNZ,Perfect World,CS Asia Championships/2025
CS Asia Championships 2025,2025-10-12,CS Asia Championships 2025 - Media Day 1,https://www.hltv.org/gallery/12957,,,HLTV,CS Asia Championships/2025
CS Asia Championships 2025,2025-10-13,CS Asia Championships 2025 - Media Day 2,https://www.hltv.org/gallery/12959,,,HLTV,CS Asia Championships/2025
CS Asia Championships 2025,2025-10-14,CS Asia Championships 2025 - Day 1,https://www.hltv.org/gallery/12960,,,HLTV,CS Asia Championships/2025
CS Asia Championships 2025,2025-10-15,CS Asia Championships 2025 - Day 2,https://www.hltv.org/gallery/12961,,,HLTV,CS Asia Championships/2025
CS Asia Championships 2025,2025-10-16,CS Asia Championships 2025 - Day 3,https://www.hltv.org/gallery/12962,,,HLTV,CS Asia Championships/2025
CS Asia Championships 2025,2025-10-17,CS Asia Championships 2025 - Day 4,https://www.hltv.org/gallery/12963,,,HLTV,CS Asia Championships/2025
CS Asia Championships 2025,2025-10-18,CS Asia Championships 2025 - Day 5,https://www.hltv.org/gallery/12964,,,HLTV,CS Asia Championships/2025
CS Asia Championships 2025,2025-10-19,CS Asia Championships 2025 - Day 6,https://www.hltv.org/gallery/12965,,,HLTV,CS Asia Championships/2025
StarLadder StarSeries Fall 2025,2025-09-22,The VRS impact of FPG2 and StarSeries Fall,https://www.hltv.org/n/42746,,,HLTV,StarLadder/StarSeries/2025/Fall
StarLadder StarSeries Fall 2025,2025-09-18,"headtr1ck on B8's close losses on LAN: ""I'm sad that this happens over and over again""",https://www.hltv.org/n/42710,b8,headtr1ck,HLTV,StarLadder/StarSeries/2025/Fall
StarLadder StarSeries Fall 2025,2025-09-18,"sjuush: ""Honestly, I think we should win this tournament""",https://www.hltv.org/n/42711,nip,sjuush,HLTV,StarLadder/StarSeries/2025/Fall
StarLadder StarSeries Fall 2025,2025-09-19,"iM: ""It doesn't matter if it's higher opponents or lower opponents, we just need to get some wins""",https://www.hltv.org/n/42714,navi,iM,HLTV,StarLadder/StarSeries/2025/Fall
StarLadder StarSeries Fall 2025,2025-09-19,"nicoodoz: ""We only came to win some VRS points, but we made the road harder for ourselves""",https://www.hltv.org/n/42718,og,nicoodoz,HLTV,StarLadder/StarSeries/2025/Fall
StarLadder StarSeries Fall 2025,2025-09-19,"alex: ""We are not focusing on the ranking, we are focusing game by game""",https://www.hltv.org/n/42720,gentle mates,alex,HLTV,StarLadder/StarSeries/2025/Fall
StarLadder StarSeries Fall 2025,2025-09-20,"Kvem: ""I had the choice to not play and be on the transfer list, but no point sitting on the bench""",https://www.hltv.org/n/42722,passion ua,Kvem,HLTV,StarLadder/StarSeries/2025/Fall
StarLadder StarSeries Fall 2025,2025-09-20,"JT: ""It feels like we have been improving really fast, at least in practice""",https://www.hltv.org/n/42732,passion ua,JT,HLTV,StarLadder/StarSeries/2025/Fall
StarLadder StarSeries Fall 2025,2025-09-20,"Jame: ""I could switch to rifling at any moment, just like FalleN""",https://www.hltv.org/n/42735,parivision,Jame,HLTV,StarLadder/StarSeries/2025/Fall
StarLadder StarSeries Fall 2025,2025-09-21,"Aleksib: ""After having a nice debut with makazze in Cologne, we put our thoughts way above what we actually were""",https://www.hltv.org/n/42739,navi,Aleksib,HLTV,StarLadder/StarSeries/2025/Fall
StarLadder StarSeries Fall 2025,2025-09-21,"Snappi on r1nkle and xKacpersky: ""We needed to activate both, and I think we succeeded""",https://www.hltv.org/n/42744,nip,Snappi,HLTV,StarLadder/StarSeries/2025/Fall
StarLadder StarSeries Fall 2025,2025-09-20,"PARIVISION Jame: ""We've Been Living at a Bootcamp for 8 Months""",https://youtu.be/U-iBbo45xZs,parivision,Jame,,StarLadder/StarSeries/2025/Fall
StarLadder StarSeries Fall 2025,2025-09-20,"9INE Raalz on His CS Disappearance: ""I Chose High School, Parties, and Real Life""",https://youtu.be/h5HvgYZLEGA,9ine,raalz,,StarLadder/StarSeries/2025/Fall
StarLadder StarSeries Fall 2025,2025-09-20,"npl on B8's Slump: ""Some Players Just Have to Be The Main Character""",https://youtu.be/bO79sMujlOM,b8,npl,,StarLadder/StarSeries/2025/Fall
StarLadder StarSeries Fall 2025,2025-09-20,"Gentle Mates' Alex: ""I Took the Risk to Leave My Comfort Zone and It Paid Off""",https://youtu.be/V1J_WO0CCls,gentle mates,alex (Spanish player),,StarLadder/StarSeries/2025/Fall
StarLadder StarSeries Fall 2025,2025-09-18,StarLadder StarSeries Fall 2025 - Day 1,https://www.hltv.org/gallery/12927,,,HLTV,StarLadder/StarSeries/2025/Fall
StarLadder StarSeries Fall 2025,2025-09-19,StarLadder StarSeries Fall 2025 - Day 2,https://www.hltv.org/gallery/12929,,,HLTV,StarLadder/StarSeries/2025/Fall
StarLadder StarSeries Fall 2025,2025-09-20,StarLadder StarSeries Fall 2025 - Day 3,https://www.hltv.org/gallery/12930,,,HLTV,StarLadder/StarSeries/2025/Fall
StarLadder StarSeries Fall 2025,2025-09-21,StarLadder StarSeries Fall 2025 - Day 4,https://www.hltv.org/gallery/12932,,,HLTV,StarLadder/StarSeries/2025/Fall
FISSURE Playground #1,2025-07-12,"FISSURE Playground 1 teams, format, schedule, prizes, talent, fantasy",https://www.hltv.org/news/42168/fissure-playground-1-teams-format-schedule-prizes-talent-fantasy,,,HLTV,FISSURE/Playground/1
FISSURE Playground #1,2025-07-20,JamYoung secures FISSURE Playground 1 MVP,https://www.hltv.org/n/42245,,,HLTV,FISSURE/Playground/1
FISSURE Playground #1,2025-08-08,The EVPs and All Stars of IEM Cologne & FISSURE Playground 1,https://www.hltv.org/n/42405,,,HLTV,FISSURE/Playground/1
FISSURE Playground #1,2025-07-13,"Perfecto: ""Many think that no one comes back after a year. I figured that this is all nonsense""",https://www.hltv.org/n/42177,,Perfecto,HLTV,FISSURE/Playground/1
FISSURE Playground #1,2025-07-14,"ArtFr0st on standing in for BetBoom: ""I really do hope to stay on this team""",https://www.hltv.org/n/42185,,ArtFr0st,HLTV,FISSURE/Playground/1
FISSURE Playground #1,2025-07-15,"gr1ks on turning down FURIA: ""I just thought this wasn't for me""",https://www.hltv.org/n/42187,,gr1ks,HLTV,FISSURE/Playground/1
FISSURE Playground #1,2025-07-15,"story: ""If krazy and aragornN continue to evolve, I think we can reach a very high level""",https://www.hltv.org/n/42192,,story,HLTV,FISSURE/Playground/1
FISSURE Playground #1,2025-07-15,"JDC: ""We're not in a good spot right now; we have to fight out of it together as a unit""",https://www.hltv.org/n/42196,,JDC,HLTV,FISSURE/Playground/1
FISSURE Playground #1,2025-07-16,"HooXi: ""It would be nice to lift a trophy of this caliber as a start""",https://www.hltv.org/n/42200,,HooXi,HLTV,FISSURE/Playground/1
FISSURE Playground #1,2025-07-16,"exit: ""nicks will grow with time. We will polish him up""",https://www.hltv.org/n/42207,,exit,HLTV,FISSURE/Playground/1
FISSURE Playground #1,2025-07-17,"Sonic: ""It's not a pretty situation; it's very unfortunate for the new guys to come into a situation like that""",https://www.hltv.org/n/42203,,Sonic (South African player),HLTV,FISSURE/Playground/1
FISSURE Playground #1,2025-07-17,"biguzera: ""We have to focus and be more professional""",https://www.hltv.org/n/42212,,biguzera,HLTV,FISSURE/Playground/1
FISSURE Playground #1,2025-07-17,"C4LLM3SU3: ""We became more confident after the Major""",https://www.hltv.org/n/42213,,C4LLM3SU3,HLTV,FISSURE/Playground/1
FISSURE Playground #1,2025-07-17,"sidde: ""The teams that play in the biggest tournaments cannot come here and perform like this""",https://www.hltv.org/n/42216,,sidde,HLTV,FISSURE/Playground/1
FISSURE Playground #1,2025-07-18,"device: ""Pressure has to be a privilege for us; it's not been like this in a long time""",https://www.hltv.org/n/42219,,dev1ce,HLTV,FISSURE/Playground/1
FISSURE Playground #1,2025-07-18,"BoombI4 on ArtFr0st: ""I saw that he has a healthy ego, he wants to prove he's a strong sniper""",https://www.hltv.org/n/42224,betboom,Boombl4,HLTV,FISSURE/Playground/1
FISSURE Playground #1,2025-07-18,"krazy: ""It's really cool to be able to beat teams and players that I used to watch""",https://www.hltv.org/n/42227,saw,krazy,HLTV,FISSURE/Playground/1
FISSURE Playground #1,2025-07-19,"JT: ""I'd like to have gone further, but I'm happy that we're at least improving""",https://www.hltv.org/n/42229,col,JT,HLTV,FISSURE/Playground/1
FISSURE Playground #1,2025-07-19,"Jee: ""We want to be higher than 2018 TYLOO""",https://www.hltv.org/n/42237,tyloo,Jee,HLTV,FISSURE/Playground/1
FISSURE Playground #1,2025-07-19,"Staehr: ""You can never underestimate TYLOO""",https://www.hltv.org/n/42239,astralis,Staehr,HLTV,FISSURE/Playground/1
FISSURE Playground #1,2025-07-20,"JamYoung: ""I believe that Chinese Counter-Strike will get even better""",https://www.hltv.org/n/42246,tyloo,JamYoung,HLTV,FISSURE/Playground/1
FISSURE Playground #1,2025-07-21,"ash: ""We've not really shown our A-game""",https://www.hltv.org/n/42236,gl,ashhh,HLTV,FISSURE/Playground/1
FISSURE Playground #1,2025-07-15,"Kaze from Rare Atom: about Serbia, motivation and eSports in China",https://youtu.be/Lgby4cWy-Zk,rare atom,kaze,FISSURE,FISSURE/Playground/1
FISSURE Playground #1,2025-07-15,"MUTiRiS from SAW: thoughts about team, expectations and coaching in Counter-Strike 2",https://youtu.be/Yuq8lm5JOh8,saw,MUTiRiS,FISSURE,FISSURE/Playground/1
FISSURE Playground #1,2025-07-16,What happened to Wildcard? Susp answering all questions on FPG 1,https://youtu.be/XVcARVNMN_M,wildcard,susp,FISSURE,FISSURE/Playground/1
FISSURE Playground #1,2025-07-16,HEROIC's TN1R BEING HUMBLE ON INTERVIEW FOR 5 MINUTES,https://youtu.be/7K6v5I5iZgo,heroic,tN1R,FISSURE,FISSURE/Playground/1
FISSURE Playground #1,2025-07-16,PERFECTO UNCOVERED ALL TRUTH ABOUT VIRTUS PRO on FISSURE PLAYGROUND 1,https://youtu.be/MaZGaVMVkIw,vp,Perfecto,FISSURE,FISSURE/Playground/1
FISSURE Playground #1,2025-07-17,6 YEARS AS PRO PLAYER: Biguzera Interview on FPG 1,https://youtu.be/96AcpDps-i0,pain,biguzera,FISSURE,FISSURE/Playground/1
FISSURE Playground #1,2025-07-17,RISE OF COMPLEXITY? GRIM INTERVIEW on FPG 1,https://youtu.be/HKc7-n9N5d8,col,Grim,FISSURE,FISSURE/Playground/1
FISSURE Playground #1,2025-07-17,"MOLODOY FROM FURIA: what happened on Major, YEKINDAR and Fallen",https://youtu.be/FMuITJ5XWJs,furia,molodoy,FISSURE,FISSURE/Playground/1
FISSURE Playground #1,2025-07-18,WHY BODYY LIKES FRENCH BOYS IN CS2? FISSURE PLAYGROUND 1,https://youtu.be/8vlQRiyP5EA,3dmax,bodyy,FISSURE,FISSURE/Playground/1
FISSURE Playground #1,2025-07-18,FROM CS 1.6 to CS 2: SAFFEE's interview on FPG 1,https://youtu.be/rtEJ_6ssYO4,mibr,saffee,FISSURE,FISSURE/Playground/1
FISSURE Playground #1,2025-07-19,"BOOMbl4: problems in BetBoom Team, new roster and struggles",https://youtu.be/7QB2VDP-5TM,betboom,Boombl4,FISSURE,FISSURE/Playground/1
FISSURE Playground #1,2025-07-19,"Bootcamp in Berlin, ups and downs of GamerLegion: REP Interview on FPG 1",https://youtu.be/uPZ6pN12wNY,gl,REZ,FISSURE,FISSURE/Playground/1
FISSURE Playground #1,2025-07-22,What Moseyuh from TYLOO said before winning FISSURE PLAYGROUND 1,https://youtu.be/L19vRCxg4qs,tyloo,Moseyuh,FISSURE,FISSURE/Playground/1
FISSURE Playground #1,2025-07-22,"Family trip to Egypt, atmosphere in BIG and expectations: Krimbo Interview on FPG 1",https://youtu.be/lfMYrcQiqs0,big,Krimbo,FISSURE,FISSURE/Playground/1
FISSURE Playground #1,2025-07-22,How Molodoy became pro-player at his 19 and joined FURIA?,https://www.youtube.com/watch?v=wUr-4GMdXm8,furia,molodoy,FISSURE,FISSURE/Playground/1
FISSURE Playground #1,2025-07-22,HooXi showed his gigachad aura - Interview on FISSURE PLAYGROUND 1,https://youtu.be/SSLgqSd-0P0,astralis,HooXi,FISSURE,FISSURE/Playground/1
FISSURE Playground #1,2025-07-22,Sad end to the season for BetBoom Team - Interview with Boombl4,https://youtu.be/zsTl4Q2TKr0,betboom,Boombl4,FISSURE,FISSURE/Playground/1
FISSURE Playground #1,2025-07-22,CALLM3SU3: I'm calmest player in Lynn Vision Gaming! Interview on FPG 1,https://www.youtube.com/watch?v=MJ6WfkbyBaA,lvg,CALLM3SU3,FISSURE,FISSURE/Playground/1
FISSURE Playground #1,2025-07-17,Cxzi: I'm really excited for my first arena games,https://www.youtube.com/watch?v=NIeCZiG3ONc,col,Cxzi,eSports Bulgaria,FISSURE/Playground/1
FISSURE Playground #1,2025-07-17,"MUTiRiS: After beating FURIA twice, we have to belive we can go all the way",https://www.youtube.com/watch?v=6Olb2yhcQkc,saw,MUTiRiS,eSports Bulgaria,FISSURE/Playground/1
FISSURE Playground #1,2025-07-18,ztr: LAN CS benefits our strenghts; Kursy has that special thing,https://www.youtube.com/watch?v=KhazQTr_Efk,gl,ztr,eSports Bulgaria,FISSURE/Playground/1
FISSURE Playground #1,2025-07-18,Staehr: HooXi is giving us a lot of freedom in the server,https://www.youtube.com/watch?v=iFSQonrU6aM,astralis,Staehr,eSports Bulgaria,FISSURE/Playground/1
FISSURE Playground #1,2025-07-18,"ArtFr0st: I feel at home in BetBoom, there is some magic here",https://www.youtube.com/watch?v=dwOKoG8agKw,betboom,ArtFr0st,eSports Bulgaria,FISSURE/Playground/1
FISSURE Playground #1,2025-07-19,zhokiNg: Being responsible is the most important quality for any IGL or Coach,https://www.youtube.com/watch?v=FMAH1Yfslis,tyloo,zhokiNg,eSports Bulgaria,FISSURE/Playground/1
FISSURE Playground #1,2025-07-19,nicx: We are sometimes not playing with the same confidence in the late rounds,https://www.youtube.com/watch?v=J00Jh0zhTy8,col,nicx,eSports Bulgaria,FISSURE/Playground/1
FISSURE Playground #1,2025-07-19,HooXi: It's a fun challenge to try and make Astralis great again,https://www.youtube.com/watch?v=m2nzulFF1LE,astralis,HooXi,eSports Bulgaria,FISSURE/Playground/1
FISSURE Playground #1,2025-07-19,Ag1l: It feels like we have an identity again with the Portuguese lineup,https://www.youtube.com/watch?v=SCWoXdHl05Q,saw,Ag1l,eSports Bulgaria,FISSURE/Playground/1
FISSURE Playground #1,2025-07-19,Boombl4: Ax1Le knows the team believes in him & is showing better performances,https://www.youtube.com/watch?v=NQ2POncexMg,betboom,Boombl4,eSports Bulgaria,FISSURE/Playground/1
FISSURE Playground #1,2025-07-20,device: HooXi reminds me of gla1ve back in the days,https://www.youtube.com/watch?v=Kn5kaFdDDvU,astralis,dev1ce,eSports Bulgaria,FISSURE/Playground/1
FISSURE Playground #1,2025-07-21,Ax1Le: I think I've been playing better after the player break,https://www.youtube.com/watch?v=wpRa-P3CvPg,betboom,Ax1Le,eSports Bulgaria,FISSURE/Playground/1
FISSURE Playground #1,2025-07-21,"Jee: JamYoung is a monster. Not a man - a monster, a genius",https://www.youtube.com/watch?v=vQphH0cRQIQ,tyloo,Jee,eSports Bulgaria,FISSURE/Playground/1
FISSURE Playground #1,2025-07-13,FISSURE Playground 1 - Media Days,https://www.hltv.org/gallery/12883,,,HLTV,FISSURE/Playground/1
FISSURE Playground #1,2025-07-15,FISSURE Playground 1 - Day 1,https://www.hltv.org/gallery/12884,,,HLTV,FISSURE/Playground/1
FISSURE Playground #1,2025-07-16,FISSURE Playground 1 - Day 2,https://www.hltv.org/gallery/12885,,,HLTV,FISSURE/Playground/1
FISSURE Playground #1,2025-07-17,FISSURE Playground 1 - Day 3,https://www.hltv.org/gallery/12886,,,HLTV,FISSURE/Playground/1
FISSURE Playground #1,2025-07-18,FISSURE Playground 1 - Day 4,https://www.hltv.org/gallery/12887,,,HLTV,FISSURE/Playground/1
FISSURE Playground #1,2025-07-19,FISSURE Playground 1 - Day 5,https://www.hltv.org/gallery/12888,,,HLTV,FISSURE/Playground/1
FISSURE Playground #1,2025-07-20,FISSURE Playground 1 - Day 6,https://www.hltv.org/gallery/12889,,,HLTV,FISSURE/Playground/1
ESL Impact League Season 7,2025-05-24,"izaa: ""We practiced a lot for this moment""",https://www.hltv.org/n/41779,furia.fe,izaa,HLTV,ESL/Impact League/Season 7
ESL Impact League Season 7,2025-05-26,"kaahSENSEI: ""It's not the time to say that we are the best""",https://www.hltv.org/n/41783,furia.fe,kaahSENSEI,HLTV,ESL/Impact League/Season 7
ESL Impact League Season 7,2025-05-22,"Supernova Comets Fawx: ""I’m in the best form I’ve ever been in""",https://www.dust2.us/news/61669/supernova-comets-fawx-im-in-the-best-form-ive-ever-been-in,supernova comets,Fawx,Dust2.us,ESL/Impact League/Season 7
ESL Impact League Season 7,2025-05-23,"NaToSaphiX on Imperial Valkyries: ""There's been signs of weaknesses to the beast""",https://www.dust2.us/news/61680/natosaphix-on-imperial-valkyries-theres-been-signs-of-weaknesses-to-the-beast,nip impact,NaToSaphiX,Dust2.us,ESL/Impact League/Season 7
ESL Impact League Season 7,2025-05-23,"zAAz on playing in mixed competitions: ""We're not really ready to play those kinds of teams, and we know that""",https://www.dust2.us/news/61682/zaaz-on-playing-in-mixed-competitions-were-not-really-ready-to-play-those-kinds-of-teams-and-we-know-that,imperial female,zAAz,Dust2.us,ESL/Impact League/Season 7
ESL Impact League Season 7,2025-05-23,"marie on joining FlyQuest RED: ""Coming to America has always been my dream""",https://www.dust2.us/news/61701/marie-on-joining-flyquest-red-coming-to-america-has-always-been-my-dream,flyquest red,marie,Dust2.us,ESL/Impact League/Season 7
ESL Impact League Season 7,2025-05-23,"Supernova Comets Stx: ""I'm not looking to just win one game and walk away. I want to go far""",https://www.dust2.us/news/61702/supernova-comets-stx-im-not-looking-to-just-win-one-game-and-walk-away-i-want-to-go-far,supernova comets,Stx,Dust2.us,ESL/Impact League/Season 7
ESL Impact League Season 7,2025-05-25,"Supernova Comets empathy on winning Impact: ""It would be the happiest moment of my life""",https://www.dust2.us/news/61757/supernova-comets-empathy-on-winning-impact-it-would-be-the-happiest-moment-of-my-life,supernova comets,empathy,Dust2.us,ESL/Impact League/Season 7
ESL Impact League Season 7,2025-05-25,"Supernova Comets empathy: ""If we play the same tomorrow, we could win the whole event""",https://www.dust2.us/news/61756/supernova-comets-empathy-if-we-play-the-same-tomorrow-we-could-win-the-whole-event,supernova comets,empathy,Dust2.us,ESL/Impact League/Season 7
ESL Impact League Season 7,2025-05-26,"bizinha on FURIA fe's rivalry with Imperial Valkyries: ""<nowiki>[</nowiki>It makes<nowiki>]</nowiki> more people watch the games""",https://www.dust2.us/news/61807/bizinha-on-furia-fes-rivalry-with-imperial-valkyries-it-makes-more-people-watch-the-games,furia.fe,bizinha,Dust2.us,ESL/Impact League/Season 7
ESL Impact League Season 7,2025-05-27,"GooseBreeder on the possibility of roster changes: ""I have a lot of faith in this core""",https://www.dust2.us/news/61835/goosebreeder-on-the-possibility-of-roster-changes-i-have-a-lot-of-faith-in-this-core,flyquest red,Goosebreeder,Dust2.us,ESL/Impact League/Season 7
ESL Impact League Season 7,2025-05-27,"Kaoday on forming Prototype Blaze: ""It was a sign that we were all available at the same time""",https://www.dust2.us/news/61848/kaoday-on-forming-prototype-blaze-it-was-a-sign-that-we-were-all-available-at-the-same-time,zerance,Kaoday,Dust2.us,ESL/Impact League/Season 7
ESL Impact League Season 7,2025-05-22,ESL Impact League Season 7 Finals - Day 1,https://www.hltv.org/gallery/12856,,,HLTV,ESL/Impact League/Season 7
ESL Impact League Season 7,2025-05-25,ESL Impact League Season 7 Finals - Grand Final,https://www.hltv.org/gallery/12859,,,HLTV,ESL/Impact League/Season 7
Asian Champions League 2025,2025-05-08,【2025英雄亚冠ACLxCS2】选手采访：LVG z4KR,https://www.bilibili.com/video/BV1ha5KzdEer,lvg,z4kr,Hero Esports,Hero Esports/Asian Champions League/2025
Asian Champions League 2025,2025-05-10,【2025英雄亚冠ACLxCS2】选手采访：RA Childking,https://www.bilibili.com/video/BV12NVozpEKR,rare atom,ChildKing,Hero Esports,Hero Esports/Asian Champions League/2025
Asian Champions League 2025,2025-05-11,【2025英雄亚冠ACLxCS2】选手采访：TYL Jee,https://www.bilibili.com/video/BV1j6EuzQEGi,tyloo,Jee,Hero Esports,Hero Esports/Asian Champions League/2025
Asian Champions League 2025,2025-05-14,【2025英雄亚冠ACLxCS2】选手采访：TYLOO Attacker,https://www.bilibili.com/video/BV12aEBzSEpC,tyloo,Attacker,Hero Esports,Hero Esports/Asian Champions League/2025
Asian Champions League 2025,2025-05-16,【2025英雄亚冠ACL总决赛xCS2】经理采访：TYLOO Jack,https://www.bilibili.com/video/BV1X9EpzJE28,tyloo,CruSad3,Hero Esports,Hero Esports/Asian Champions League/2025
Asian Champions League 2025,2025-05-17,【2025英雄亚冠ACL总决赛xCS2】赛后夺冠采访：TYL Jee,https://www.bilibili.com/video/BV1TvJAzREDr,tyloo,Jee,Hero Esports,Hero Esports/Asian Champions League/2025
Asian Champions League 2025,2025-05-21,【2025英雄亚冠ACL总决赛xCS2】嘉宾采访：玩机器Machine,https://www.bilibili.com/video/BV1LnJqzAEyP,,MachineWJQ,Hero Esports,Hero Esports/Asian Champions League/2025
Asian Champions League 2025,2025-05-25,【2025英雄亚冠ACLxCS2】线下采访：DANK1NG,https://www.bilibili.com/video/BV1r5juzQEEB,,DANK1NG,Hero Esports,Hero Esports/Asian Champions League/2025
Asian Champions League 2025,2025-05-16,【專訪】FlyQuest教練erkaSt：連續打了很多比賽，現在感到非常疲憊,https://csgo.com.hk/2025/05/16/flyquest-coach-erkast-interview/tournament/,flyquest,erkaSt,TomorrowLAN,Hero Esports/Asian Champions League/2025
Asian Champions League 2025,2025-04-20,【2025英雄亚冠ACLxCS2封闭预选赛】选手采访：RA Somebody,https://www.bilibili.com/video/BV1Cc5fzoEm9,rare atom,somebody,Hero Esports,Hero Esports/Asian Champions League/2025
Asian Champions League 2025,2025-04-20,【2025英雄亚冠ACLxCS2封闭预选赛】赛前采访：JS&XDM,https://www.bilibili.com/video/BV1b6LAz2EJw,,r1verLaKe,Hero Esports,Hero Esports/Asian Champions League/2025
Asian Champions League 2025,2025-04-20,【2025英雄亚冠ACLxCS2封闭预选赛】赛前采访：EXU&JJH,https://www.bilibili.com/video/BV1k3LAziE6s,,seas,Hero Esports,Hero Esports/Asian Champions League/2025
Asian Champions League 2025,2025-04-19,Chinggis Warriors carnage: 晋级Major心愿达成 下一步冲击EWC电竞世界杯,https://www.bilibili.com/opus/1058672055070752768,chinggis warriors,carnage,,Hero Esports/Asian Champions League/2025
Asian Champions League 2025,2025-04-23,Just Swing gas Marek: 从墨尔本到盐城 我们还在追梦的路上,https://www.bilibili.com/opus/1060561230847016994,just swing (chinese team),gas,,Hero Esports/Asian Champions League/2025
Asian Champions League 2025,2025-04-12,【2025英雄亚冠ACL X CS2】后台采访：FHG Zpy,https://www.bilibili.com/video/BV1AjdDYhEh4,five handsome guys,Zpy,Asian Champions League,Hero Esports/Asian Champions League/2025
Asian Champions League 2025,2025-04-13,【2025英雄亚冠ACL X CS2】后台采访：GTR Pupu,https://www.bilibili.com/video/BV158dqY5EYP,team gateron,Pupu,Asian Champions League,Hero Esports/Asian Champions League/2025
Asian Champions League 2025,2025-04-08,5EPlay专访ACL中国预选赛战队——FHG,https://csgo.5eplay.com/article/250408ipq1zk,five handsome guys,Bogod,5EPlay,Hero Esports/Asian Champions League/2025
Asian Champions League 2025,2025-04-09,5EPlay专访赖科旭：队伍八成晋级；亚洲CS进步大,https://csgo.5eplay.com/article/250409mxeh12,change the game,LaiKeXu,5EPlay,Hero Esports/Asian Champions League/2025
Asian Champions League 2025,2025-04-09,5EPlay专访ACL中国预选赛战队——GATERON,https://csgo.5eplay.com/article/250409ji4whx,team gateron,RW,5EPlay,Hero Esports/Asian Champions League/2025
Asian Champions League 2025,2025-04-13,5EPlay专访影子人：看到了阵容的潜力，不会让粉丝失望,https://csgo.5eplay.com/article/250413evahb9,team xdm,Shad0w,5EPlay,Hero Esports/Asian Champions League/2025
Esports World Cup 2026: Last Chance Qualifier,2026-08-06,"Esports World Cup teams, format, schedule, prizes, talent, fantasy",https://www.hltv.org/n/45241,,,HLTV,Esports World Cup/2026/Qualifier
Esports World Cup 2026: Last Chance Qualifier,2026-08-07,"Magisk: ""I'm impressed with the older guys, they're trying their absolute best to remove some of the habits they've played with for many years""",https://www.hltv.org/n/45246,bc.game,Magisk,HLTV,Esports World Cup/2026/Qualifier
Esports World Cup 2026: Last Chance Qualifier,2026-08-07,"alex: ""We're in talks with some orgs, but this is affecting us mentally""",https://www.hltv.org/n/45247,iberian soul,alex (Spanish player),HLTV,Esports World Cup/2026/Qualifier
Esports World Cup 2026: Last Chance Qualifier,2026-08-08,"Gizmy: ""I'll only be happy with qualifying for EWC""",https://www.hltv.org/n/45250,100t,Gizmy,HLTV,Esports World Cup/2026/Qualifier
Esports World Cup 2026: Last Chance Qualifier,2026-08-08,"nafany on 1win coming together: ""It's like a dream""",https://www.hltv.org/n/45255,1w,nafany,HLTV,Esports World Cup/2026/Qualifier
Esports World Cup 2026: Last Chance Qualifier,2026-08-08,"MUTiRiS: ""I think it'll take three or four months to get to a good level""",https://www.hltv.org/n/45256,saw,MUTiRiS,HLTV,Esports World Cup/2026/Qualifier
Esports World Cup 2026: Last Chance Qualifier,2026-08-09,"TaZ: ""I'm proud of the guys that they were fighting until the end. This is not something we were known for at the beginning of the year""",https://www.hltv.org/n/45260,bc.game,TaZ,HLTV,Esports World Cup/2026/Qualifier
Esports World Cup 2026: Last Chance Qualifier,2026-08-10,"JDC: ""This is hopefully the year when we take the next step""",https://www.hltv.org/n/45266,big,JDC,HLTV,Esports World Cup/2026/Qualifier
Esports World Cup 2026: Last Chance Qualifier,2026-08-10,"rain on moving away from IGLing: ""I think my personality is maybe a little bit too chill""",https://www.hltv.org/n/45268,100t,rain,HLTV,Esports World Cup/2026/Qualifier
Esports World Cup 2026: Last Chance Qualifier,2026-08-07,"koala sobre momento do DENDELE: ""Podemos e devemos mais""",https://www.dust2.com.br/noticias/76645/koala-sobre-momento-do-dendele-podemos-e-devemos-mais,dendele,koala,Dust2.com.br,Esports World Cup/2026/Qualifier
Esports World Cup 2026: Last Chance Qualifier,2026-08-08,"Caixa de supermercado, brasileiro disputa EWC e sonha em viver do CS",https://www.dust2.com.br/noticias/76667/caixa-de-supermercado-brasileiro-disputa-ewc-e-sonha-em-viver-do-cs,orion wanderers,Kev1nho0,Dust2.com.br,Esports World Cup/2026/Qualifier
Esports World Cup 2026: Last Chance Qualifier,2026-08-08,"Fluxo ""entrou um pouco de salto alto"" no qualifier da EWC, diz kye",https://www.dust2.com.br/noticias/76680/fluxo-entrou-um-pouco-de-salto-alto-no-qualifier-da-ewc-diz-kye,fluxo w7m,kye,Dust2.com.br,Esports World Cup/2026/Qualifier
Esports World Cup 2026: Last Chance Qualifier,2026-08-08,Jornalista francês monta time com amigos para disputar o qualifier da EWC,https://www.dust2.com.br/noticias/76674/jornalista-frances-monta-time-com-amigos-para-disputar-o-qualifier-da-ewc,dark tigre,Poesys,Dust2.com.br,Esports World Cup/2026/Qualifier
Esports World Cup 2026: Last Chance Qualifier,2026-08-09,exit diz o que falta para o Fluxo se estabilizar: “Precisamos estar na mesma página”,https://www.dust2.com.br/noticias/76696/exit-diz-o-que-falta-para-o-fluxo-se-estabilizar-precisamos-estar-na-mesma-pagina,fluxo w7m,exit,Dust2.com.br,Esports World Cup/2026/Qualifier
Esports World Cup 2026: Last Chance Qualifier,2026-08-09,"gafolo avalia momento do DENDELE: ""Falta constância""",https://www.dust2.com.br/noticias/76701/gafolo-avalia-momento-do-dendele-falta-constancia,dendele,gafolo,Dust2.com.br,Esports World Cup/2026/Qualifier
Esports World Cup 2026: Last Chance Qualifier,2026-08-09,"device diz que jogar open qualifier da EWC foi ""um flashback”",https://www.dust2.com.br/noticias/76718/device-diz-que-jogar-open-qualifier-da-ewc-foi-um-flashback,100t,dev1ce,Dust2.com.br,Esports World Cup/2026/Qualifier
Esports World Cup 2026: Last Chance Qualifier,2026-08-07,"wezx: ""På papiret har vi ikke en IGL""",https://www.dust2.dk/nyheder/76643/wezx-paa-papiret-har-vi-ikke-en-igl,eac,wezx,Dust2.dk,Esports World Cup/2026/Qualifier
Esports World Cup 2026: Last Chance Qualifier,2026-08-07,Esports World Cup 2026 Open Qualifier - Day 1,https://www.hltv.org/gallery/13140,,,HLTV,Esports World Cup/2026/Qualifier
Esports World Cup 2026: Last Chance Qualifier,2026-08-08,Esports World Cup 2026 Open Qualifier - Day 2,https://www.hltv.org/gallery/13141,,,HLTV,Esports World Cup/2026/Qualifier
Esports World Cup 2026: Last Chance Qualifier,2026-08-09,Esports World Cup 2026 Open Qualifier - Day 3,https://www.hltv.org/gallery/13142,,,HLTV,Esports World Cup/2026/Qualifier
Stake Pulse Beat I,2026-08-04,Stake Pulse Beat I - Day 1,https://www.hltv.org/gallery/13138,,,HLTV,Stake Pulse/Beat I
Stake Pulse Beat I,2026-08-05,Stake Pulse Beat I - Day 2,https://www.hltv.org/gallery/13139,,,HLTV,Stake Pulse/Beat I
Super DraculaN Season 1,2026-06-23,"onic: ""At first they [parents] did think I was doing esports just to blow all our money on gambling""",https://x.com/denten_mine/status/2069499820805652742,ic esports ,onic,,Super DraculaN/Season 1
Rainhas do Clutch 2026,2026-06-24,"LyttleZ: ""É realmente difícil manter a motivação com a falta de campeonato""",https://www.dust2.com.br/noticias/75356/lyttlez-e-realmente-dificil-manter-a-motivacao-com-a-falta-de-campeonato,atrix,LyttleZ,Dust2.com.br,FERJEE/Rainhas do Clutch/2026
Rainhas do Clutch 2026,2026-06-24,"Stx: ""Estou muito grata por termos vencido, mas sinto que elas jogaram melhor""",https://www.dust2.com.br/noticias/75372/stx-estou-muito-grata-por-termos-vencido-mas-sinto-que-elas-jogaram-melhor,shimmer,Stx,Dust2.com.br,FERJEE/Rainhas do Clutch/2026
Rainhas do Clutch 2026,2026-06-26,"poppins projeta final no Rainhas do Clutch: ""Vamos entrar amassando geral""",https://www.dust2.com.br/noticias/75412/poppins-projeta-final-no-rainhas-do-clutch-vamos-entrar-amassando-geral,mibr.fe,poppins,Dust2.com.br,FERJEE/Rainhas do Clutch/2026
Rainhas do Clutch 2026,2026-06-26,"tory: ""Estamos muito surpresas com o nível do Counter-Strike brasileiro""",https://www.dust2.com.br/noticias/75438/tory-estamos-muito-surpresas-com-o-nivel-do-counter-strike-brasileiro,clutchain female,tory,Dust2.com.br,FERJEE/Rainhas do Clutch/2026
Rainhas do Clutch 2026,2026-06-27,"Olga: ""Acabei de conquistar o que eu mais queria, em dobro""",https://www.dust2.com.br/noticias/75454/olga-acabei-de-conquistar-o-que-eu-mais-queria-em-dobro,mibr.fe,olga,Dust2.com.br,FERJEE/Rainhas do Clutch/2026
Rainhas do Clutch 2026,2026-06-27,"FERJEE promoverá campeonato feminino online e outra LAN, diz nova presidente",https://www.dust2.com.br/noticias/75462/ferjee-promovera-campeonato-feminino-online-e-outra-lan-diz-nova-presidente,,,Dust2.com.br,FERJEE/Rainhas do Clutch/2026
Rainhas do Clutch 2026,2026-06-26,"Lenda do CS feminino fala sobre momento atual no cenário"": É desmotivador, precisamos de atenção!""",https://draft5.gg/noticia/lenda-do-cs-feminino-fala-sobre-momento-atual-no-cenario-e-desmotivador-precisamos-de-atencao,clutchain female,zAAz,DRAFT5,FERJEE/Rainhas do Clutch/2026
Rainhas do Clutch 2026,2026-06-26,"""Elas são minha família"": bokor se emociona com trajetória da Atrix no Rainhas do Clutch 2026",https://draft5.gg/noticia/elas-sao-minha-familia-bokor-se-emociona-com-trajetoria-da-atrix-no-rainhas-do-clutch-2026,atrix,bokor,DRAFT5,FERJEE/Rainhas do Clutch/2026
Rainhas do Clutch 2026,2026-06-27,"Olga desabafa após título mundial pelo MIBR: ""Sensação de alívio e trabalho feito""",https://draft5.gg/noticia/olga-desabafa-apos-titulo-mundial-pelo-mibr-sensacao-de-alivio-e-trabalho-feito,mibr.fe,olga,DRAFT5,FERJEE/Rainhas do Clutch/2026
Rainhas do Clutch 2026,2026-06-23,FERJEE Rainhas do Clutch 2026,https://www.hltv.org/gallery/13128,,,HLTV,FERJEE/Rainhas do Clutch/2026
BC.Game Masters Championship #2,2026-05-23,"fer: ""I can't handle the player life nowadays, so I told them I could practice for a month and play the Major""",https://www.hltv.org/n/44694,gaimin,fer,HLTV,BC.Game Masters Championship/2
BC.Game Masters Championship #2,2026-05-25,"HexT: ""I think Cxzi brings some things Peeping was lacking""",https://www.hltv.org/n/44706,wildcard,HexT,HLTV,BC.Game Masters Championship/2
FRAG 20,2026-04-25,"ben1337: ""WUMBO was on stanislaw's list for six months""",https://www.dust2.us/news/73180/ben1337-wumbo-was-on-stanislaws-list-for-six-months,marsborne,ben1337,Dust2.us,FRAG/20
FRAG 20,2026-04-25,"WUMBO: ""OCEAN DM'd me one day and it changed me""",https://www.dust2.us/news/73181/wumbo-ocean-dmd-me-one-day-and-it-changed-me,marsborne,WUMBO,Dust2.us,FRAG/20
FRAG 20,2026-04-26,"Grizz: ""I'm happy to have a bunch of new guys around me who I can teach and grow alongside""",https://www.dust2.us/news/73203/grizz-im-happy-to-have-a-bunch-of-new-guys-around-me-who-i-can-teach-and-grow-alongside,marsborne,Grizz,Dust2.us,FRAG/20
FRAG 20,2026-04-26,"JT: ""We don't even have three weeks of practice with Senzu, and it's been two and a half months""",https://www.dust2.us/news/73205/jt-we-dont-even-have-three-weeks-of-practice-with-senzu-and-its-been-two-and-a-half-months,passion ua,JT,Dust2.us,FRAG/20
FRAG 20,2026-04-27,"corn: ""There are people who disagree with us as a European core playing, but we earned the spot in Astana""",https://www.dust2.us/news/73182/corn-there-are-people-who-disagree-with-us-as-a-european-core-playing-but-we-earned-the-spot-in-astana,fisher college,corn,Dust2.us,FRAG/20
FRAG 20,2026-04-27,"Cxzi on exiting Marsborne: ""I'm turning 26 this year. I don't have time to build what they want to build""",https://www.dust2.us/news/73207/cxzi-on-exiting-marsborne-im-turning-26-this-year-i-dont-have-time-to-build-what-they-want-to-build,wildcard,Cxzi,Dust2.us,FRAG/20
FRAG 20,2026-04-28,"AlekS: ""dephh said I shouldn't be amazed if the people we play at PGL Astana aren't as good as we expect""",https://www.dust2.us/news/73260/aleks-dephh-said-i-shouldnt-be-amazed-if-the-people-we-play-at-pgl-astana-arent-as-good-as-we-expect,fisher college,AlekS,Dust2.us,FRAG/20
FRAG 20,2026-04-28,"nEMANHA: ""Playing for illwill helped me very much because it was my first time calling in English""",https://www.dust2.us/news/73255/nemanha-playing-for-illwill-helped-me-very-much-because-it-was-my-first-time-calling-in-english,wildcard,nEMANHA,Dust2.us,FRAG/20
FRAG 20,2026-04-28,"nicx: ""It shouldn't even be a question whether we make the Major or not""",https://www.dust2.us/news/73266/nicx-it-shouldnt-even-be-a-question-whether-we-make-the-major-or-not,passion ua,nicx,Dust2.us,FRAG/20
FRAG 20,2026-04-28,"Swisher: ""Just being able to qualify [to the Major] was a huge win for us. We'll take it""",https://www.dust2.us/news/73209/swisher-just-being-able-to-qualify-to-the-major-was-a-huge-win-for-us-well-take-it,m80,Swisher,Dust2.us,FRAG/20
CCT Season 3 Global Finals,2026-04-27,"Gizmy: ""You learn a lot from these LANs because you get punished more frequently for mistakes""",https://www.hltv.org/n/44457,monte,Gizmy,HLTV,CCT/Season 3/Global Finals
Circuit X Mayhem São Paulo,2026-04-01,jnt avalia início na Galorys e quer time na briga por 2º Major,https://www.dust2.com.br/noticias/72331/jnt-avalia-inicio-na-galorys-e-quer-time-na-briga-por-2-major,galorys,jnt,Dust2.com.br,Circuit X/Mayhem/São Paulo
Circuit X Mayhem São Paulo,2026-04-01,reNTU sobre permanência na RED: “Sei que se eu jogar bem vou ficar”,https://www.dust2.com.br/noticias/72336/rentu-sobre-permanencia-na-red-sei-que-se-eu-jogar-bem-vou-ficar,red canids,reNTU,Dust2.com.br,Circuit X/Mayhem/São Paulo
Circuit X Mayhem São Paulo,2026-04-03,"motm diz que Marsborne voltará ao Brasil ""se equipe ainda estiver viva""",https://www.dust2.com.br/noticias/72400/motm-diz-que-marsborne-voltara-ao-brasil-se-equipe-ainda-estiver-viva,marsborne,motm,Dust2.com.br,Circuit X/Mayhem/São Paulo
Circuit X Mayhem São Paulo,2026-04-03,mlhzin abre o jogo sobre chance do Fluxo ir para Major e sua permanência no time,https://www.dust2.com.br/noticias/72404/mlhzin-abre-o-jogo-sobre-chance-do-fluxo-ir-para-major-e-sua-permanencia-no-time,fluxo w7m,mlhzin,Dust2.com.br,Circuit X/Mayhem/São Paulo
Circuit X Mayhem São Paulo,2026-04-04,disturbed comenta fase da Largados y Pelados e busca por organização,https://www.dust2.com.br/noticias/72418/disturbed-comenta-fase-da-largados-y-pelados-e-busca-por-organizacao,dashskins,disturbed,Dust2.com.br,Circuit X/Mayhem/São Paulo
Circuit X Mayhem São Paulo,2026-04-04,"felps sobre disputa pelo Major: ""Não ligo para essa pressão""",https://www.dust2.com.br/noticias/72434/felps-sobre-disputa-pelo-major-nao-ligo-para-essa-pressao,gaimin,felps,Dust2.com.br,Circuit X/Mayhem/São Paulo
Circuit X Mayhem São Paulo,2026-04-04,"Fora do Major, WOOD7 desabafa: ""Faltou ganharmos um campeonato""",https://www.dust2.com.br/noticias/72439/fora-do-major-wood7-desabafa-faltou-ganharmos-um-campeonato,oddik,WOOD7,Dust2.com.br,Circuit X/Mayhem/São Paulo
Circuit X Mayhem São Paulo,2026-04-04,sidde detalha preparação da FURIA para IEM Rio e comenta possível saída de molodoy,https://www.dust2.com.br/noticias/72451/sidde-detalha-preparacao-da-furia-para-iem-rio-e-comenta-possivel-saida-de-molodoy,,sidde,Dust2.com.br,Circuit X/Mayhem/São Paulo
Circuit X Mayhem São Paulo,2026-04-05,NEKIZ comemora ida ao Major e alerta sobre bootcamp,https://www.dust2.com.br/noticias/72461/nekiz-comemora-ida-ao-major-e-alerta-sobre-bootcamp,gaimin,NEKIZ,Dust2.com.br,Circuit X/Mayhem/São Paulo
Circuit X Mayhem São Paulo,2026-04-05,nqz: “Viemos para o Brasil com medo de não nos classificar para o Major”,https://www.dust2.com.br/noticias/72493/nqz-viemos-para-o-brasil-com-medo-de-nao-nos-classificar-para-o-major,pain,nqz,Dust2.com.br,Circuit X/Mayhem/São Paulo
Circuit X Mayhem São Paulo,2026-04-01,BetBoom Circuit X Mayhem São Paulo 2026,https://www.hltv.org/gallery/13061,,,HLTV,Circuit X/Mayhem/São Paulo
DraculaN Season 6,2026-04-01,"ultimate on Liquid's Major chances: ""Considering that it's undecided, I'm not going to worry""",https://www.hltv.org/n/44237,tl,ultimate,HLTV,DraculaN/Season 6
DraculaN Season 6,2026-04-01,"Cabbi: ""Right now our plan is to find out if we're going to keep playing with Fessor""",https://www.hltv.org/news/44174/the-race-to-the-iem-cologne-major#f43,sashi,Cabbi,HLTV,DraculaN/Season 6
Roman Imperium Cup VII,2026-03-30,"beastik: ""The pressure of thinking about the Major got to us""",https://www.hltv.org/n/44223,sinners,beastik,HLTV,Roman Imperium Cup/7
Roman Imperium Cup VII,2026-03-31,"Boombl4: ""It's not the biggest tournament in my life, but it's still great emotions""",https://www.hltv.org/n/44227,betboom,Boombl4,HLTV,Roman Imperium Cup/7
FERJEE In House 2026,2026-03-26,biguzera explica mudança de postura da paiN sobre jogar LANs no Brasil,https://www.dust2.com.br/noticias/72086/biguzera-explica-mudanca-de-postura-da-pain-sobre-jogar-lans-no-brasil,pain,biguzera,Dust2.com.br,FERJEE/In House/2026
FERJEE In House 2026,2026-03-27,"Gaules vê g3x ""mais próxima que antes"" de retorno ao CS",https://www.dust2.com.br/noticias/72109/gaules-ve-g3x-mais-proxima-que-antes-de-retorno-ao-cs,,gAuLeS,Dust2.com.br,FERJEE/In House/2026
FERJEE In House 2026,2026-03-27,Alisson comenta vitória sobre a RED Canids e busca da LyP por organização,https://www.dust2.com.br/noticias/72128/alisson-comenta-vitoria-sobre-a-red-canids-e-busca-da-lyp-por-organizacao,dashskins,Alisson,Dust2.com.br,FERJEE/In House/2026
FERJEE In House 2026,2026-03-28,"arT fala sobre saída do Fluxo, ida para Legacy e potencial do novo time",https://www.dust2.com.br/noticias/72135/art-fala-sobre-saida-do-fluxo-ida-para-legacy-e-potencial-do-novo-time,legacy,arT,Dust2.com.br,FERJEE/In House/2026
FERJEE In House 2026,2026-03-28,"Jon Vlogs fala sobre relação com o CS, vontade de ter um time e se fará transmissões",https://www.dust2.com.br/noticias/72160/jon-vlogs-fala-sobre-relacao-com-o-cs-vontade-de-ter-um-time-e-se-fara-transmissoes,,Jon Vlogs,Dust2.com.br,FERJEE/In House/2026
FERJEE In House 2026,2026-03-29,tom1jed avalia fase da ShindeN e chance de ir ao Major,https://www.dust2.com.br/noticias/72187/tom1jed-avalia-fase-da-shinden-e-chance-de-ir-ao-major,shinden,tom1jed,Dust2.com.br,FERJEE/In House/2026
FERJEE In House 2026,2026-03-29,"""É uma das coisas que eu mais gosto de fazer"", diz Guilherme Arana sobre Counter-Strike",https://www.dust2.com.br/noticias/72164/e-uma-das-coisas-que-eu-mais-gosto-de-fazer-diz-guilherme-arana-sobre-counter-strike,,Guilherme Arana,Dust2.com.br,FERJEE/In House/2026
FERJEE In House 2026,2026-03-29,"zakk: ""Hoje, eu não acho que merecemos estar no Major""",https://www.dust2.com.br/noticias/72195/zakk-hoje-eu-nao-acho-que-merecemos-estar-no-major,imp,zakk,Dust2.com.br,FERJEE/In House/2026
FERJEE In House 2026,2026-03-29,Lei do ex? dgt comenta vitória contra a paiN e classificação para o Major,https://www.dust2.com.br/noticias/72206/lei-do-ex-dgt-comenta-vitoria-contra-a-pain-e-classificacao-para-o-major,9z,dgt,Dust2.com.br,FERJEE/In House/2026
FERJEE In House 2026,2026-03-30,"snow sobre derrota para 9z: “Faltou um pouco de confiança""",https://www.dust2.com.br/noticias/72225/snow-sobre-derrota-para-9z-faltou-um-pouco-de-confianca,pain,snow,Dust2.com.br,FERJEE/In House/2026
FERJEE In House 2026,2026-03-30,HUASOPEEK comemora primeiro MVP em LAN e comenta próximos passos da 9z,https://www.dust2.com.br/noticias/72249/huasopeek-comemora-primeiro-mvp-em-lan-e-comenta-proximos-passos-da-9z,9z,HUASOPEEK,Dust2.com.br,FERJEE/In House/2026
FERJEE In House 2026,2026-03-29,FERJEE In House 2026,https://www.hltv.org/gallery/13059,,,HLTV,FERJEE/In House/2026
Journey Spring 2026,2026-03-27,"MaiL09: ""If I don't make this Major I will probably make the next one, or the one after""",https://www.hltv.org/n/44196,alliance,MaiL09,HLTV,Journey/2026/Spring
Journey Spring 2026,2026-03-27,ROG JOURNEY Spring 2026,https://www.hltv.org/gallery/13056,,,HLTV,Journey/2026/Spring
BC.Game Masters Championship #1,2026-03-25,"TOBIZ after Tricked knock HEROIC out of BCG Masters: ""Super disappointing, embarrassing""",https://www.hltv.org/n/44181,heroic,TOBIZ,HLTV,BC.Game Masters Championship/1
BC.Game Masters Championship #1,2026-03-26,"sAw: ""We just have to play these tournaments and learn as we go""",https://www.hltv.org/n/44183,g2,sAw,HLTV,BC.Game Masters Championship/1
BC.Game Masters Championship #1,2026-03-27,"MoDo on BC Game Masters Championship win: ""This tournament gave us a lot""",https://www.hltv.org/n/44193,sinners,MoDo,HLTV,BC.Game Masters Championship/1
Roman Imperium Cup VI,2026-03-12,"JW: ""As long as I feel that I'm contributing to the team, I think I should keep going""",https://www.hltv.org/n/44062,eyeballers,JW,HLTV,Roman Imperium Cup/6
Roman Imperium Cup VI,2026-03-13,"jL: ""I should theoretically be back [to playing] in the summer if everything works out""",https://www.hltv.org/n/44075,tl,jL,HLTV,Roman Imperium Cup/6
Roman Imperium Cup VI,2026-03-13,"tomaszin on roster changes: ""We're approaching the game differently""",https://www.hltv.org/n/44076,bestia,tomaszin,HLTV,Roman Imperium Cup/6
Roman Imperium Cup VI,2026-03-14,"cadiaN: ""CS2 has been pretty tough for me in many senses, but I'm just trying, day by day, to get better""",https://www.hltv.org/n/44091,og,cadiaN,HLTV,Roman Imperium Cup/6
DFRAG Wildcard LAN Season 1,2026-03-15,Liazz: 'The [FlyQuest] kick f**king sucked; I didn't know what to do with my career',https://dfrag.gg/counterstrike/news/liazz-the-flyquest-kick-f-king-sucked-i-didnt-know-what-to-do-with-my-career/,thunderdownunder,Liazz,DFRAG,DFRAG/Wildcard LAN/Season 1
DFRAG Wildcard LAN Season 1,2026-03-15,keen on OCE return after SemperFi's EU trip: 'I put the training wheels back on',https://dfrag.gg/counterstrike/news/keen-on-oce-return-after-semperfi-eu-trip/,semperfi,keen,DFRAG,DFRAG/Wildcard LAN/Season 1
DFRAG Wildcard LAN Season 1,2026-03-16,vision on Ground Zero matching OCE's top two: 'We know we have it in us',https://dfrag.gg/counterstrike/news/vision-on-ground-zero-matching-oces-top-2/,gz,vision,DFRAG,DFRAG/Wildcard LAN/Season 1
DFRAG Wildcard LAN Season 1,2026-03-17,aliStair: 'The point of the [THUNDER dOWNUNDER] project was to gamble on ourselves',https://dfrag.gg/counterstrike/news/alistair-the-point-of-the-thunder-downunder-project-was-to-gamble-on-ourselves/,thunderdownunder,aliStair,DFRAG,DFRAG/Wildcard LAN/Season 1
Circuit X Pantanal Cuiabá,2026-03-04,"decenty brinca sobre vaga na PGL Bucharest: ""Sou invicto no meu aniversário""",https://www.dust2.com.br/noticias/71291/decenty-brinca-sobre-vaga-na-pgl-bucharest-sou-invicto-no-meu-aniversario,imp,decenty,Dust2.com.br,Circuit X/Pantanal/Cuiabá
Circuit X Pantanal Cuiabá,2026-03-05,"kNgV- após disputa na LAN: ""Me deu aquela vontade de voltar a jogar""",https://www.dust2.com.br/noticias/71312/kngv-apos-disputa-na-lan-me-deu-aquela-vontade-de-voltar-a-jogar,ehisto base,kNgV-,Dust2.com.br,Circuit X/Pantanal/Cuiabá
Circuit X Pantanal Cuiabá,2026-03-05,"CEO do Circuit X comenta atrasos, cronograma e direitos de transmissão",https://www.dust2.com.br/noticias/71326/ceo-do-circuit-x-comenta-atrasos-cronograma-e-direitos-de-transmissao,,Carlos Passow,Dust2.com.br,Circuit X/Pantanal/Cuiabá
Circuit X Pantanal Cuiabá,2026-03-05,"max: ""Se puder ficar toda a vida na 9z, vou ficar, é minha casa""",https://www.dust2.com.br/noticias/71335/max-se-puder-ficar-toda-a-vida-na-9z-vou-ficar-e-minha-casa,9z,max,Dust2.com.br,Circuit X/Pantanal/Cuiabá
Circuit X Pantanal Cuiabá,2026-03-06,"motm: ""Jogar contra times brasileiros elevou o nosso nível""",https://www.dust2.com.br/noticias/71360/motm-jogar-contra-times-brasileiros-elevou-o-nosso-nivel,marsborne,motm,Dust2.com.br,Circuit X/Pantanal/Cuiabá
Circuit X Pantanal Cuiabá,2026-03-06,ivz explica por que ficou na ShindeN,https://www.dust2.com.br/noticias/71373/ivz-explica-por-que-ficou-na-shinden,shinden,ivz,Dust2.com.br,Circuit X/Pantanal/Cuiabá
Circuit X Pantanal Cuiabá,2026-03-06,"nardes: ""Precisamos melhorar a constância do time""",https://www.dust2.com.br/noticias/71381/nardes-precisamos-melhorar-a-constancia-do-time,oddik,nardes,Dust2.com.br,Circuit X/Pantanal/Cuiabá
Circuit X Pantanal Cuiabá,2026-03-07,"drop sobre batidas na trave: ""Sabemos que o psicológico está afetando bastante""",https://www.dust2.com.br/noticias/71399/drop-sobre-batidas-na-trave-sabemos-que-o-psicologico-esta-afetando-bastante,red canids,drop,Dust2.com.br,Circuit X/Pantanal/Cuiabá
Circuit X Pantanal Cuiabá,2026-03-07,"card analisa campanha da Yawara na LAN: ""Foi bem positivo para nós""",https://www.dust2.com.br/noticias/71407/card-analisa-campanha-da-yawara-na-lan-foi-bem-positivo-para-nos,yawara,card,Dust2.com.br,Circuit X/Pantanal/Cuiabá
Circuit X Pantanal Cuiabá,2026-03-07,trk comenta pausa na carreira e novo projeto com kNgV-,https://www.dust2.com.br/noticias/71416/trk-comenta-pausa-na-carreira-e-novo-projeto-com-kngv,ehisto base,trk,Dust2.com.br,Circuit X/Pantanal/Cuiabá
Circuit X Pantanal Cuiabá,2026-03-07,"Grizz: ""É muito divertido ter o público contra você""",https://www.dust2.com.br/noticias/71421/grizz-e-muito-divertido-ter-o-publico-contra-voce,marsborne,Grizz,Dust2.com.br,Circuit X/Pantanal/Cuiabá
Circuit X Pantanal Cuiabá,2026-03-08,"doc sobre Sharks: ""Somos um time muito promissor, estamos evoluindo bastante""",https://www.dust2.com.br/noticias/71437/doc-sobre-sharks-somos-um-time-muito-promissor-estamos-evoluindo-bastante,sharks esports,doc,Dust2.com.br,Circuit X/Pantanal/Cuiabá
Circuit X Pantanal Cuiabá,2026-03-08,"luchov: ""A união fez com que acelerássemos muito o processo""",https://www.dust2.com.br/noticias/71463/luchov-a-uniao-fez-com-que-acelerassemos-muito-o-processo,9z,luchov,Dust2.com.br,Circuit X/Pantanal/Cuiabá
Circuit X Pantanal Cuiabá,2026-03-04,BetBoom Circuit X Pantanal Cuiabá 2026,https://www.hltv.org/gallery/13042,,,HLTV,Circuit X/Pantanal/Cuiabá
Roman Imperium Cup V,2026-02-19,"alex: ""We've only had two days off; that's why I think we are performing this well, but I can feel the team is a little bit tired""",https://www.hltv.org/n/43920,gentle mates,alex,HLTV,Roman Imperium Cup/5
Roman Imperium Cup V,2026-02-20,"Maden: ""If everything clicks, we can go far""",https://www.hltv.org/n/43926,fnc,Maden,HLTV,Roman Imperium Cup/5
Roman Imperium Cup V,2026-02-21,"T.c talks try's signing, moving on from Grim and hallzerk, and Senzu's ""little bit rough English""",https://www.hltv.org/n/43929,passion ua,T.c,HLTV,Roman Imperium Cup/5
Roman Imperium Cup V,2026-02-21,"Boombl4: ""We're trying to figure out our game as a team""",https://www.hltv.org/n/43935,betboom,Boombl4,HLTV,Roman Imperium Cup/5
Roman Imperium Cup V,2026-02-22,"n0rb3r7: ""I saw good potential in the team and decided to stay""",https://www.hltv.org/n/43945,hotu,n0rb3r7,HLTV,Roman Imperium Cup/5
Roman Imperium Cup V,2026-02-19,Roman Imperium Cup V - Day 1,https://www.hltv.org/gallery/13036,,,HLTV,Roman Imperium Cup/5
Roman Imperium Cup V,2026-02-20,Roman Imperium Cup V - Day 2,https://www.hltv.org/gallery/13038,,,HLTV,Roman Imperium Cup/5
Circuit X Redemption Curitiba,2026-01-21,fks reconhece excesso em MADHOUSE TV x Gaules,https://www.dust2.com.br/noticias/69845/fks-reconhece-excesso-em-madhouse-tv-x-gaules,não copulas,fks,Dust2.com.br,Circuit X/Redemption/Curitiba
Circuit X Redemption Curitiba,2026-01-22,"waveigl: ""Na internet o clima é outro""",https://www.dust2.com.br/noticias/69847/waveigl-na-internet-o-clima-e-outro,não copulas,waveigl,Dust2.com.br,Circuit X/Redemption/Curitiba
Circuit X Redemption Curitiba,2026-01-22,LETN1 revela qual é o prazo para o MIBR atingir sua melhor forma,https://www.dust2.com.br/noticias/69875/letn1-revela-qual-e-o-prazo-para-o-mibr-atingir-sua-melhor-forma,mibr,LETN1,Dust2.com.br,Circuit X/Redemption/Curitiba
Circuit X Redemption Curitiba,2026-01-22,LNZ vê MIBR como oportunidade para se reinventar,https://www.dust2.com.br/noticias/69874/lnz-ve-mibr-como-oportunidade-para-se-reinventar,mibr,LNZ,Dust2.com.br,Circuit X/Redemption/Curitiba
Circuit X Redemption Curitiba,2026-01-23,"felps: ""Não importa se me acham louco, aposentado, eu quero é jogar CS""",https://www.dust2.com.br/noticias/69894/felps-nao-importa-se-me-acham-louco-aposentado-eu-quero-e-jogar-cs,gaimin,felps,Dust2.com.br,Circuit X/Redemption/Curitiba
Circuit X Redemption Curitiba,2026-01-23,"exit fala sobre eliminação no Circuit X, mudança de time e objetivo com o Fluxo",https://www.dust2.com.br/noticias/69912/exit-fala-sobre-eliminacao-no-circuit-x-mudanca-de-time-e-objetivo-com-o-fluxo,fluxo w7m,exit,Dust2.com.br,Circuit X/Redemption/Curitiba
Circuit X Redemption Curitiba,2026-01-23,"dgt sobre 9z: ""Sinto que posso ser eu mesmo, eles me escutam""",https://www.dust2.com.br/noticias/69924/dgt-sobre-9z-sinto-que-posso-ser-eu-mesmo-eles-me-escutam,9z,dgt,Dust2.com.br,Circuit X/Redemption/Curitiba
Circuit X Redemption Curitiba,2026-01-25,Lei do ex? Luken conta como foi jogar contra 9z na LAN,https://www.dust2.com.br/noticias/69972/lei-do-ex-luken-conta-como-foi-jogar-contra-9z-na-lan,gaimin,Luken,Dust2.com.br,Circuit X/Redemption/Curitiba
Circuit X Redemption Curitiba,2026-01-25,"dav1deuS fala sobre saída da paiN, volta à RED Canids e classificação para IEM Rio",https://www.dust2.com.br/noticias/69996/dav1deus-fala-sobre-saida-da-pain-volta-a-red-canids-e-classificacao-para-iem-rio,red canids,dav1deuS,Dust2.com.br,Circuit X/Redemption/Curitiba
Circuit X Redemption Curitiba,2026-01-25,"insani após título do Circuit X Redemption: ""Temos que confiar no processo""",https://www.dust2.com.br/noticias/70007/insani-apos-titulo-do-circuit-x-redemption-temos-que-confiar-no-processo,mibr,insani,Dust2.com.br,Circuit X/Redemption/Curitiba
Circuit X Redemption Curitiba,2026-01-26,"Saída de Luken, rivalidade com BESTIA e sonhos: Frankkaster fala sobre 9z",https://www.dust2.com.br/noticias/69999/saida-de-luken-rivalidade-com-bestia-e-sonhos-frankkaster-fala-sobre-9z,sharks esports,Frankkaster,Dust2.com.br,Circuit X/Redemption/Curitiba
Circuit X Redemption Curitiba,2026-01-21,BetBoom Circuit X Redemption Curitiba 2026,https://www.hltv.org/gallery/13016,,,HLTV,Circuit X/Redemption/Curitiba
BetBoom RUSH B! Summit 2026,2026-01-14,"Luken comenta saída da 9z: ""O tempo cura tudo""",https://www.dust2.com.br/noticias/69619/luken-comenta-saida-da-9z-o-tempo-cura-tudo,gaimin,Luken,Dust2.com.br,BetBoom/RUSH B! Summit/2026
BetBoom RUSH B! Summit 2026,2026-01-14,"pesadelo: ""Senti muita falta de competir""",https://www.dust2.com.br/noticias/69623/pesadelo-senti-muita-falta-de-competir,fake do biru,pesadelo,Dust2.com.br,BetBoom/RUSH B! Summit/2026
BetBoom RUSH B! Summit 2026,2026-01-15,"RiVAS: ""Espero fazer um bom trabalho, honrar essa camisa e ganhar títulos""",https://www.dust2.com.br/noticias/69641/rivas-espero-fazer-um-bom-trabalho-honrar-essa-camisa-e-ganhar-titulos,legacy,RiVAS,Dust2.com.br,BetBoom/RUSH B! Summit/2026
BetBoom RUSH B! Summit 2026,2026-01-15,"Keyd precisa ""funcionar como um organismo"", diz b4rtiN",https://www.dust2.com.br/noticias/69652/keyd-precisa-funcionar-como-um-organismo-diz-b4rtin,keyd,b4rtiN,Dust2.com.br,BetBoom/RUSH B! Summit/2026
BetBoom RUSH B! Summit 2026,2026-01-16,"gafolo sobre grind da Sharks: ""Queremos ser uma equipe mais cascuda""",https://www.dust2.com.br/noticias/69687/gafolo-sobre-grind-da-sharks-queremos-ser-uma-equipe-mais-cascuda,sharks esports,gafolo,Dust2.com.br,BetBoom/RUSH B! Summit/2026
BetBoom RUSH B! Summit 2026,2026-01-17,"HEN1: ""Muito feliz por estar de volta e fazer o que eu amo""",https://www.dust2.com.br/noticias/69709/hen1-muito-feliz-por-estar-de-volta-e-fazer-o-que-eu-amo,gaimin,HEN1,Dust2.com.br,BetBoom/RUSH B! Summit/2026
BetBoom RUSH B! Summit 2026,2026-01-17,"maxxkor: ""Estamos lutando para conseguir a vaga no Major""",https://www.dust2.com.br/noticias/69720/maxxkor-estamos-lutando-para-conseguir-a-vaga-no-major,sharks esports,maxxkor,Dust2.com.br,BetBoom/RUSH B! Summit/2026
BetBoom RUSH B! Summit 2026,2026-01-17,"zakk: ""Precisamos voltar a engrenar""",https://www.dust2.com.br/noticias/69729/zakk-precisamos-voltar-a-engrenar,imp,zakk,Dust2.com.br,BetBoom/RUSH B! Summit/2026
BetBoom RUSH B! Summit 2026,2026-01-18,"venomzera após MIBR cravar vaga na final: ""Resiliência e mental bom""",https://www.dust2.com.br/noticias/69744/venomzera-apos-mibr-cravar-vaga-na-final-resiliencia-e-mental-bom,mibr,venomzera,Dust2.com.br,BetBoom/RUSH B! Summit/2026
BetBoom RUSH B! Summit 2026,2026-01-14,BetBoom RUSH B Summit Season 1,https://www.hltv.org/gallery/13015,,,HLTV,BetBoom/RUSH B! Summit/2026
BetBoom RUSH B! Summit 2026,2026-02-25,"Juve sobre Fluxo: ""Não viria se não acreditasse que somos capazes de ir ao Major""",https://www.dust2.com.br/noticias/70998/juve-sobre-fluxo-nao-viria-se-nao-acreditasse-que-somos-capazes-de-ir-ao-major,fluxo w7m,Juve,Dust2.com.br,BetBoom/RUSH B! Summit/2026
BetBoom RUSH B! Summit 2026,2026-02-26,"Recomeço da 9z surpreendeu até BIT: ""Não imaginávamos que daria tão certo assim""",https://www.dust2.com.br/noticias/71008/recomeco-da-9z-surpreendeu-ate-bit-nao-imaginavamos-que-daria-tao-certo-assim,9z,BIT,Dust2.com.br,BetBoom/RUSH B! Summit/2026
BetBoom RUSH B! Summit 2026,2026-02-26,"WOOD7: ""Sempre preferi trabalhar com jovens, jogadores que eu posso auxiliar""",https://www.dust2.com.br/noticias/71051/wood7-sempre-preferi-trabalhar-com-jovens-jogadores-que-eu-posso-auxiliar,oddik,WOOD7,Dust2.com.br,BetBoom/RUSH B! Summit/2026
BetBoom RUSH B! Summit 2026,2026-02-27,Lucaozy explica período como IGL do Fluxo,https://www.dust2.com.br/noticias/71097/lucaozy-explica-periodo-como-igl-do-fluxo,fluxo w7m,Lucaozy,Dust2.com.br,BetBoom/RUSH B! Summit/2026
BetBoom RUSH B! Summit 2026,2026-02-28,"Sharks dribla sequência de campeonatos ""fugindo do próprio playbook"", diz D10S",https://www.dust2.com.br/noticias/71132/sharks-dribla-sequencia-de-campeonatos-fugindo-do-proprio-playbook-diz-d10s,sharks esports,D10S,Dust2.com.br,BetBoom/RUSH B! Summit/2026
BetBoom RUSH B! Summit 2026,2026-03-01,"kauez: ""É muito triste que estejamos há bastante tempo batendo só na trave""",https://www.dust2.com.br/noticias/71161/kauez-e-muito-triste-que-estejamos-ha-bastante-tempo-batendo-so-na-trave,red canids,kauez,Dust2.com.br,BetBoom/RUSH B! Summit/2026
BetBoom RUSH B! Summit 2026,2026-03-02,"dgt: ""Nos campeonatos, eu penso em ser campeão e não tanto nos pontos""",https://www.dust2.com.br/noticias/71207/dgt-nos-campeonatos-eu-penso-em-ser-campeao-e-nao-tanto-nos-pontos,9z,dgt,Dust2.com.br,BetBoom/RUSH B! Summit/2026
BetBoom RUSH B! Summit 2026,2026-02-25,BetBoom RUSH B Summit Season 2,https://www.hltv.org/gallery/13041,,,HLTV,BetBoom/RUSH B! Summit/2026
BetBoom RUSH B! Summit 2026,2026-07-15,"Com IGLs em falta, xureba assume função de olho no futuro",https://www.dust2.com.br/noticias/76006/com-igls-em-falta-xureba-assume-funcao-de-olho-no-futuro,keyd,xureba,Dust2.com.br,BetBoom/RUSH B! Summit/2026
BetBoom RUSH B! Summit 2026,2026-07-16,gusihx explica motivo do bom momento da Bounty Hunters,https://www.dust2.com.br/noticias/76038/gusihx-explica-motivo-do-bom-momento-da-bounty-hunters,bounty.br,gusihx,Dust2.com.br,BetBoom/RUSH B! Summit/2026
BetBoom RUSH B! Summit 2026,2026-07-17,"saadzin sobre Imperial: ""Seremos muito felizes jogando juntos""",https://www.dust2.com.br/noticias/76061/saadzin-sobre-imperial-seremos-muito-felizes-jogando-juntos,imp,saadzin,Dust2.com.br,BetBoom/RUSH B! Summit/2026
BetBoom RUSH B! Summit 2026,2026-07-17,"Na esteira do sucesso da 9z, ivz quer ""fazer história"" com a ShindeN",https://www.dust2.com.br/noticias/76085/na-esteira-do-sucesso-da-9z-ivz-quer-fazer-historia-com-a-shinden,shinden,ivz,Dust2.com.br,BetBoom/RUSH B! Summit/2026
BetBoom RUSH B! Summit 2026,2026-07-19,"decenty valoriza títulos da Imperial: ""Não estamos mais no degrau que estávamos""",https://www.dust2.com.br/noticias/76128/decenty-valoriza-titulos-da-imperial-nao-estamos-mais-no-degrau-que-estavamos,imp,decenty,Dust2.com.br,BetBoom/RUSH B! Summit/2026
BetBoom RUSH B! Summit 2026,2026-07-20,"exit exalta confiança no Fluxo: ""Se eu falar para comerem smoke do nada, todos vão fazer""",https://www.dust2.com.br/noticias/76153/exit-exalta-confianca-no-fluxo-se-eu-falar-para-comerem-smoke-do-nada-todos-vao-fazer,fluxo w7m,exit,Dust2.com.br,BetBoom/RUSH B! Summit/2026
BetBoom RUSH B! Summit 2026,2026-07-15,BetBoom RUSH B Summit Season 4,https://www.hltv.org/gallery/13133,,,HLTV,BetBoom/RUSH B! Summit/2026
BetBoom RUSH B! Summit 2026,2026-04-22,"BIT sobre próximos torneios da 9z: ""Tudo é pensado para chegarmos no nosso pico durante o Major""",https://www.dust2.com.br/noticias/73107/bit-sobre-proximos-torneios-da-9z-tudo-e-pensado-para-chegarmos-no-nosso-pico-durante-o-major,9z,BIT,Dust2.com.br,BetBoom/RUSH B! Summit/2026
BetBoom RUSH B! Summit 2026,2026-04-27,dumau celebra título e comenta mudança de treinador na Legacy,https://www.dust2.com.br/noticias/73222/dumau-celebra-titulo-e-comenta-mudanca-de-treinador-na-legacy,legacy,dumau,Dust2.com.br,BetBoom/RUSH B! Summit/2026
BetBoom RUSH B! Summit 2026,2026-04-22,BetBoom RUSH B Summit Season 3,https://www.hltv.org/gallery/13082,,,HLTV,BetBoom/RUSH B! Summit/2026
eXTREMESLAND 2025,2025-12-14,2025 卓威极限之地亚洲公开赛前瞻 - 十年磨一剑 矢志终如一,https://www.bilibili.com/opus/1146980078820786196,,,MythYLHB,EXTREMESLAND/2025
eXTREMESLAND 2025,2025-12-16,eXTREMESLAND 2025 即將開始,https://csgo.com.hk/2025/12/16/extremesland-2025-about-to-start/tournament/,,,TomorrowLAN,EXTREMESLAND/2025
eXTREMESLAND 2025,2025-12-16,L1haNg: 欧洲的FACEIT里配合会更多 更团队,https://www.bilibili.com/opus/1147084914693242901,rare atom,L1haNg,Perfect World,EXTREMESLAND/2025
eXTREMESLAND 2025,2025-12-16,EmiliaQAQ: 2025 StarLadder布达佩斯Major后 休息了1-2天吧 然后就继续开始训练,https://www.bilibili.com/opus/1147092735803523072,lvg,EmiliaQAQ,Perfect World,EXTREMESLAND/2025
eXTREMESLAND 2025,2025-12-17,Terryyy: 澳大利亚CS的近况太差了 现在纯粹就是在用爱发电,https://www.bilibili.com/opus/1147664984386306056,rooster,Terryyy,Perfect World,EXTREMESLAND/2025
eXTREMESLAND 2025,2025-12-17,ImpressioN: 能有一届Major办在我们那里真的是太棒了,https://www.bilibili.com/opus/1147673196371116035,nemesis asia,ImpressioN,Perfect World,EXTREMESLAND/2025
eXTREMESLAND 2025,2025-12-17,ImpressioN: 希望在新加坡让全世界看到亚洲CS粉丝的热情,https://www.bilibili.com/video/BV1PKqEBQEUy,nemesis asia,ImpressioN,MythYLHB,EXTREMESLAND/2025
eXTREMESLAND 2025,2025-12-18,TiGeR: 在RA能更专注于比赛本身 先把阵容和体系一步步打磨好,https://www.bilibili.com/video/BV1hZqkBPEyk,rare atom,TiGeR,MythYLHB,EXTREMESLAND/2025
eXTREMESLAND 2025,2025-12-18,westmelon: 我们加了一点新风格 但路还是要一步一步走,https://www.bilibili.com/video/BV1wgqDBuEge,lvg,westmelon,MythYLHB,EXTREMESLAND/2025
eXTREMESLAND 2025,2025-12-18,Terryyy: 远道而来的最后一舞,https://www.bilibili.com/video/BV19HBnBGE5a,rooster,Terryyy,MythYLHB,EXTREMESLAND/2025
eXTREMESLAND 2025,2025-12-18,LaiKeXu: 4月那次没能击败CW 也许是我最难忘的遗憾,https://www.bilibili.com/video/BV1RJBnBCEpJ,ctg,LaiKeXu,MythYLHB,EXTREMESLAND/2025
eXTREMESLAND 2025,2025-12-18,BnTeT: VRS 令隊伍不能一步登天 有利隊伍長期投入,https://csgo.com.hk/2025/12/18/bntet-extremesland-2025-interview/tournament/,alter ego,BnTeT,TomorrowLAN,EXTREMESLAND/2025
eXTREMESLAND 2025,2025-12-18,REJ 負責人 HibichiN：目標 2026 實現每月舉辦賽事，全心推動日本 CS,https://csgo.com.hk/2025/12/18/hibichin-extremesland-2025-interview/news/,,HibichiN,TomorrowLAN,EXTREMESLAND/2025
eXTREMESLAND 2025,2025-12-19,Terryyy: 明年將在國內延續CS生涯 冀加盟擁有VRS排名的新東家,https://csgo.com.hk/2025/12/19/terryyy-extremesland-2025-interview/news/,rooster,Terryyy,TomorrowLAN,EXTREMESLAND/2025
eXTREMESLAND 2025,2025-12-19,eXTREMESLAND 2025: 專訪 RA ChildKing,https://csgo.com.hk/2025/12/19/childking-extremesland-2025-interview/news/,rare atom,ChildKing,TomorrowLAN,EXTREMESLAND/2025
eXTREMESLAND 2025,2025-12-19,越南 VTM 新星 h0zumi: 借本次賽事 取吸更多大賽經驗,https://csgo.com.hk/2025/12/19/h0zumi-extremesland-2025-interview/news/,vtm esports,h0zumi,TomorrowLAN,EXTREMESLAND/2025
eXTREMESLAND 2025,2025-12-19,追趕 The MongolZ 的腳步！Chinggis Warriors 選手 tikuak：目標在 Major 證明蒙古實力,https://csgo.com.hk/2025/12/19/tikuak-extremesland-2025-interview/news/,chinggis warriors,tikuak,TomorrowLAN,EXTREMESLAND/2025
eXTREMESLAND 2025,2025-12-19,聽見主場的歡呼！CTG 指揮 Hack1ng：目標穩紮穩打，擠進亞洲 VRS 前列,https://csgo.com.hk/2025/12/19/hack1ng-extremesland-2025-interview/news/,change the game,Hack1ng,TomorrowLAN,EXTREMESLAND/2025
eXTREMESLAND 2025,2025-12-20,專訪台籍分析師 FlykingJVE: 望極限之地再創下一個十年,https://csgo.com.hk/2025/12/20/flykingjve-extremesland-2025-interview/news/,team nemesis asia,FlykingJVE,TomorrowLAN,EXTREMESLAND/2025
eXTREMESLAND 2025,2025-12-20,夢想打進 Major！日本戰隊 RAVENS 指揮 FurtVe：日本 CS 環境正逐步進步,https://csgo.com.hk/2025/12/20/raven-furtve/news/,ravens.jp,FurtVe,TomorrowLAN,EXTREMESLAND/2025
eXTREMESLAND 2025,2025-12-20,Summer: 隊伍下半年陷入「換人循環」令狀態低迷,https://csgo.com.hk/2025/12/20/summer-extremesland-2025-interview/news/,rare atom,Summer,TomorrowLAN,EXTREMESLAND/2025
eXTREMESLAND 2025,2025-12-21,Searph: 未來三年或再迎一屆中國Major,https://csgo.com.hk/2025/12/21/searph-extremesland-2025-interview/news/,,Searph,TomorrowLAN,EXTREMESLAND/2025
eXTREMESLAND 2025,2025-12-22,極限之地冠軍訪問: CW 望明年進軍世界賽事,https://csgo.com.hk/2025/12/22/extremesland-2025-cw-interview/news/,chinggis warriors,,TomorrowLAN,EXTREMESLAND/2025
eXTREMESLAND 2025,2025-12-1x,,https://csgo.com.hk/,,,TomorrowLAN,EXTREMESLAND/2025
eXTREMESLAND 2025,2025-10-27,极限之地2025中国赛区预选赛战队巡礼：新鲜血液的沸腾之时,https://www.bilibili.com/opus/1128378828870123539,,,eXTREMESLAND,EXTREMESLAND/2025
eXTREMESLAND 2025,2025-10-27,eXTREMESLAND 2025 Chinese Offline Qualifier Group Stage Results and Playoffs Overview,https://www.bilibili.com/opus/1128451783189856277,,,MythYLHB,EXTREMESLAND/2025
eXTREMESLAND 2025,2025-09-14,粉碎心魔! Rooster淨勝SemperFi取得eXTREMESLAND名額,https://csgo.com.hk/2025/09/14/rooster-earn-extremesland-2025-slot/tournament/,,,TomorrowLAN,EXTREMESLAND/2025
ESL Challenger League Season 50: Asia,2025-11-19,ECL S50亚洲总决赛前瞻,https://www.bilibili.com/opus/1136942688698892310,,,MythYLHB,ESL/Challenger League/Season 50/Asia
CBCS Masters Xeque Mate 2025,2025-11-15,Detr0ittJ fala sobre permanência de coldzera no Fake do Biru,https://www.dust2.com.br/noticias/67660/detr0ittj-fala-sobre-permanencia-de-coldzera-no-fake-do-biru,fake do biru,detr0ittJ,Dust2.com.br,Circuito Brasileiro de Counter-Strike/2025/Masters/Xeque Mate
CBCS Masters Xeque Mate 2025,2025-11-15,"Treinador lamenta eliminação, mas vê Bounty Hunters no ""caminho certo""",https://www.dust2.com.br/noticias/67664/treinador-lamenta-eliminacao-mas-ve-bounty-hunters-no-caminho-certo,bounty.br,gusihx,Dust2.com.br,Circuito Brasileiro de Counter-Strike/2025/Masters/Xeque Mate
CBCS Masters Xeque Mate 2025,2025-11-16,koala avalia ano da Sharks e celebra título em LAN,https://www.dust2.com.br/noticias/67698/koala-avalia-ano-da-sharks-e-celebra-titulo-em-lan,sharks esports,koala,Dust2.com.br,Circuito Brasileiro de Counter-Strike/2025/Masters/Xeque Mate
CBCS Masters Xeque Mate 2025,2025-11-15,CBCS Masters Xeque Mate 2025 Finals,https://www.hltv.org/gallery/12986,,,HLTV,Circuito Brasileiro de Counter-Strike/2025/Masters/Xeque Mate
Perfect World CS Challenge Series #2,2025-11-12,PWC完美世界CS挑战赛S2巡礼: 后起之秀的绝佳机会,https://www.bilibili.com/opus/1134324609784479762,,,Perfect World,Perfect World/CS Challenge/Series 2
Perfect World CS Challenge Series #2,2025-11-12,kRaSnaL: 我不知道教练会怎么准备 对阵BORING PLAYER 我想我们会专注自己,https://www.bilibili.com/opus/1134332907658149892,9ine,kRaSnaL,Perfect World,Perfect World/CS Challenge/Series 2
Perfect World CS Challenge Series #2,2025-11-12,alex: 我想我们期待在总决赛对阵Lynn Vision Gaming,https://www.bilibili.com/opus/1134337597794942977,gentle mates,alex (Spanish player),Perfect World,Perfect World/CS Challenge/Series 2
Perfect World CS Challenge Series #2,2025-11-13,EmiliaQAQ: 还需要跟更多的强队去比一比 打一打 才能知道自己自身有什么没做好的,https://www.bilibili.com/opus/1134711659319787524,lvg,EmiliaQAQ,Perfect World,Perfect World/CS Challenge/Series 2
Perfect World CS Challenge Series #2,2025-11-16,z4kr: 每当自己完成一个心愿时 都会有更新的目标,https://www.bilibili.com/opus/1135966038893002759,lvg,z4kr,Perfect World,Perfect World/CS Challenge/Series 2
Perfect World CS Challenge Series #2,2025-11-1x,,https://www.bilibili.com/opus/,,,Perfect World,Perfect World/CS Challenge/Series 2
Perfect World CS Challenge Series #2,2025-11-14,【PWC】赖科旭：线下赛才是CS真正的精华,https://www.bilibili.com/video/BV1ThCKBBEk1,change the game,LaiKeXu,Perfect World,Perfect World/CS Challenge/Series 2
Perfect World CS Challenge Series #2,2025-11-14,【PWC】西瓜：战胜3DMAX让我们有战胜心魔的感觉,https://www.bilibili.com/video/BV1ThCKBBEk1/?vd_source=cc423f11d91bd122e97b46b5a02a4a8c&p=2,lvg,westmelon,Perfect World,Perfect World/CS Challenge/Series 2
Perfect World CS Challenge Series #2,2025-11-14,【PWC】SUMMER：希望能在布达佩斯Major上有所突破,https://www.bilibili.com/video/BV1ThCKBBEk1/?vd_source=cc423f11d91bd122e97b46b5a02a4a8c&p=3,rare atom,Summer,Perfect World,Perfect World/CS Challenge/Series 2
Perfect World CS Challenge Series #2,2025-11-14,【PWC】B1NGO：我们要把枪端稳，抱团补枪,https://www.bilibili.com/video/BV1ThCKBBEk1/?vd_source=cc423f11d91bd122e97b46b5a02a4a8c&p=4,lb.cn,B1NGO,Perfect World,Perfect World/CS Challenge/Series 2
Perfect World CS Challenge Series #2,2025-11-14,【PWC】mopoz：我们遇强则强，就像当年在EPL战胜Vitality一样,https://www.bilibili.com/video/BV1ThCKBBEk1/?vd_source=cc423f11d91bd122e97b46b5a02a4a8c&p=5,gentle mates,mopoz,Perfect World,Perfect World/CS Challenge/Series 2
Perfect World CS Challenge Series #2,2025-11-14,【PWC】raalz：这是我第一次来中国，感受到很多不同的文化,https://www.bilibili.com/video/BV1ThCKBBEk1/?vd_source=cc423f11d91bd122e97b46b5a02a4a8c&p=6,9ine,raalz,Perfect World,Perfect World/CS Challenge/Series 2
Perfect World CS Challenge Series #2,2025-11-14,【PWC】rubeN：我们的打法不是学院派，是比较野兽的,https://www.bilibili.com/video/BV1ThCKBBEk1/?vd_source=cc423f11d91bd122e97b46b5a02a4a8c&p=7,kaleido,rubeN (Chinese player),Perfect World,Perfect World/CS Challenge/Series 2
Perfect World CS Challenge Series #2,2025-11-14,【PWC】ZDR：我们大家在一起打的更像兄弟CS,https://www.bilibili.com/video/BV1ThCKBBEk1/?vd_source=cc423f11d91bd122e97b46b5a02a4a8c&p=8,hzbp,zdr (Chinese player),Perfect World,Perfect World/CS Challenge/Series 2
Perfect World CS Challenge Series #2,2025-11-16,【完美世界CS挑战赛S2】前迹今路 新星选手对话xf,https://www.bilibili.com/video/BV1EuCQBnErg,,xf,Perfect World,Perfect World/CS Challenge/Series 2
Perfect World CS Challenge Series #2,2025-11-16,【完美世界CS挑战赛S2】前迹今路 新星选手对话GUM,https://www.bilibili.com/video/BV1fuCQBJEGT,lvg,GUM,Perfect World,Perfect World/CS Challenge/Series 2
Perfect World CS Challenge Series #2,2025-11-03,"BORING PLAYER, Unsettled Resentment qualify for Perfect World CS Challenge Series 2 Closed Qualifier in Shanghai (1)",https://www.bilibili.com/opus/1130989576251244546,,,MythYLHB,Perfect World/CS Challenge/Series 2
Perfect World CS Challenge Series #2,2025-11-03,"BORING PLAYER, Unsettled Resentment qualify for Perfect World CS Challenge Series 2 Closed Qualifier in Shanghai (2)",https://www.bilibili.com/opus/1130990035842105379,,,MythYLHB,Perfect World/CS Challenge/Series 2
Perfect World CS Challenge Series #2,2025-11-03,"BORING PLAYER, Unsettled Resentment qualify for Perfect World CS Challenge Series 2 Closed Qualifier in Shanghai (3)",https://www.bilibili.com/opus/1130990568384495622,,,MythYLHB,Perfect World/CS Challenge/Series 2
ESL/Challenger League/Season 50/Oceania,2025-09-15,(澳洲線下首冠) Terryyy: 冀借 EPL 累積大賽經驗,https://csgo.com.hk/2025/09/15/terryyy-extremesland-2025-oce-interview/news/,rooster|2025-09-15,Terryyy,TomorrowLAN,ESL/Challenger League/Season 50/Oceania
FRAG Blocktober 2025,2025-10-04,"blameF: ""There's good stuff about VRS, but there must be VRS changes after the Major""",https://www.dust2.us/news/66340/blamef-theres-good-stuff-about-vrs-but-there-must-be-vrs-changes-after-the-major,fnc,blameF,Dust2.us,FRAG/2025/Philadelphia/2
FRAG Blocktober 2025,2025-10-04,"Axed on cutting CLASIA: ""I just wish I could have helped him as much as he's helped me""",https://www.dust2.us/news/66378/axed-on-cutting-clasia-i-just-wish-i-could-have-helped-him-as-much-as-hes-helped-me,skinrave,Axed,Dust2.us,FRAG/2025/Philadelphia/2
FRAG Blocktober 2025,2025-10-05,"Cxzi on his Complexity exit: ""We were still practicing the day before, so I didn't know""",https://www.dust2.us/news/66377/cxzi-on-his-complexity-exit-we-were-still-practicing-the-day-before-so-i-didnt-know,marsborne,Cxzi,Dust2.us,FRAG/2025/Philadelphia/2
FRAG Blocktober 2025,2025-10-05,"Chr1zN: ""Everyone is out of energy after giving 100% every time we've played""",https://www.dust2.us/news/66413/chr1zn-everyone-is-out-of-energy-after-giving-100-every-time-weve-played,og,Chr1zN,Dust2.us,FRAG/2025/Philadelphia/2
FRAG Blocktober 2025,2025-10-05,"dea on the upcoming season: ""The plan is to attend every single LAN and build up VRS points""",https://www.dust2.us/news/66385/dea-on-the-upcoming-season-the-plan-is-to-attend-every-single-lan-and-build-up-vrs-points,getting info,dea,Dust2.us,FRAG/2025/Philadelphia/2
FRAG Blocktober 2025,2025-10-06,"CYPHER after qualifying for the Major: ""I thought I was fucking doomed, having failed RMRs and everything""",https://www.dust2.us/news/66439/cypher-after-qualifying-for-the-major-i-thought-i-was-fucking-doomed-having-failed-rmrs-and-everything,fnc,CYPHER,Dust2.us,FRAG/2025/Philadelphia/2
FRAG Blocktober 2025,2025-10-06,"MoDo reflects on his difficult stint with OG: ""I fucked up myself, because I'm a really emotional guy in a way""",https://www.dust2.us/news/66442/modo-reflects-on-his-difficult-stint-with-og-i-fucked-up-myself-because-im-a-really-emotional-guy-in-a-way,og,MoDo,Dust2.us,FRAG/2025/Philadelphia/2
FRAG Blocktober 2025,2025-10-06,"WolfY: ""I've never been more confident in the Marsborne roster than I am right now""",https://www.dust2.us/news/66402/wolfy-ive-never-been-more-confident-in-the-marsborne-roster-than-i-am-right-now,marsborne,WolfY,Dust2.us,FRAG/2025/Philadelphia/2
FRAG Blocktober 2025,2025-10-07,"ynoT & Buckethead on casting Fnatic's Bo5 Major-qualifying victory: ""It feels a bit surreal""",https://www.dust2.us/news/66466/ynot-buckethead-on-casting-fnatics-bo5-major-qualifying-victory-it-feels-a-bit-surreal,,ynoT,Dust2.us,FRAG/2025/Philadelphia/2
FRAG Blocktober 2025,2025-10-08,"Fruitcupx on BOSS: ""We'll be up there with NRG and Wildcard""",https://www.dust2.us/news/66504/fruitcupx-on-boss-well-be-up-there-with-nrg-and-wildcard,boss,Fruitcupx,Dust2.us,FRAG/2025/Philadelphia/2
FRAG Blocktober 2025,2025-10-08,"ben1337 on the end of Party Astronauts: ""It was tough when we had to let it go""",https://www.dust2.us/news/66514/ben1337-on-the-end-of-party-astronauts-it-was-tough-when-we-had-to-let-it-go,boss,ben1337,Dust2.us,FRAG/2025/Philadelphia/2
FERJEE Rush 2025,2025-09-27,Qikert comenta adaptação ao MIBR e caso kl1m,https://www.dust2.com.br/noticias/66102/qikert-comenta-adaptacao-ao-mibr-e-caso-kl1m,mibr,Qikert,Dust2.com.br,FERJEE/Rush/2025
FERJEE Rush 2025,2025-09-27,zmb diz que apoio da comunidade foi fundamental para chegar na FERJEE Rush,https://www.dust2.com.br/noticias/66106/zmb-diz-que-apoio-da-comunidade-foi-fundamental-para-chegar-na-ferjee-rush,dashskins,zmb,Dust2.com.br,FERJEE/Rush/2025
FERJEE Rush 2025,2025-09-27,"urban0: ""Se fizermos nosso trabalho, vamos estar no Major""",https://www.dust2.com.br/noticias/66107/urban0-se-fizermos-nosso-trabalho-vamos-estar-no-major,9z,urban0,Dust2.com.br,FERJEE/Rush/2025
FERJEE Rush 2025,2025-09-27,"maxxkor sobre ida para Sharks: ""Toda a Argentina estava me apoiando""",https://www.dust2.com.br/noticias/66108/maxxkor-sobre-ida-para-sharks-toda-a-argentina-estava-me-apoiando,sharks esports,maxxkor,Dust2.com.br,FERJEE/Rush/2025
FERJEE Rush 2025,2025-09-28,"Sem organização, times ""de vaquinha"" contam experiência na FERJEE Rush",https://www.dust2.com.br/noticias/66117/sem-organizacao-times-de-vaquinha-contam-experiencia-na-ferjee-rush,dashskins,Ferrer,Dust2.com.br,FERJEE/Rush/2025
FERJEE Rush 2025,2025-09-28,"""Vejo nosso time como favorito"", diz zakk sobre FERJEE Rush",https://www.dust2.com.br/noticias/66133/vejo-nosso-time-como-favorito-diz-zakk-sobre-ferjee-rush,imp,zakk,Dust2.com.br,FERJEE/Rush/2025
FERJEE Rush 2025,2025-09-28,"tomaszin comemora ida aos playoffs da FERJEE e comenta ""rivalidade"" com o Brasil",https://www.dust2.com.br/noticias/66140/tomaszin-comemora-ida-aos-playoffs-da-ferjee-e-comenta-rivalidade-com-o-brasil,bestia,tomaszin,Dust2.com.br,FERJEE/Rush/2025
FERJEE Rush 2025,2025-09-29,"CutzMeretz: ""Vamos colocar o vsm onde ele merece estar""",https://www.dust2.com.br/noticias/66141/cutzmeretz-vamos-colocar-o-vsm-onde-ele-merece-estar,keyd,CutzMeretz,Dust2.com.br,FERJEE/Rush/2025
FERJEE Rush 2025,2025-09-29,JOTA celebra vaga nos playoffs e projeta jogo contra Keyd,https://www.dust2.com.br/noticias/66160/jota-celebra-vaga-nos-playoffs-e-projeta-jogo-contra-keyd,gaimin,JOTA,Dust2.com.br,FERJEE/Rush/2025
FERJEE Rush 2025,2025-09-29,"""Seria uma frustração"", diz chay sobre uma possível não classificação para o Major",https://www.dust2.com.br/noticias/66187/seria-uma-frustracao-diz-chay-sobre-uma-possivel-nao-classificacao-para-o-major,red canids,chayJESUS,Dust2.com.br,FERJEE/Rush/2025
FERJEE Rush 2025,2025-10-01,"brnz4n comemora título da FERJEE Rush: ""Todos estão bem esgotados""",https://www.dust2.com.br/noticias/66231/brnz4n-comemora-titulo-da-ferjee-rush-todos-estao-bem-esgotados,mibr,brnz4n,Dust2.com.br,FERJEE/Rush/2025
FERJEE Rush 2025,2025-10-01,"try: ""Penso em jogar no tier 1, mas estou feliz aqui""",https://www.dust2.com.br/noticias/66240/try-penso-em-jogar-no-tier-1-mas-estou-feliz-aqui,imp,try,Dust2.com.br,FERJEE/Rush/2025
FERJEE Rush 2025,2025-09-27,FERJEE Rush 2025 - Day 1,https://www.hltv.org/gallery/12938,,,HLTV,FERJEE/Rush/2025
FERJEE Rush 2025,2025-09-28,FERJEE Rush 2025 - Day 2,https://www.hltv.org/gallery/12941,,,HLTV,FERJEE/Rush/2025
FERJEE Rush 2025,2025-09-29,FERJEE Rush 2025 - Day 3,https://www.hltv.org/gallery/12943,,,HLTV,FERJEE/Rush/2025
FERJEE Rush 2025,2025-09-30,FERJEE Rush 2025 - Day 4,https://www.hltv.org/gallery/12945,,,HLTV,FERJEE/Rush/2025
Birch Cup 2025,2025-09-26,"ESC coach kapibe: ""We have pressure when all the CS community is commenting about us saying we are not playing fair""",https://www.hltv.org/n/42771#f5,esc,kapibe,HLTV,Birch Cup/2025
Birch Cup 2025,2025-09-26,"tabseN: ""It's possible for anyone to be removed, including myself""",https://www.hltv.org/n/42775,big,tabseN,HLTV,Birch Cup/2025
Birch Cup 2025,2025-09-26,"hades on Inner Circle benching: ""We accept what happened and just move on""",https://www.hltv.org/n/42771#f8,inner circle,hades,HLTV,Birch Cup/2025
Birch Cup 2025,2025-09-27,"dycha saw jcobbb's potential ""after one day""",https://www.hltv.org/n/42782,apogee,dycha,HLTV,Birch Cup/2025
Birch Cup 2025,2025-09-27,"CYPHER: ""Thinking about the VRS and Majors too much is always bad for you""",https://www.hltv.org/n/42771#f12,fnc,CYPHER,HLTV,Birch Cup/2025
Birch Cup 2025,2025-09-27,"EliGE: ""FaZe wanted to try something new and then kinda didn't after a short while; that's completely fine""",https://www.hltv.org/n/42785,tl,EliGE,HLTV,Birch Cup/2025
Birch Cup 2025,2025-09-28,"innocent: ""We played really off in this tournament""",https://www.hltv.org/n/42794,team venom,innocent,HLTV,Birch Cup/2025
Birch Cup 2025,2025-09-28,"faveN: ""BERRY gives me the most trust of any coach I have ever worked with""",https://www.hltv.org/n/42771#f26,9ine,faveN,HLTV,Birch Cup/2025
Birch Cup 2025,2025-09-28,"siuhy: ""Probably one of the most exhausting days I've had on LAN""",https://www.hltv.org/n/42771#f33,tl,siuhy,HLTV,Birch Cup/2025
Birch Cup 2025,2025-09-28,"raalz: ""That I have not been to a Major in over 10 years is just so annoying""",https://www.hltv.org/n/42771#f35,9ine,raalz,HLTV,Birch Cup/2025
Birch Cup 2025,2025-09-26,Birch Cup 2025 - Day 1,https://www.hltv.org/gallery/12935,,,HLTV,Birch Cup/2025
Birch Cup 2025,2025-09-27,Birch Cup 2025 - Day 2,https://www.hltv.org/gallery/12937,,,HLTV,Birch Cup/2025
Birch Cup 2025,2025-09-28,Birch Cup 2025 - Day 3,https://www.hltv.org/gallery/12942,,,HLTV,Birch Cup/2025
DraculaN Season 2,2025-09-25,"XELLOW on facing Metizport: ""We are pretty confident against them""",https://www.hltv.org/n/42762#f4,nexus,XELLOW,HLTV,DraculaN/Season 2
DraculaN Season 2,2025-09-25,"sirah on acoR: ""In the tough moments he can lead and is not afraid to take responsibility""",https://www.hltv.org/n/42762#f13,ecstatic,sirah,HLTV,DraculaN/Season 2
DraculaN Season 2,2025-09-25,"Chr1zN: ""We get a little stressed sometimes when it gets too close, nerves come into the picture""",https://www.hltv.org/n/42762#f18,og,Chr1zN,HLTV,DraculaN/Season 2
DraculaN Season 2,2025-09-25,"Djoko: ""I'm just trying to give everything that I can to the young players""",https://www.hltv.org/n/42762#f23,genone,Djoko,HLTV,DraculaN/Season 2
DraculaN Season 2,2025-09-25,"isak: ""MaiL09 is 100% the future of Sweden""",https://www.hltv.org/n/42762#f24,metizport,isak,HLTV,DraculaN/Season 2
DraculaN Season 2,2025-09-25,"nawwk: ""I feel like I'm still in form, I've still got it""",https://www.hltv.org/n/42762#f25,m1x,nawwk,HLTV,DraculaN/Season 2
DraculaN Season 2,2025-09-26,"kyuubii: ""gob b taught me a lot; he has a different vision of CS than I've ever seen""",https://www.hltv.org/n/42770,biga,kyuubii,HLTV,DraculaN/Season 2
DraculaN Season 2,2025-09-26,"Lambert: ""spooke can be a really insane star player""",https://www.hltv.org/n/42774,og,Lambert,HLTV,DraculaN/Season 2
DraculaN Season 2,2025-09-26,"gob b: ""I'm really happy with what we showed""",https://www.hltv.org/n/42762#f36,biga,gob b,HLTV,DraculaN/Season 2
DraculaN Season 2,2025-09-27,"regali: ""We're really tired and couldn't think at all""",https://www.hltv.org/n/42762#f43,fq,regali,HLTV,DraculaN/Season 2
DraculaN Season 2,2025-09-27,"acoR: ""We need to figure out how we want to do things in the future""",https://www.hltv.org/n/42762#f46,ecstatic,acoR,HLTV,DraculaN/Season 2
DraculaN Season 2,2025-09-28,"Maden: ""We showed that we are capable of playing well on LAN""",https://www.hltv.org/n/42795,z10,Maden,HLTV,DraculaN/Season 2
DraculaN Season 2,2025-09-28,"NBK- on drive to keep playing: ""It's as simple as this: I love this game way too much""",https://www.hltv.org/n/42796,genone,NBK-,HLTV,DraculaN/Season 2
DraculaN Season 2,2025-09-28,"T.c: ""At the end of the day, we're still making a lot of mistakes""",https://www.hltv.org/n/42762#f57,passion ua,T.c,HLTV,DraculaN/Season 2
DraculaN Season 2,2025-09-28,"Lambert: ""We've had good results during this LAN so far, so it's important to capitalize on it""",https://www.hltv.org/n/42762#f58,og,Lambert,HLTV,DraculaN/Season 2
DraculaN Season 2,2025-09-28,"Chr1zN: ""I'm very happy the grind has paid off""",https://www.hltv.org/n/42762#f62,og,Chr1zN,HLTV,DraculaN/Season 2
DraculaN Season 2,2025-09-30,"Polbandana: ""We were top 200 before DraculaN, but we came here as champions with good mentality""",https://www.hltv.org/n/42817,basement boys,Polbandana,HLTV,DraculaN/Season 2
LanDaLan #3,2025-09-26,"Boombl4 on d1Ledez addition: ""I see the growth, and the atmosphere has become much better""",https://www.hltv.org/n/42772,betboom,Boombl4,HLTV,LanDaLan/3
LanDaLan #3,2025-09-26,"S0tF1k: ""I believe mazay is the future of our academy, I will put him back in at the first opportunity""",https://www.hltv.org/n/42773,spirit academy,S0tF1k,HLTV,LanDaLan/3
LanDaLan #3,2025-09-26,"1eeR on last-place finish at LanDaLan: ""Embarrassing result""",https://www.hltv.org/n/42776,nemiga,1eeR,HLTV,LanDaLan/3
LanDaLan #3,2025-09-27,"FL4MUS: ""I plan to practice more to show that I'm a f*cking player""",https://www.hltv.org/n/42778,9boompro,FL4MUS,HLTV,LanDaLan/3
LanDaLan #3,2025-09-27,"dastan: ""Jame gives his maximum, he lives with us on the bootcamp despite being married""",https://www.hltv.org/n/42783,parivision,dastan,HLTV,LanDaLan/3
LanDaLan #3,2025-09-27,"nota: ""The Major is secondary at the moment""",https://www.hltv.org/n/42764#f21,parivision,nota,HLTV,LanDaLan/3
LanDaLan #3,2025-09-27,"kyousuke: ""No matter how much you elevate yourself, you still need to work harder""",https://www.hltv.org/n/42791,,kyousuke,HLTV,LanDaLan/3
LanDaLan #3,2025-09-27,"Magnojez: ""It's quite sad that the fate <nowiki>[</nowiki>of the Major<nowiki>]</nowiki> is decided at small LANs""",https://www.hltv.org/n/42764#f23,betboom,Magnojez,HLTV,LanDaLan/3
LanDaLan #3,2025-09-27,"Ax1Le: ""I feel like I'm recovering and getting better""",https://www.hltv.org/n/42764#f24,9boompro,Ax1Le,HLTV,LanDaLan/3
LanDaLan #3,2025-09-29,"Jame on Major race: ""It has been too tough a year for expectations, I’m not going to celebrate early""",https://www.hltv.org/n/42801,parivision,Jame,HLTV,LanDaLan/3
LanDaLan #3,2025-09-25,"dastan: «Хочется тренировать коллектив, который способен бороться с лучшими командами мира и поднимать больше кубков»",https://www.offstage.ru/cs2/news/dastan-hochesya-trenirovat-kollektiv-kotoryi-sposoben-borotsya-s-luchshimi-komandami-mira-i-podnimat-bolshe-kubkov,parivision,dastan,OFFSTAGE,LanDaLan/3
LanDaLan #3,2025-09-25,kinqie про LanDaLan: «Мы не строим ожиданий и не ставим никаких целей. Наша единственная цель — играть в хороший Counter-Strike»,https://www.offstage.ru/cs2/news/kinqie-pro-landalan-my-ne-stroim-ozhidanij-i-ne-stavim-nikakih-czelej-nasha-edinstvennaya-czel-igrat-v-horoshij-counter-strike,tpudcatb tpu,kinqie,OFFSTAGE,LanDaLan/3
LanDaLan #3,2025-09-25,"RAiLWAY про BetBoom Team: «Мы лакомый кусочек для всех команд наподобие Betera, потому что они за нас получают очень много VRS-очков»",https://www.offstage.ru/cs2/news/railway-pro-betboom-team-my-lakomyj-kusochek-dlya-vseh-komand-napodobie-betera-potomu-chto-oni-za-nas-poluchayut-ochen-mnogo-vrs-ochkov,betboom,RAiLWAY,OFFSTAGE,LanDaLan/3
LanDaLan #3,2025-09-25,"Ax1Le про цели на Majestic LanDaLan #3: «Мы хотим поиграть в своё удовольствие и показать максимум, который можем на сегодняшний день»",https://www.offstage.ru/cs2/news/ax1le-pro-czeli-na-majestic-landalan-3-my-hotim-poigrat-v-svoyo-udovolstvie-i-pokazat-maksimum-kotoryj-mozhem-na-segodnyashnij-den,9boompro,Ax1Le,OFFSTAGE,LanDaLan/3
LanDaLan #3,2025-09-26,"AW про переход на новый уровень карьеры: «В PARIVISION стиль команды поменялся, игра в целом стала круче, а уровень ответственности вырос»",https://www.offstage.ru/cs2/articles/aw-pro-perehod-na-novyj-uroven-karery-v-parivision-stil-komandy-pomenyalsya-igra-v-czelom-stala-kruche-a-uroven-otvetstvennosti-vyros,parivision,AW,OFFSTAGE,LanDaLan/3
LanDaLan #3,2025-09-26,bullet после победы над Spirit Academy: «Сегодня мы договорились ни под кого не подстраиваться и играть по своему геймплану — получилось отлично!»,http://offstage.ru/cs2/news/bullet-posle-pobedy-nad-spirit-academy-segodnya-my-dogovorilis-ni-pod-kogo-ne-podstraivatsya-i-igrat-po-svoemu-gejmplanu-poluchilos-otlichno,betera,bullet,OFFSTAGE,LanDaLan/3
LanDaLan #3,2025-09-26,z1k4 про предстоящие матчи на Majestic LanDaLan #3: «Очень хочется ещё раз встретиться с PARIVISION и взять у них реванш»,https://www.offstage.ru/cs2/news/z1k4-pro-predstoyashhie-matchi-na-majestic-landalan-3-ochen-hochetsya-eshhyo-raz-vstretitsya-s-parivision-i-vzyat-u-nih-revansh,nuclear tigeres,z1k4,OFFSTAGE,LanDaLan/3
LanDaLan #3,2025-09-27,"Magnojez про будущее своей карьеры: «В дальнейшем, возможно, я стану капитаном, если определённые обстоятельства сложатся»",https://www.offstage.ru/cs2/articles/magnojez-pro-budushhee-svoej-karery-v-dalnejshem-ya-stanu-kapitanom-esli-opredelyonnye-obstoyatelstva-slozhatsya,betboom,Magnojez,OFFSTAGE,LanDaLan/3
LanDaLan #3,2025-09-27,"MaSvAl про поражение в матче за вылет: «К концу третьей карты мы немного поплыли, из-за чего стали допускать слишком много ошибок»",https://www.offstage.ru/cs2/news/masval-pro-porazhenie-v-matche-za-vylet-k-konczu-tretej-karty-my-nemnogo-poplyli-iz-za-chego-stali-dopuskat-slishkom-mnogo-oshibok,betera,MaSvAl,OFFSTAGE,LanDaLan/3
LanDaLan #3,2025-09-25,Majestic LanDaLan 3 - Day 1,https://www.hltv.org/gallery/12934,,,HLTV,LanDaLan/3
LanDaLan #3,2025-09-26,Majestic LanDaLan 3 - Day 2,https://www.hltv.org/gallery/12936,,,HLTV,LanDaLan/3
LanDaLan #3,2025-09-27,Majestic LanDaLan 3 - Day 3,https://www.hltv.org/gallery/12939,,,HLTV,LanDaLan/3
LanDaLan #3,2025-09-28,Majestic LanDaLan 3 - Day 4,https://www.hltv.org/gallery/12940,,,HLTV,LanDaLan/3
DraculaN Season 1,2025-08-29,"bobeksde: ""I would like to have revenge against fnatic""",https://www.youtube.com/watch?v=JJJWsNEatxs,eyeballers,bobeksde,HLTV,DraculaN/Season 1
DraculaN Season 1,2025-08-30,"blameF on hectic schedule: ""You don't play three BO3s <nowiki>[</nowiki>in a day<nowiki>]</nowiki> if you win""",https://www.youtube.com/watch?v=kvylGfkXis0,fnc,blameF,HLTV,DraculaN/Season 1
DraculaN Season 1,2025-08-29,DraculaN Season 1 - Day 1,https://www.hltv.org/gallery/12913/draculan-season-1-day-1,,,HLTV,DraculaN/Season 1
DraculaN Season 1,2025-08-30,DraculaN Season 1 - Day 2,https://www.hltv.org/gallery/12914/draculan-season-1-day-2,,,HLTV,DraculaN/Season 1
DraculaN Season 1,2025-08-31,DraculaN Season 1 - Day 3,https://www.hltv.org/gallery/12915/draculan-season-1-day-3,,,HLTV,DraculaN/Season 1
Circuito FERJEE 2025,2025-08-13,Circuito FERJEE de Esports 2025 Finals,https://www.hltv.org/gallery/12900/circuito-ferjee-de-esports-2025-finals,,,HLTV,Circuito FERJEE/2025
Fragadelphia 19,2025-07-18,"nitr0: ""XotiC is actually incredible at the game. He understands the game at a high level""",https://www.dust2.us/news/63774/nitr0-xotic-is-actually-incredible-at-the-game-he-understands-the-game-at-a-high-level,,nitr0,Dust2.us,Fragadelphia/19
Fragadelphia 19,2025-07-18,"Axed: ""laxiee likes to grind the game and wants to improve as much as he can""",https://www.dust2.us/news/63783/axed-laxiee-likes-to-grind-the-game-and-wants-to-improve-as-much-as-he-can,,Axed,Dust2.us,Fragadelphia/19
Fragadelphia 19,2025-07-18,"freshie on snagging Moneyball trio: ""We got a big upgrade compared to our previous roster""",https://www.dust2.us/news/63785/freshie-on-snagging-moneyball-trio-we-got-a-big-upgrade-compared-to-our-previous-roster,,freshie,Dust2.us,Fragadelphia/19
Fragadelphia 19,2025-07-18,"brett on Wolffe: ""An all-around upgrade we couldn’t pass on""",https://www.dust2.us/news/63788/brett-on-wolffe-an-all-around-upgrade-we-couldnt-pass-on,,brett,Dust2.us,Fragadelphia/19
Fragadelphia 19,2025-07-19,"stamina: ""I hate that I used the word 'retired' because I knew that I was probably going to come back""",https://www.dust2.us/news/63810/stamina-i-hate-that-i-used-the-word-retired-because-i-knew-that-i-was-probably-going-to-come-back,,stamina,Dust2.us,Fragadelphia/19
Fragadelphia 19,2025-07-19,"Seb: ""I can't blame Vagrants for cutting me, things were not meshing too well""",https://www.dust2.us/news/63812/seb-i-cant-blame-vagrants-for-cutting-me-things-were-not-meshing-too-well,,Seb,Dust2.us,Fragadelphia/19
Fragadelphia 19,2025-07-20,"s1n: ""It seemed like we stagnated <nowiki>[</nowiki>with reck<nowiki>]</nowiki> so we had to make a change""",https://www.dust2.us/news/63849/s1n-it-seemed-like-we-stagnated-with-reck-so-we-had-to-make-a-change,,s1n,Dust2.us,Fragadelphia/19
Fragadelphia 19,2025-07-20,"laxiee on joining BLUEJAYS: ""I was really surprised""",https://www.dust2.us/news/63852/laxiee-on-joining-bluejays-i-was-really-surprised,,laxiee,Dust2.us,Fragadelphia/19
Fragadelphia 19,2025-07-20,"junior: ""Wherever there’s an AWPer, you send laxiee and he’s gonna kill him every round""",https://www.dust2.us/news/63850/junior-wherever-theres-an-awper-you-send-laxiee-and-hes-gonna-kill-him-every-round,,junior,Dust2.us,Fragadelphia/19
Fragadelphia 19,2025-07-20,"Jeorge on XotiC: ""He has the best mechanics of any NA player at his peak""",https://www.dust2.us/news/63854/jeorge-on-xotic-he-has-the-best-mechanics-of-any-na-player-at-his-peak,,Jeorge,Dust2.us,Fragadelphia/19
Fragadelphia 19,2025-07-21,"HexT: ""I would've chosen M80 regardless""",https://www.dust2.us/news/63855/hext-i-wouldve-chosen-m80-regardless,,HexT,Dust2.us,Fragadelphia/19
Fragadelphia 19,2025-07-21,"arT: ""Picking up Lucaozy and decenty to Fluxo was a no-brainer""",https://www.dust2.us/news/63867/art-picking-up-lucaozy-and-decenty-to-fluxo-was-a-no-brainer,,arT,Dust2.us,Fragadelphia/19
Fragadelphia 19,2025-07-21,"Swisher: ""I didn't know if I was going to be on the team coming into this season""",https://www.dust2.us/news/63873/swisher-i-didnt-know-if-i-was-going-to-be-on-the-team-coming-into-this-season,,Swisher,Dust2.us,Fragadelphia/19
Fragadelphia 19,2025-07-22,"Flayy: ""For me, this tournament was our final chance""",https://www.dust2.us/news/63877/flayy-for-me-this-tournament-was-our-final-chance,,Flayy,Dust2.us,Fragadelphia/19
Fragadelphia 19,2025-07-22,"innocent: ""Many teams in Europe are cheating, and I'm pretty sure it's connected to matchfixing""",https://www.dust2.us/news/63891/innocent-many-teams-in-europe-are-cheating-and-im-pretty-sure-its-connected-to-matchfixing,,innocent,Dust2.us,Fragadelphia/19
Fragadelphia 19,2025-07-22,"Cryptic praises nomizz and dottie: ""I could easily see them in a tier-one team soon""",https://www.dust2.us/news/63866/cryptic-praises-nomizz-and-dottie-i-could-easily-see-them-in-a-tier-one-team-soon,,Cryptic,Dust2.us,Fragadelphia/19
Fragadelphia 19,2025-07-22,"WolfY: ""You're very limited to players in NA, and viz is overall a really good teammate""",https://www.dust2.us/news/63892/wolfy-youre-very-limited-to-players-in-na-and-viz-is-overall-a-really-good-teammate,,WolfY,Dust2.us,Fragadelphia/19
Fragadelphia 19,2025-07-22,"jchancE: ""REKMEISTER is an up-and-coming talent with a lot of motivation""",https://www.dust2.us/news/63903/jchance-rekmeister-is-an-up-and-coming-talent-with-a-lot-of-motivation,,jchancE,Dust2.us,Fragadelphia/19
Fragadelphia 19,2025-07-23,"Sharpie: ""FxRE has definitely put a bit of a boot over our throat structure-wise""",https://www.dust2.us/news/63906/sharpie-fxre-has-definitely-put-a-bit-of-a-boot-over-our-throat-structure-wise,,Sharpie,Dust2.us,Fragadelphia/19
Fragadelphia 19,2025-07-23,"motm on NRG: ""In skill and teamwork we do not believe they are better than us at all""",https://www.dust2.us/news/63878/motm-on-nrg-in-skill-and-teamwork-we-do-not-believe-they-are-better-than-us-at-all,,motm,Dust2.us,Fragadelphia/19
Fragadelphia 19,2025-07-23,"empathy: ""As a player I don't want Impact to be my final goal""",https://www.dust2.us/news/63895/empathy-as-a-player-i-dont-want-impact-to-be-my-final-goal,,empathy,Dust2.us,Fragadelphia/19
Elisa Nordic Championship 2025,2025-05-21,Første flyvetur og første arena: nut nut klar til scenen i Finland,https://www.dust2.dk/nyheder/61574/foerste-flyvetur-og-foerste-arena-nut-nut-klar-til-scenen-i-finland,ecstatic,nut nut,Dust2.dk,Elisa/Nordic Championship/2025
Elisa Nordic Championship 2025,2025-05-21,PR1mE efter overlevelse: “Målet for os er at komme i arenaen”,https://www.dust2.dk/nyheder/61624/pr1me-efter-overlevelse-maalet-for-os-er-at-komme-i-arenaen,wopa,PR1mE,Dust2.dk,Elisa/Nordic Championship/2025
Elisa Nordic Championship 2025,2025-05-22,"sL1m3 efter dramatisk exit: ""Vi burde have vundet""",https://www.dust2.dk/nyheder/61670/sl1m3-efter-dramatisk-exit-vi-burde-have-vundet,wopa,sL1m3,Dust2.dk,Elisa/Nordic Championship/2025
Elisa Nordic Championship 2025,2025-05-23,"TMB efter sejr: ""Det føles super fedt at være i finalen""",https://www.dust2.dk/nyheder/61707/tmb-efter-sejr-det-foeles-super-fedt-at-vaere-i-finalen,ecstatic,TMB,Dust2.dk,Elisa/Nordic Championship/2025
Elisa Nordic Championship 2025,2025-05-25,"Efter finalesejr i Finland: ""Det lugter lidt af afterparty""",https://www.dust2.dk/nyheder/61761/efter-finalesejr-i-finland-det-lugter-lidt-af-afterparty,ecstatic,kristou,Dust2.dk,Elisa/Nordic Championship/2025
Elisa Nordic Championship 2025,2025-05-XX,,,,,HLTV,Elisa/Nordic Championship/2025
LanDaLan #2,2025-05-08,"AdreN on founding NOVAQ: ""I left the big game, but the big game never left me""",https://www.hltv.org/news/41634/adren-on-founding-novaq-i-left-the-big-game-but-the-big-game-never-left-me,novaq,AdreN (Kazakh player),HLTV,LanDaLan/2
LanDaLan #2,2025-05-08,"S0tF1k on kyousuke after winning LanDaLan: ""He was upset that the final was so easy""",https://www.hltv.org/news/41639/s0tf1k-on-kyousuke-after-winning-landalan-he-was-upset-that-the-final-was-so-easy,spirit academy,S0tF1k,HLTV,LanDaLan/2
LanDaLan #2,2025-05-09,"tN1R: ""Entering the European market was a very good step for me""",https://www.hltv.org/news/41641/tn1r-entering-the-european-market-was-a-very-good-step-for-me,,tN1R,HLTV,LanDaLan/2
LanDaLan #2,2025-05-09,«От матчей уже лысею. Очень сильно волнуюсь за ребят». Поймали Бустера на LanDaLan,https://cyber.sports.ru/cs/blogs/3321462.html,,,Кибер,LanDaLan/2
LanDaLan #2,2025-05-13,«Ориентировались на «Аякс» и «Барселону». Главное – чтобы ребенок с ранних лет был в системе». Как работает академия Spirit,https://cyber.sports.ru/cs/blogs/3321372.html,spirit academy,S0tF1k,Кибер,LanDaLan/2
LanDaLan #2,2025-05-15,"«У меня была жесткая апатия, думал завершить карьеру». Откровенный разговор с Ниланом о депрессии",https://cyber.sports.ru/cs/blogs/3323157.html,novaq,neaLaN,Кибер,LanDaLan/2
LanDaLan #2,2025-05-20,«Ориентируюсь на Бэкхема». Адрен создал команду и хочет стать топ-тренером,https://cyber.sports.ru/cs/blogs/3322833.html,novaq,AdreN (Kazakh player),Кибер,LanDaLan/2
LanDaLan #2,2025-05-07,BetBoom LanDaLan 2 - Day 3,https://www.hltv.org/gallery/12842/betboom-landalan-2-day-3,,,HLTV,LanDaLan/2
LanDaLan #2,2025-05-08,BetBoom LanDaLan 2 - Day 4,https://www.hltv.org/gallery/12843/betboom-landalan-2-day-4,,,HLTV,LanDaLan/2
FiReLEAGUE Buenos Aires 2025,2025-05-01,max fala em semestre abaixo da 9z e lembra peso da saída de dgt,https://www.dust2.com.br/noticias/60882/max-fala-em-semestre-abaixo-da-9z-e-lembra-peso-da-saida-de-dgt,9z,max,Dust2.com.br,FiReLEAGUE/2025/Buenos Aires
FiReLEAGUE Buenos Aires 2025,2025-05-01,bit fala sobre críticas no MIBR e esclarece situação com a 9z,https://www.dust2.com.br/noticias/60890/bit-fala-sobre-criticas-no-mibr-e-esclarece-situacao-com-a-9z,9z,BIT,Dust2.com.br,FiReLEAGUE/2025/Buenos Aires
FiReLEAGUE Buenos Aires 2025,2025-05-01,try fala sobre pressão do favoritismo e erros individuais da Imperial,https://www.dust2.com.br/noticias/60905/try-fala-sobre-pressao-do-favoritismo-e-erros-individuais-da-imperial,imp,try,Dust2.com.br,FiReLEAGUE/2025/Buenos Aires
FiReLEAGUE Buenos Aires 2025,2025-05-02,"rdnzao sobre LAN no metrô: ""Muito diferente do que já vivi na vida""",https://www.dust2.com.br/noticias/60937/rdnzao-sobre-lan-no-metro-muito-diferente-do-que-ja-vivi-na-vida,sharks esports,rdnzao,Dust2.com.br,FiReLEAGUE/2025/Buenos Aires
FiReLEAGUE Buenos Aires 2025,2025-05-02,"tomaszin minimiza derrota na FiReLEAGUE, mas expõe preocupação da BESTIA",https://www.dust2.com.br/noticias/60945/tomaszin-minimiza-derrota-na-fireleague-mas-expoe-preocupacao-da-bestia,bestia,tomaszin,Dust2.com.br,FiReLEAGUE/2025/Buenos Aires
FiReLEAGUE Buenos Aires 2025,2025-05-03,noway vibra com título inédito para Imperial mirando playoff do Major,https://www.dust2.com.br/noticias/60947/noway-vibra-com-titulo-inedito-para-imperial-mirando-playoff-do-major,imp,noway,Dust2.com.br,FiReLEAGUE/2025/Buenos Aires
FiReLEAGUE Buenos Aires 2025,2025-05-02,FiReLEAGUE Buenos Aires 2025,https://www.hltv.org/gallery/12838,,,HLTV,FiReLEAGUE/2025/Buenos Aires
ESL Pro League Season 24,2026-10-02,"Mercury: ""The purpose of practice should be so they can make their own judgment calls, not just be limited to what's written on the tactics sheet""",https://www.hltv.org/n/45609,tyloo,Mercury,HLTV,ESL/Pro League/Season 24
ESL Pro League Season 24,2026-10-02,"xelex on developing his identity: ""I don't really like to be passive""",https://www.hltv.org/n/45610,mouz,xelex,HLTV,ESL/Pro League/Season 24
ESL Pro League Season 24,2026-10-02,"kyousuke on improving his consistency: ""It's just being a bit smarter, being a bit more disciplined""",https://www.hltv.org/n/45612,falcons,kyousuke,HLTV,ESL/Pro League/Season 24
ESL Pro League Season 24,2026-10-02,"dumau: ""arT's getting much better, he's probably coming to Malta to play Thunderpick""",https://www.hltv.org/n/45614,legacy,dumau,HLTV,ESL/Pro League/Season 24
ESL Pro League Season 24,2026-10-02,"molodoy: ""I'll try to play aggressive again""",https://www.hltv.org/n/45611,furia,molodoy,HLTV,ESL/Pro League/Season 24
ESL Pro League Season 24,2026-10-02,"makazze: ""If you think about [the Major], you cannot focus on the tournament, because you will have a lot of pressure""",https://www.hltv.org/n/45613,navi,makazze,HLTV,ESL/Pro League/Season 24
ESL Pro League Season 24,2026-10-03,"dastan: ""I try to play with HObbit to bring one more trophy for him""",https://www.hltv.org/n/45622,parivision,dastan,HLTV,ESL/Pro League/Season 24
ESL Pro League Season 24,2026-10-03,"ash on Wicadia: ""He pays so much attention in prep now; I'm blown away, as a guy that wasn't throwing any grenades, he knows them all now""",https://www.hltv.org/n/45624,aurora,ashhh,HLTV,ESL/Pro League/Season 24
ESL Pro League Season 24,2026-10-04,"luchov: ""My playstyle really depends on confidence; I need to be useful also without it""",https://www.hltv.org/n/45630,9z,luchov,HLTV,ESL/Pro League/Season 24
ESL Pro League Season 24,2026-10-04,"BELCHONOKK: ""I feel much more comfortable now; in PARIVISION we had high expectations""",https://www.hltv.org/n/45632,1w,BELCHONOKK,HLTV,ESL/Pro League/Season 24
ESL Pro League Season 24,2026-10-04,"Boombl4 on veto mind games: ""We were [16-4] on Dust2, and it's 0 maps played last 3 months""",https://www.hltv.org/n/45636,betboom,Boombl4,HLTV,ESL/Pro League/Season 24
ESL Pro League Season 24,2026-10-05,"huNter-: ""We cannot change everything to make r1nkle comfortable, but we are trying to implement his things""",https://www.hltv.org/n/45640,g2,huNter-,HLTV,ESL/Pro League/Season 24
ESL Pro League Season 24,2026-10-05,"torzsi: ""StarSeries was a nice slap in the face""",https://www.hltv.org/n/45643,mouz,torzsi,HLTV,ESL/Pro League/Season 24
ESL Pro League Season 24,2026-10-06,"ropz on maintaining their era: ""We have a lot more to give and we're not done with anything""",https://www.hltv.org/n/45648,vit,ropz,HLTV,ESL/Pro League/Season 24
ESL Pro League Season 24,2026-10-06,"nafany: ""I don't understand why players in Europe are not doing what we did with TDK""",https://www.hltv.org/n/45650,1w,nafany,HLTV,ESL/Pro League/Season 24
ESL Pro League Season 24,2026-10-06,"HeavyGod: ""We need to check why our level was so low this event""",https://www.hltv.org/n/45652,g2,HeavyGod,HLTV,ESL/Pro League/Season 24
ESL Pro League Season 24,2026-10-06,"Swisher: ""Everyone is hoping that Valve rethink their stance on the stickers""",https://www.hltv.org/n/45658,m80,Swisher,HLTV,ESL/Pro League/Season 24
ESL Pro League Season 24,2026-10-07,"KSCERATO: ""We're playing a lot of tournaments; when you see frustration, you can't handle it like you used to because you're so tired mentally""",https://www.hltv.org/n/45664,furia,KSCERATO,HLTV,ESL/Pro League/Season 24
ESL Pro League Season 24,2026-10-03,bobz explica dinâmica da Legacy sem arT na Pro League,https://www.dust2.com.br/noticias/78493/bobz-explica-dinamica-da-legacy-sem-art-na-pro-league,legacy,bobz,Dust2.com.br,ESL/Pro League/Season 24
ESL Pro League Season 24,2026-10-03,"ivz sobre Spirit: ""Acharam que não ganharíamos nem 10 rounds e tiramos um mapa""",https://www.dust2.com.br/noticias/78504/ivz-sobre-spirit-acharam-que-nao-ganhariamos-nem-10-rounds-e-tiramos-um-mapa,shinden,ivz,Dust2.com.br,ESL/Pro League/Season 24
ESL Pro League Season 24,2026-10-03,"A 78 dias da aposentadoria, FalleN descarta permanência: ""Pode apostar que não""",https://www.dust2.com.br/noticias/78518/a-78-dias-da-aposentadoria-fallen-descarta-permanencia-pode-apostar-que-nao,furia,FalleN,Dust2.com.br,ESL/Pro League/Season 24
ESL Pro League Season 24,2026-10-04,"BIT: ""Temos todo o potencial para voltar aos trilhos""",https://www.dust2.com.br/noticias/78526/bit-temos-todo-o-potencial-para-voltar-aos-trilhos,9z,BIT,Dust2.com.br,ESL/Pro League/Season 24
ESL Pro League Season 24,2026-10-04,"latto: ""Acredito que esse ano a Legacy vai conseguir botar 2 ou 3 pessoas no Top 20""",https://www.dust2.com.br/noticias/78535/latto-acredito-que-esse-ano-a-legacy-vai-conseguir-botar-2-ou-3-pessoas-no-top-20,legacy,latto,Dust2.com.br,ESL/Pro League/Season 24
ESL Pro League Season 24,2026-10-04,"KSCERATO explica post sobre eleições: ""Se eu não me posicionasse, me sentiria mal""",https://www.dust2.com.br/noticias/78541/kscerato-explica-post-sobre-eleicoes-se-eu-nao-me-posicionasse-me-sentiria-mal,furia,KSCERATO,Dust2.com.br,ESL/Pro League/Season 24
ESL Pro League Season 24,2026-10-04,"apEX: ""Meu objetivo é conquistar pelo menos 50 troféus até o fim da minha carreira""",https://www.dust2.com.br/noticias/78553/apex-meu-objetivo-e-conquistar-pelo-menos-50-trofeus-ate-o-fim-da-minha-carreira,vit,apEX,Dust2.com.br,ESL/Pro League/Season 24
ESL Pro League Season 24,2026-10-05,"tom1jed: ""Queremos fazer disso uma rotina, jogar vários torneios Tier S""",https://www.dust2.com.br/noticias/78570/tom1jed-queremos-fazer-disso-uma-rotina-jogar-varios-torneios-tier-s,shinden,tom1jed,Dust2.com.br,ESL/Pro League/Season 24
ESL Pro League Season 24,2026-10-05,"YEKINDAR sobre IGL: ""Quando essa função fica com o FalleN, alivia a pressão sobre mim""",https://www.dust2.com.br/noticias/78578/yekindar-sobre-igl-quando-essa-funcao-fica-com-o-fallen-alivia-a-pressao-sobre-mim,furia,YEKINDAR,Dust2.com.br,ESL/Pro League/Season 24
ESL Pro League Season 24,2026-10-05,"NiKo critica VRS: ""As pessoas não deveriam poder trocar de região quando e como quiserem""",https://www.dust2.com.br/noticias/78593/niko-critica-vrs-as-pessoas-nao-deveriam-poder-trocar-de-regiao-quando-e-como-quiserem,falcons,NiKo,Dust2.com.br,ESL/Pro League/Season 24
ESL Pro League Season 24,2026-10-06,"zweih vê nova PARIVISION com menos mira, mas muito mais experiente",https://www.dust2.com.br/noticias/78609/zweih-ve-nova-parivision-com-menos-mira-mas-muito-mais-experiente,parivision,zweih,Dust2.com.br,ESL/Pro League/Season 24
ESL Pro League Season 24,2026-10-06,"yuurih comenta queda e vê FURIA ""reclamando bastante no servidor""",https://www.dust2.com.br/noticias/78624/yuurih-comenta-queda-e-ve-furia-reclamando-bastante-no-servidor,furia,yuurih,Dust2.com.br,ESL/Pro League/Season 24
ESL Pro League Season 24,2026-10-06,dumau confirma retorno de arT e atualiza sobre saúde do IGL,https://www.dust2.com.br/noticias/78628/dumau-confirma-retorno-de-art-e-atualiza-sobre-saude-do-igl,legacy,dumau,Dust2.com.br,ESL/Pro League/Season 24
ESL Pro League Season 24,2026-10-07,HUASOPEEK quer classificação na Pro League para garantir 9z no Major,https://www.dust2.com.br/noticias/78641/huasopeek-quer-classificacao-na-pro-league-para-garantir-9z-no-major,9z,HUASOPEEK,Dust2.com.br,ESL/Pro League/Season 24
ESL Pro League Season 24,2026-10-03,ESL Pro League Season 24 - Day 1,https://www.hltv.org/gallery/13173,,,HLTV,ESL/Pro League/Season 24
ESL Pro League Season 24,2026-10-04,ESL Pro League Season 24 - Day 2,https://www.hltv.org/gallery/13174,,,HLTV,ESL/Pro League/Season 24
ESL Pro League Season 24,2026-10-05,ESL Pro League Season 24 - Day 3,https://www.hltv.org/gallery/13175,,,HLTV,ESL/Pro League/Season 24
ESL Pro League Season 24,2026-10-06,ESL Pro League Season 24 - Day 4,https://www.hltv.org/gallery/13176,,,HLTV,ESL/Pro League/Season 24
ESL Pro League Season 24,2026-10-07,ESL Pro League Season 24 - Day 5,https://www.hltv.org/gallery/13177,,,HLTV,ESL/Pro League/Season 24
StarLadder StarSeries Fall 2026,2026-09-14,"StarLadder StarSeries Fall teams, format, schedule, prizes, talent, fantasy",https://www.hltv.org/n/45519,,,HLTV,StarLadder/StarSeries/2026/Fall
StarLadder StarSeries Fall 2026,2026-09-20,ZywOo claims uncontested StarSeries Fall MVP,https://www.hltv.org/n/45559,,,HLTV,StarLadder/StarSeries/2026/Fall
StarLadder StarSeries Fall 2026,2026-09-23,The EVPs and All-Stars of StarLadder StarSeries Fall 2026,https://www.hltv.org/n/45564,,,HLTV,StarLadder/StarSeries/2026/Fall
StarLadder StarSeries Fall 2026,2026-09-16,"nitr0: ""Any win here would be huge for us""",https://www.hltv.org/n/45526,nrg,nitr0,HLTV,StarLadder/StarSeries/2026/Fall
StarLadder StarSeries Fall 2026,2026-09-16,"torzsi on MOUZ's new structure: ""xertioN and sycrone want the best out of me""",https://www.hltv.org/n/45527,mouz,torzsi,HLTV,StarLadder/StarSeries/2026/Fall
StarLadder StarSeries Fall 2026,2026-09-16,"YEKINDAR on pressure of FalleN retiring: ""It's everyone's individual responsibility to be the best version of themselves""",https://www.hltv.org/n/45529,furia,YEKINDAR,HLTV,StarLadder/StarSeries/2026/Fall
StarLadder StarSeries Fall 2026,2026-09-17,"Grim: ""It was a great win for us, and much needed for everyone's confidence""",https://www.hltv.org/n/45536,nrg,Grim,HLTV,StarLadder/StarSeries/2026/Fall
StarLadder StarSeries Fall 2026,2026-09-17,"flameZ: ""We believe we can get back to [our best]""",https://www.hltv.org/n/45537,vit,flameZ,HLTV,StarLadder/StarSeries/2026/Fall
StarLadder StarSeries Fall 2026,2026-09-17,"Wicadia: ""Our head-to-head is not the best against NAVI, so we're really relieved and happy""",https://www.hltv.org/n/45539,aurora,Wicadia,HLTV,StarLadder/StarSeries/2026/Fall
StarLadder StarSeries Fall 2026,2026-09-17,"YEKINDAR: ""I'm not calling anymore, and hopefully I'm not going to be in the future""",https://www.hltv.org/n/45540,furia,YEKINDAR,HLTV,StarLadder/StarSeries/2026/Fall
StarLadder StarSeries Fall 2026,2026-09-18,"sycrone: ""What [fans] will respect the most is if we play good Counter-Strike""",https://www.hltv.org/n/45542,mouz,sycrone,HLTV,StarLadder/StarSeries/2026/Fall
StarLadder StarSeries Fall 2026,2026-09-18,"LNZ: ""tomaszin has a fighting spirit that we maybe didn't have before in his role""",https://www.hltv.org/n/45544,mibr,LNZ,HLTV,StarLadder/StarSeries/2026/Fall
StarLadder StarSeries Fall 2026,2026-09-18,"mezii: ""It's so weird when you're not there, like all your friends are at a party and you're not invited""",https://www.hltv.org/n/45549,vit,mezii,HLTV,StarLadder/StarSeries/2026/Fall
StarLadder StarSeries Fall 2026,2026-09-19,"xertioN: ""We never showed up in this tournament""",https://www.hltv.org/n/45552,mouz,xertioN,HLTV,StarLadder/StarSeries/2026/Fall
StarLadder StarSeries Fall 2026,2026-09-19,"Jimpphat: ""Recently I've just had such a crazy amount of confidence""",https://www.hltv.org/n/45554,aurora,Jimpphat,HLTV,StarLadder/StarSeries/2026/Fall
StarLadder StarSeries Fall 2026,2026-09-20,"ZywOo: ""It's crazy to say it's been a while for us to win a trophy""",https://www.hltv.org/n/45560,vit,ZywOo,HLTV,StarLadder/StarSeries/2026/Fall
StarLadder StarSeries Fall 2026,2026-09-17,Team interview {{!,https://youtu.be/oma1ie7tNd8,mouz,xertioN,StarLadder,StarLadder/StarSeries/2026/Fall
StarLadder StarSeries Fall 2026,2026-09-17,Team interview {{!,https://youtu.be/NRDjhr1FFVU,nrg,nitr0,StarLadder,StarLadder/StarSeries/2026/Fall
StarLadder StarSeries Fall 2026,2026-09-18,Team interview {{!,https://youtu.be/nmIFZEAnjTY,vit,apEX,StarLadder,StarLadder/StarSeries/2026/Fall
StarLadder StarSeries Fall 2026,2026-09-18,Team interview {{!,https://youtu.be/TioOxIunBzw,aurora,kyxsan,StarLadder,StarLadder/StarSeries/2026/Fall
StarLadder StarSeries Fall 2026,2026-09-19,Team interview {{!,https://youtu.be/LkVeix4LjrQ,mibr,LNZ,StarLadder,StarLadder/StarSeries/2026/Fall
StarLadder StarSeries Fall 2026,2026-09-19,Team interview {{!,https://youtu.be/9gH6_xklTDU,furia,Fallen,StarLadder,StarLadder/StarSeries/2026/Fall
StarLadder StarSeries Fall 2026,2026-09-20,Team interview {{!,https://youtu.be/QtYYNFjh9JM,navi,Aleksib,StarLadder,StarLadder/StarSeries/2026/Fall
StarLadder StarSeries Fall 2026,2026-09-20,Team interview {{!,https://youtu.be/koQv0Q0UL24,magic,sFade8,StarLadder,StarLadder/StarSeries/2026/Fall
StarLadder StarSeries Fall 2026,2026-09-17,StarLadder StarSeries Fall 2026 - Day 1,https://www.hltv.org/gallery/13166,,,HLTV,StarLadder/StarSeries/2026/Fall
StarLadder StarSeries Fall 2026,2026-09-18,StarLadder StarSeries Fall 2026 - Day 2,https://www.hltv.org/gallery/13167,,,HLTV,StarLadder/StarSeries/2026/Fall
StarLadder StarSeries Fall 2026,2026-09-19,StarLadder StarSeries Fall 2026 - Day 3,https://www.hltv.org/gallery/13168,,,HLTV,StarLadder/StarSeries/2026/Fall
StarLadder StarSeries Fall 2026,2026-09-20,StarLadder StarSeries Fall 2026 - Day 4,https://www.hltv.org/gallery/13169,,,HLTV,StarLadder/StarSeries/2026/Fall
FISSURE Playground #3,2026-09-06,"FISSURE Playground 3 teams, format, schedule, prizes, fantasy",https://www.hltv.org/n/45462,,,HLTV,FISSURE/Playground/3
FISSURE Playground #3,2026-09-13,latto strikes gold again in China as FPG 3 MVP,https://www.hltv.org/n/45510,,,HLTV,FISSURE/Playground/3
FISSURE Playground #3,2026-09-22,The EVPs and All-Stars of FISSURE Playground 3,https://www.hltv.org/n/45563,,,HLTV,FISSURE/Playground/3
FISSURE Playground #3,2026-09-06,"FL1T on Jame: ""His ideas are even stronger and more thought out than they used to be""",https://www.hltv.org/n/45463,parivision,FL1T,HLTV,FISSURE/Playground/3
FISSURE Playground #3,2026-09-06,"HUASOPEEK on studying kyousuke and donk: ""I think that helps me a lot""",https://www.hltv.org/n/45460,9z,HUASOPEEK,HLTV,FISSURE/Playground/3
FISSURE Playground #3,2026-09-07,"tomaszin: ""We only had one week of training, but the guys made me feel comfortable""",https://www.hltv.org/n/45464,mibr,tomaszin,HLTV,FISSURE/Playground/3
FISSURE Playground #3,2026-09-07,"tenzy: ""Team results matter more to me than individual ones""",https://www.hltv.org/n/45471,magic,tenzy,HLTV,FISSURE/Playground/3
FISSURE Playground #3,2026-09-08,"sidde: ""We can't only base the tournaments we attend on our schedule, or on what's convenient""",https://www.hltv.org/n/45482,furia,sidde,HLTV,FISSURE/Playground/3
FISSURE Playground #3,2026-09-09,"xenn: ""We can improve a lot of the things we did wrong here""",https://www.hltv.org/n/45488,big,xenn,HLTV,FISSURE/Playground/3
FISSURE Playground #3,2026-09-10,"Grashog: ""Let's hope we can come back in the season; it's unfortunately not looking good""",https://www.hltv.org/n/45489,gl,Grashog,HLTV,FISSURE/Playground/3
FISSURE Playground #3,2026-09-10,"n1ssim: ""try is an insane AWPer""",https://www.hltv.org/n/45495,legacy,n1ssim,HLTV,FISSURE/Playground/3
FISSURE Playground #3,2026-09-11,"AW: ""We're not ready to actually win tournaments; I think we'll get there""",https://www.hltv.org/n/45497,magic,AW,HLTV,FISSURE/Playground/3
FISSURE Playground #3,2026-09-11,"S1ren: ""The experience we've built up should help us [in the playoffs]""",https://www.hltv.org/n/45496,betboom,s1ren,HLTV,FISSURE/Playground/3
FISSURE Playground #3,2026-09-11,"rate: ""[They thought] 'It's a bad team, 5star is easy for us' but we smashed them""",https://www.hltv.org/n/45499,5star,rate,HLTV,FISSURE/Playground/3
FISSURE Playground #3,2026-09-11,"bobeksde: ""I don't know if it was confidence or something else, but we lacked a lot of initiative""",https://www.hltv.org/n/45501,alliance,bobeksde,HLTV,FISSURE/Playground/3
FISSURE Playground #3,2026-09-12,"zhokiNg: ""In China, the player pool is indeed too small; this might make the players in our team have a sense of security""",https://www.hltv.org/n/45504,tyloo,zhokiNg,HLTV,FISSURE/Playground/3
FISSURE Playground #3,2026-09-12,"FalleN: ""I know it's coming to an end, and I want to make the most of it""",https://www.hltv.org/n/45506,furia,FalleN,HLTV,FISSURE/Playground/3
FISSURE Playground #3,2026-09-12,"LNZ: ""We are still lacking some experience in big games like this""",https://www.hltv.org/n/45507,mibr,LNZ,HLTV,FISSURE/Playground/3
FISSURE Playground #3,2026-09-06,FISSURE Playground 3 - Media days,https://www.hltv.org/gallery/13156,,,HLTV,FISSURE/Playground/3
FISSURE Playground #3,2026-09-08,FISSURE Playground 3 - Day 1,https://www.hltv.org/gallery/13158,,,HLTV,FISSURE/Playground/3
FISSURE Playground #3,2026-09-09,FISSURE Playground 3 - Day 2,https://www.hltv.org/gallery/13160,,,HLTV,FISSURE/Playground/3
FISSURE Playground #3,2026-09-10,FISSURE Playground 3 - Day 3,https://www.hltv.org/gallery/13161,,,HLTV,FISSURE/Playground/3
FISSURE Playground #3,2026-09-11,FISSURE Playground 3 - Day 4,https://www.hltv.org/gallery/13162,,,HLTV,FISSURE/Playground/3
FISSURE Playground #3,2026-09-12,FISSURE Playground 3 - Day 5,https://www.hltv.org/gallery/13163,,,HLTV,FISSURE/Playground/3
FISSURE Playground #3,2026-09-13,FISSURE Playground 3 - Day 6,https://www.hltv.org/gallery/13164,,,HLTV,FISSURE/Playground/3
BLAST Open Fall 2026,2026-08-25,"BLAST Open Porto teams, format, schedule, prizes, talent, fantasy",https://www.hltv.org/n/45384,,,HLTV,BLAST/Open/2026/Fall
BLAST Open Fall 2026,2026-09-06,donk goes back-to-back with BLAST Open Porto MVP,https://www.hltv.org/n/45470,,,HLTV,BLAST/Open/2026/Fall
BLAST Open Fall 2026,2026-09-07,The EVPs and All-Stars of BLAST Open Porto 2026,https://www.hltv.org/n/45474,,,HLTV,BLAST/Open/2026/Fall
BLAST Open Fall 2026,2026-08-26,"iM on losing to M80: ""F***ing s**t, that's the first thought""",https://www.hltv.org/n/45397,navi,iM,HLTV,BLAST/Open/2026/Fall
BLAST Open Fall 2026,2026-08-27,"onic on beating Vitality: ""Today we were mentally much, much stronger""",https://www.hltv.org/n/45401,ic,onic,HLTV,BLAST/Open/2026/Fall
BLAST Open Fall 2026,2026-08-27,"kyxsan: ""In practice I see a different team""",https://www.hltv.org/n/45393,aurora,kyxsan,HLTV,BLAST/Open/2026/Fall
BLAST Open Fall 2026,2026-08-28,"zonic on beating Lynn Vision: ""It was good to see, mentality-wise, that we could come back""",https://www.hltv.org/n/45404,falcons,zonic,HLTV,BLAST/Open/2026/Fall
BLAST Open Fall 2026,2026-08-28,"biguzera: ""I feel as a team we don't trust each other anymore""",https://www.hltv.org/n/45407,pain,biguzera,HLTV,BLAST/Open/2026/Fall
BLAST Open Fall 2026,2026-08-28,"s1n: ""Honestly I'm really proud of the team""",https://www.hltv.org/n/45409,m80,s1n,HLTV,BLAST/Open/2026/Fall
BLAST Open Fall 2026,2026-08-29,"max: ""We are not confident right now and we are not making good decisions""",https://www.hltv.org/n/45412,9z,max,HLTV,BLAST/Open/2026/Fall
BLAST Open Fall 2026,2026-08-30,"huNter-: ""We have everything that we need to be a top team""",https://www.hltv.org/n/45418,g2,huNter-,HLTV,BLAST/Open/2026/Fall
BLAST Open Fall 2026,2026-08-30,"dumau: ""We like these big challenges""",https://www.hltv.org/n/45422,legacy,dumau,HLTV,BLAST/Open/2026/Fall
BLAST Open Fall 2026,2026-08-31,"Jimpphat: ""We cannot let our mental slip this easily""",https://www.hltv.org/n/45427,aurora,Jimpphat,HLTV,BLAST/Open/2026/Fall
BLAST Open Fall 2026,2026-08-31,"karrigan: ""We have played too much Dust2; we need to play other maps""",https://www.hltv.org/n/45429,falcons,karrigan,HLTV,BLAST/Open/2026/Fall
BLAST Open Fall 2026,2026-09-01,"apEX: ""When I play like that, I think we're such a dangerous team""",https://www.hltv.org/n/45432,vit,apEX,HLTV,BLAST/Open/2026/Fall
BLAST Open Fall 2026,2026-09-03,"xertioN: ""I think people have to give us more respect""",https://www.hltv.org/n/45443,mouz,xertioN,HLTV,BLAST/Open/2026/Fall
BLAST Open Fall 2026,2026-09-03,"jL: ""I feel like I cannot play my best game being someone else""",https://www.hltv.org/n/45444,vit,jL,HLTV,BLAST/Open/2026/Fall
BLAST Open Fall 2026,2026-09-04,"XTQZZZ on playing with jL: ""We were really happy to have something new""",https://www.hltv.org/n/45446,vit,XTQZZZ,HLTV,BLAST/Open/2026/Fall
BLAST Open Fall 2026,2026-09-05,"NiKo: ""We are not carrying the confidence we had from the Major well, it hurt us more than we benefitted""",https://www.hltv.org/n/45457,falcons,NiKo,HLTV,BLAST/Open/2026/Fall
BLAST Open Fall 2026,2026-09-05,"xelex: ""When we are winning against these big teams, it speaks for itself""",https://www.hltv.org/n/45459,mouz,xelex,HLTV,BLAST/Open/2026/Fall
BLAST Open Fall 2026,2026-09-06,"donk: ""The hardest part of being at the top is staying at the top""",https://www.hltv.org/n/45469,spirit,donk,HLTV,BLAST/Open/2026/Fall
BLAST Open Fall 2026,2026-08-25,"TeSeS om at vinde majoren: ""Det er jo det sygeste""",https://www.dust2.dk/nyheder/77200/teses-om-at-vinde-majoren-det-er-jo-det-sygeste,falcons,TeSeS,Dust2.dk,BLAST/Open/2026/Fall
BLAST Open Fall 2026,2026-08-26,"kyxsan tror på, at Aurora kan vinde nogle turneringer i år",https://www.dust2.dk/nyheder/77225/kyxsan-tror-paa-at-aurora-kan-vinde-nogle-turneringer-i-aar,aurora,kyxsan,Dust2.dk,BLAST/Open/2026/Fall
BLAST Open Fall 2026,2026-08-28,"jL afslører: ""Jeg kunne have joinet et hold""",https://www.dust2.dk/nyheder/77277/jl-afsloerer-jeg-kunne-have-joinet-et-hold,vit,jL,Dust2.dk,BLAST/Open/2026/Fall
BLAST Open Fall 2026,2026-08-25,jL comenta preparação para jogar com a Vitality: “Sei o que preciso fazer”,https://www.dust2.com.br/noticias/77202/jl-comenta-preparacao-para-jogar-com-a-vitality-sei-o-que-preciso-fazer,vit,jL,Dust2.com.br,BLAST/Open/2026/Fall
BLAST Open Fall 2026,2026-08-25,"molodoy projeta duelo contra paiN: ""É sempre difícil jogar contra os caras do Brasil""",https://www.dust2.com.br/noticias/77205/molodoy-projeta-duelo-contra-pain-e-sempre-dificil-jogar-contra-os-caras-do-brasil,furia,molodoy,Dust2.com.br,BLAST/Open/2026/Fall
BLAST Open Fall 2026,2026-08-25,"vsm sobre jogo contra a FURIA: ""Brasileiro contra brasileiro é gritaria, é guerra""",https://www.dust2.com.br/noticias/77213/vsm-sobre-jogo-contra-a-furia-brasileiro-contra-brasileiro-e-gritaria-e-guerra,pain,v$m,Dust2.com.br,BLAST/Open/2026/Fall
BLAST Open Fall 2026,2026-08-25,"DENDELE pode surpreender Spirit, diz koala",https://www.dust2.com.br/noticias/77212/dendele-pode-surpreender-spirit-diz-koala,dendele,koala,Dust2.com.br,BLAST/Open/2026/Fall
BLAST Open Fall 2026,2026-08-26,"maxxkor após derrota para Spirit: ""Fico triste porque poderíamos ter feito mais""",https://www.dust2.com.br/noticias/77234/maxxkor-apos-derrota-para-spirit-fico-triste-porque-poderiamos-ter-feito-mais,dendele,maxxkor,Dust2.com.br,BLAST/Open/2026/Fall
BLAST Open Fall 2026,2026-08-26,snow comenta derrota para FURIA e momento ruim da paiN,https://www.dust2.com.br/noticias/77251/snow-comenta-derrota-para-furia-e-momento-ruim-da-pain,pain,snow,Dust2.com.br,BLAST/Open/2026/Fall
BLAST Open Fall 2026,2026-08-27,"flameZ diz que Vitality está jogando um CS ""de merda""",https://www.dust2.com.br/noticias/77266/flamez-diz-que-vitality-esta-jogando-um-cs-de-merda,vit,flameZ,Dust2.com.br,BLAST/Open/2026/Fall
BLAST Open Fall 2026,2026-08-27,"latto sobre briga pelo título de melhor time do SA: ""Essa posição ainda é da FURIA""",https://www.dust2.com.br/noticias/77274/latto-sobre-briga-pelo-titulo-de-melhor-time-do-sa-essa-posicao-ainda-e-da-furia,legacy,latto,Dust2.com.br,BLAST/Open/2026/Fall
BLAST Open Fall 2026,2026-08-27,"TeSeS analisa Legacy: ""Estamos sofrendo contra o estilo de jogo deles""",https://www.dust2.com.br/noticias/77287/teses-analisa-legacy-estamos-sofrendo-contra-o-estilo-de-jogo-deles,falcons,TeSeS,Dust2.com.br,BLAST/Open/2026/Fall
BLAST Open Fall 2026,2026-08-28,"coachi sobre DENDELE: ""Falta experiência e evolução individual em alguns pontos""",https://www.dust2.com.br/noticias/77297/coachi-sobre-dendele-falta-experiencia-e-evolucao-individual-em-alguns-pontos,dendele,coachi,Dust2.com.br,BLAST/Open/2026/Fall
BLAST Open Fall 2026,2026-08-28,"rikz comenta possibilidade de mudança na paiN: ""É difícil, mas pode acontecer""",https://www.dust2.com.br/noticias/77308/rikz-comenta-possibilidade-de-mudanca-na-pain-e-dificil-mas-pode-acontecer,pain,rikz,Dust2.com.br,BLAST/Open/2026/Fall
BLAST Open Fall 2026,2026-08-28,yuurih comemora vaga em Porto e projeta duelo contra a Spirit,https://www.dust2.com.br/noticias/77319/yuurih-comemora-vaga-em-porto-e-projeta-duelo-contra-a-spirit,furia,yuurih,Dust2.com.br,BLAST/Open/2026/Fall
BLAST Open Fall 2026,2026-08-29,"max: ""Parece que esquecemos um pouco de como jogar""",https://www.dust2.com.br/noticias/77328/max-parece-que-esquecemos-um-pouco-de-como-jogar,9z,max,Dust2.com.br,BLAST/Open/2026/Fall
BLAST Open Fall 2026,2026-08-29,dumau analisa derrota para a Falcons e projeta duelo contra a Vitality,https://www.dust2.com.br/noticias/77346/dumau-analisa-derrota-para-a-falcons-e-projeta-duelo-contra-a-vitality,legacy,dumau,Dust2.com.br,BLAST/Open/2026/Fall
BLAST Open Fall 2026,2026-08-30,"arT: ""Sabemos que tínhamos a faca e o queijo na mão para fazer um 2 a 0 """,https://www.dust2.com.br/noticias/77374/art-sabemos-que-tinhamos-a-faca-e-o-queijo-na-mao-para-fazer-um-2-a-0,legacy,arT,Dust2.com.br,BLAST/Open/2026/Fall
BLAST Open Fall 2026,2026-08-31,KSCERATO explica como os treinos podem ser aproveitados pela FURIA,https://www.dust2.com.br/noticias/77386/kscerato-explica-como-os-treinos-podem-ser-aproveitados-pela-furia,furia,KSCERATO,Dust2.com.br,BLAST/Open/2026/Fall
BLAST Open Fall 2026,2026-08-31,"xertioN: ""Acho que somos uma das equipes mais fortes do mundo""",https://www.dust2.com.br/noticias/77397/xertion-acho-que-somos-uma-das-equipes-mais-fortes-do-mundo,mouz,xertioN,Dust2.com.br,BLAST/Open/2026/Fall
BLAST Open Fall 2026,2026-09-04,"FalleN comenta derrota para Vitality: ""Eles mereceram ganhar hoje""",https://www.dust2.com.br/noticias/77538/fallen-comenta-derrota-para-vitality-eles-mereceram-ganhar-hoje,furia,FalleN,Dust2.com.br,BLAST/Open/2026/Fall
BLAST Open Fall 2026,2026-09-05,"NiKo: ""Só quero voltar a ganhar troféus o mais rápido possível""",https://www.dust2.com.br/noticias/77555/niko-so-quero-voltar-a-ganhar-trofeus-o-mais-rapido-possivel,falcons,NiKo,Dust2.com.br,BLAST/Open/2026/Fall
BLAST Open Fall 2026,2026-09-05,XTQZZZ analisa eliminação da Vitality e aponta evolução no time,https://www.dust2.com.br/noticias/77566/xtqzzz-analisa-eliminacao-da-vitality-e-aponta-evolucao-no-time,vit,XTQZZZ,Dust2.com.br,BLAST/Open/2026/Fall
BLAST Open Fall 2026,2026-09-05,"sycrone aprova jogador do academy na paiN: ""É difícil se você apenas faz um rodízio de jogadores experientes""",https://www.dust2.com.br/noticias/77568/sycrone-aprova-jogador-do-academy-na-pain-e-dificil-se-voce-apenas-faz-um-rodizio-de-jogadores-experientes,mouz,sycrone,Dust2.com.br,BLAST/Open/2026/Fall
BLAST Open Fall 2026,2026-09-06,"tN1R sobre MOUZ: ""Estávamos com raiva porque perdemos uma final para eles""",https://www.dust2.com.br/noticias/77591/tn1r-sobre-mouz-estavamos-com-raiva-porque-perdemos-uma-final-para-eles,spirit,tN1R,Dust2.com.br,BLAST/Open/2026/Fall
BLAST Open Fall 2026,2026-08-31,"YEKINDAR on whether FURIA will stay Brazilian: ""It's something we're still figuring out""",https://blast.tv/cs/news/yekindar-on-whether-furia-will-stay-brazilian,furia,YEKINDAR,BLAST,BLAST/Open/2026/Fall
BLAST Open Fall 2026,2026-08-31,"Wicadia: ""I have ideas but I can't call them because I need to translate them in my head""",https://blast.tv/cs/news/wicadia-i-have-ideas-but-i-cant-call-them,aurora,Wicadia,BLAST,BLAST/Open/2026/Fall
BLAST Open Fall 2026,2026-09-01,"flameZ on recent results: ""It's not the Vitality standard""",https://blast.tv/cs/news/flamez-on-recent-results,vit,flameZ,BLAST,BLAST/Open/2026/Fall
BLAST Open Fall 2026,2026-09-01,"TeSeS: ""You feel invincible with karrigan in those big arena games""",https://blast.tv/cs/news/teses-you-feel-invincible-with-karrigan,falcons,TeSeS,BLAST,BLAST/Open/2026/Fall
BLAST Open Fall 2026,2026-09-01,"torzsi: ""This is the best iteraton of MOUZ ever""",https://blast.tv/cs/news/torzsi-this-is-the-best-iteration-of-mouz-ever,mouz,torzsi,BLAST,BLAST/Open/2026/Fall
BLAST Open Fall 2026,2026-09-03,"r1nkle: ""I don't care about winning I just want to improve""",https://blast.tv/cs/news/r1nkle-i-dont-care-about-winning-i-just-want-to-improve,g2,r1nkle,BLAST,BLAST/Open/2026/Fall
BLAST Open Fall 2026,2026-09-04,"zonic: ""We're a bit behind the meta""",https://blast.tv/cs/news/zonic-were-a-bit-behind-the-meta,falcons,zonic,BLAST,BLAST/Open/2026/Fall
BLAST Open Fall 2026,2026-09-04,"sidde on FURIA's future: ""This uncertainty is created by the outside""",https://blast.tv/cs/news/sidde-on-furias-future,furia,sidde,BLAST,BLAST/Open/2026/Fall
BLAST Open Fall 2026,2026-09-04,"XTQZZZ on if the Vitality era is over: ""I don't care""",https://blast.tv/cs/news/xtqzzz-on-if-the-vitality-era-is-over,vit,XTQZZZ,BLAST,BLAST/Open/2026/Fall
BLAST Open Fall 2026,2026-09-04,"sAw on the year since BLAST Open London win: ""It's not been satisfying""",https://blast.tv/cs/news/saw-on-the-year-since-blast-open-london-win,g2,sAw,BLAST,BLAST/Open/2026/Fall
BLAST Open Fall 2026,2026-09-04,"apEX: ""I'm happy to not be known as the IGL who wins with a stand-in""",https://blast.tv/cs/news/apex-im-happy-to-not-be-known-as-the-igl-who-wins-with-standin,vit,apEX,BLAST,BLAST/Open/2026/Fall
BLAST Open Fall 2026,2026-09-05,"zont1x: ""chopper wasn't motivated to dominate""",https://blast.tv/cs/news/zont1x-chopper-wasnt-motivated-to-dominate,spirit,zont1x,BLAST,BLAST/Open/2026/Fall
BLAST Open Fall 2026,2026-09-05,"torszi: ""We are one of the best teams right now""",https://blast.tv/cs/news/torzsi-we-are-one-of-the-best-teams-right-now,mouz,torszi,BLAST,BLAST/Open/2026/Fall
BLAST Open Fall 2026,2026-09-06,"xertioN: ""Spirit are the best team in the world""",https://blast.tv/cs/news/xertion-spirit-are-the-best-team-in-the-world,mouz,xertioN,BLAST,BLAST/Open/2026/Fall
BLAST Open Fall 2026,2026-08-25,“There is no need to say we must win the Major”: sh1ro outlines expectations for Team Spirit,https://pley.gg/cs2/there-is-no-need-to-say-we-must-win-the-major-sh1ro-outlines-expectations-for-team-spirit/,spirit,sh1ro,Pley.gg,BLAST/Open/2026/Fall
BLAST Open Fall 2026,2026-08-25,“I still have not made my mind up”: YEKINDAR evaluates succeeding FalleN as FURIA captain,https://pley.gg/cs2/i-still-have-not-made-my-mind-up-yekindar-evaluates-succeeding-fallen-as-furia-captain/,furia,YEKINDAR,Pley.gg,BLAST/Open/2026/Fall
BLAST Open Fall 2026,2026-08-25,HeavyGod’s recipe for success: “Play as much as you can until you suffer”,https://pley.gg/cs2/heavygods-recipe-for-success-play-as-much-as-you-can-until-you-suffer/,g2,HeavyGod,Pley.gg,BLAST/Open/2026/Fall
BLAST Open Fall 2026,2026-08-26,"Aleksib: “Most of all right now, I do think we just need confidence”",https://pley.gg/cs2/aleksib-most-of-all-right-now-i-do-think-we-just-need-confidence/,navi,Aleksib,Pley.gg,BLAST/Open/2026/Fall
BLAST Open Fall 2026,2026-08-26,"“I had a dream to play with s1mple, ZywOo, and ropz”: jL on his Team Vitality stand-in role",https://pley.gg/cs2/i-had-a-dream-to-play-with-s1mple-zywoo-and-ropz-jl-on-his-team-vitality-stand-in-role/,vit,jL,Pley.gg,BLAST/Open/2026/Fall
BLAST Open Fall 2026,2026-08-26,"Spinx on MOUZ missing aura: “If we could change it like this, we would, but first we need to focus on playing good Counter-Strike”",https://pley.gg/cs2/spinx-on-mouz-missing-aura-if-we-could-change-it-like-this-we-would-but-first-we-need-to-focus-on-playing-good-counter-strike/,mouz,Spinx,Pley.gg,BLAST/Open/2026/Fall
BLAST Open Fall 2026,2026-08-27,"“Once we fix communication, we can be really dangerous”: kyxsan on new Aurora team",https://pley.gg/cs2/once-we-fix-communication-we-can-be-really-dangerous-kyxsan-on-new-aurora-team/,aurora,kyxsan,Pley.gg,BLAST/Open/2026/Fall
BLAST Open Fall 2026,2026-08-27,kyousuke: “We want to create more than just a Major win”,https://pley.gg/cs2/kyousuke-we-want-to-create-more-than-just-a-major-win/,falcons,kyousuke,Pley.gg,BLAST/Open/2026/Fall
BLAST Open Fall 2026,2026-08-27,“We like the chaos”: dziugss on FUT Esports’ aggressive playstyle,https://pley.gg/cs2/we-like-the-chaos-dziugss-on-fut-esports-aggressive-playstyle/,fut,dziugss,Pley.gg,BLAST/Open/2026/Fall
BLAST Open Fall 2026,2026-08-25,Lake at BLAST Open Porto 2026: “NA is just in a bit of a rough spot”,https://www.hotspawn.com/counter-strike/news/lake-blast-open-porto-2026-interview,m80,Lake,Hotspawn,BLAST/Open/2026/Fall
BLAST Open Fall 2026,2026-08-25,flameZ on playing with jL: “We need to bring him into our picture and jump on his kind of playing CS for a bit”,https://www.hotspawn.com/counter-strike/news/flamez-blast-open-porto-2026-interview,vit,flameZ,Hotspawn,BLAST/Open/2026/Fall
BLAST Open Fall 2026,2026-08-25,"molodoy on YEKINDAR’s future: “I think he don’t want to go to IGL… for me, he needs to stay not IGL”",https://www.hotspawn.com/counter-strike/news/molodoy-blast-open-porto-2026-interview,furia,molodoy,Hotspawn,BLAST/Open/2026/Fall
BLAST Open Fall 2026,2026-08-25,"Aleksib on NAVI roster speculation: “I do think that at times it’s a bit ridiculous… this year, how many teams have won two trophies?”",https://www.hotspawn.com/counter-strike/news/aleksib-blast-open-porto-2026-interview,navi,Aleksib,Hotspawn,BLAST/Open/2026/Fall
BLAST Open Fall 2026,2026-08-25,"HeavyGod on r1nkle addition: “It’s a project, I’ll say. You cannot jump from A to Z instantly”",https://www.hotspawn.com/counter-strike/news/heavygod-blast-open-porto-2026-interview,g2,HeavyGod,Hotspawn,BLAST/Open/2026/Fall
BLAST Open Fall 2026,2026-08-25,"Wicadia Interview: ""We are trying to get used to each other""",https://rdy.gg/en/cs2/news/wicadia-aurora-new-roster-interview,aurora,Wicadia,rdy.gg,BLAST/Open/2026/Fall
BLAST Open Fall 2026,2026-08-25,"Spinx Interview: ""It's not an easy schedule”",https://rdy.gg/en/cs2/news/spinx-blast-open-porto-interview,mouz,Spinx,rdy.gg,BLAST/Open/2026/Fall
BLAST Open Fall 2026,2026-08-26,"NertZ on the SunPayus change: ""I don't know if it was needed""",https://rdy.gg/en/cs2/news/nertz-sunpayus-g2-interview,g2,NertZ,rdy.gg,BLAST/Open/2026/Fall
BLAST Open Fall 2026,2026-08-27,"dziugss on coolio’s impact on FUT's style: ""Not just running and shooting""",https://rdy.gg/en/cs2/news/dziugss-fut-porto-interview,fut,dziugss,rdy.gg,BLAST/Open/2026/Fall
BLAST Open Fall 2026,2026-09-03,"XTQZZZ on Vitality without apEX: ""I do believe we are going to change some roles""",https://rdy.gg/en/cs2/news/xtqzzz-vitality-roles-apex,vit,XTQZZZ,rdy.gg,BLAST/Open/2026/Fall
BLAST Open Fall 2026,2026-09-03,"matys: ""We know we can beat anyone here""",https://rdy.gg/en/cs2/news/matys-patience-interview,g2,matys,rdy.gg,BLAST/Open/2026/Fall
BLAST Open Fall 2026,2026-09-03,"zonic: ""Sometimes you feel like they're just running against a brick wall""",https://rdy.gg/en/cs2/news/zonic-falcons-consistency-interview,falcons,zonic,rdy.gg,BLAST/Open/2026/Fall
BLAST Open Fall 2026,2026-09-04,"xertioN: ""The team feels the most fresh it's ever felt""",https://rdy.gg/en/cs2/news/xertion-igl-role-interview,mouz,xertioN,rdy.gg,BLAST/Open/2026/Fall
BLAST Open Fall 2026,2026-09-04,"apEX: ""Play like it's zero-zero, not zero-one""",https://rdy.gg/en/cs2/news/apex-nuke-comeback-interview,vit,apEX,rdy.gg,BLAST/Open/2026/Fall
BLAST Open Fall 2026,2026-09-05,"NiKo: “We kept fighting, and this is what I'm proud of.”",https://rdy.gg/en/cs2/news/niko-nuke-t-side-interview,falcons,NiKo,rdy.gg,BLAST/Open/2026/Fall
BLAST Open Fall 2026,2026-09-05,"sycrone: ""There's still a mental edge in their favor""",https://rdy.gg/en/cs2/news/sycrone-vitality-mental-edge,mouz,sycrone,rdy.gg,BLAST/Open/2026/Fall
BLAST Open Fall 2026,2026-09-06,"xertioN on the veto: “I mean, in hindsight, of course, Nuke was a disaster…”",https://rdy.gg/en/cs2/news/xertion-spirit-final-interview-porto,mouz,xertioN,rdy.gg,BLAST/Open/2026/Fall
BLAST Open Fall 2026,2026-08-27,"""On certain maps I have 70-80% control of the CT side"", Interview with G2's NertZ",https://youtu.be/rFIYbAxM_Ug,g2,NertZ,TL;DR,BLAST/Open/2026/Fall
BLAST Open Fall 2026,2026-08-28,"""I would eat Swisher to survive on an island"", Can of Monster interview with M80's Lake",https://youtu.be/KlVKIFODyWY,m80,Lake,TL;DR,BLAST/Open/2026/Fall
BLAST Open Fall 2026,2026-09-03,"""We're in a building stage"", Interview with Falcons' TeSeS, BLAST Open Porto",https://youtu.be/XFcqCR-BUGU,falcons,TeSeS,TL;DR,BLAST/Open/2026/Fall
BLAST Open Fall 2026,2026-09-04,"""The plan is to sign an IGL"", Interview with FURIA's sidde, BLAST Open Porto 2026",https://youtu.be/VMf9w1sUmeg,furia,sidde,TL;DR,BLAST/Open/2026/Fall
BLAST Open Fall 2026,2026-09-05,"""We want to win a tournament for Fallen"", Interview with FURIA's yuurih, BLAST Open Porto 2026",https://youtu.be/8LLXcySiuHw,furia,yuurih,TL;DR,BLAST/Open/2026/Fall
BLAST Open Fall 2026,2026-09-05,"xertioN: ""I want to be a new generation of IGL, something no one has ever done before""",https://youtu.be/y_i-V4j8QQg,mouz,xertioN,TL;DR,BLAST/Open/2026/Fall
BLAST Open Fall 2026,2026-09-06,"NiKo: ""I'm not good enough on Nuke right now""",https://youtu.be/dIqy_iTGt0s,falcons,NiKo,TL;DR,BLAST/Open/2026/Fall
BLAST Open Fall 2026,2026-09-07,"flameZ: ""getting to know jL was a big positive""",https://youtu.be/9LPlI6GqCZA,vit,flameZ,TL;DR,BLAST/Open/2026/Fall
BLAST Open Fall 2026,2026-09-07,Asking magixx the questions NOBODY else will,https://youtu.be/6etdlFym8x4,spirit,magixx,TL;DR,BLAST/Open/2026/Fall
BLAST Open Fall 2026,2026-09-09,Asking jL the questions NOBODY else will,https://youtu.be/61OMXheQNiY,vit,jL,TL;DR,BLAST/Open/2026/Fall
BLAST Open Fall 2026,2026-09-05,"apEX : ""Avoir un enfant, c’est la base de la vie""",https://lasource.gg/news/apex-avoir-un-enfant-c-est-la-base-de-la-vie-1,vit,apEX,La Source,BLAST/Open/2026/Fall
BLAST Open Fall 2026,2026-09-06,"XTQZZZ : “J’espérais qu’on ait un match référence ici, on ne l’a toujours pas”",https://lasource.gg/news/xtqzzz-j-esperais-qu-on-ait-un-match-reference-ici-on-ne-l-a-toujours-pas,vit,XTQZZZ,La Source,BLAST/Open/2026/Fall
BLAST Open Fall 2026,2026-09-09,"Scrawny : ""Je pense que j'ai été créé pour faire ça.""",https://lasource.gg/news/scrawny-je-pense-que-j-ai-ete-cree-pour-faire-ca,,Scrawny,La Source,BLAST/Open/2026/Fall
BLAST Open Fall 2026,2026-08-26,BLAST Open Porto 2026 - Group Stage,https://www.hltv.org/gallery/13153,,,HLTV,BLAST/Open/2026/Fall
BLAST Open Fall 2026,2026-09-04,BLAST Open Porto 2026 - Day 7,https://www.hltv.org/gallery/13154,,,HLTV,BLAST/Open/2026/Fall
BLAST Open Fall 2026,2026-09-05,BLAST Open Porto 2026 - Day 8,https://www.hltv.org/gallery/13155,,,HLTV,BLAST/Open/2026/Fall
BLAST Open Fall 2026,2026-09-06,BLAST Open Porto 2026 - Day 9,https://www.hltv.org/gallery/13157,,,HLTV,BLAST/Open/2026/Fall
1win Private Club #1,2026-09-25,"Krimbo on calling: ""I had no doubts in my mind or fear about it""",https://www.hltv.org/n/45577,nip,Krimbo,HLTV,1win Private Club/1
1win Private Club #1,2026-09-28,"adamb: ""I see this team as a top 10 team soon, I have no doubts about that""",https://www.hltv.org/n/45592,nip,adamb,HLTV,1win Private Club/1
1win Private Club #1,2026-09-25,1win Private Club Season 1,https://www.hltv.org/gallery/13171,,,HLTV,1win Private Club/1
FRAG University 2026,2026-10-XX,,,,,Dust2.us,FRAG/2026/Syracuse/2
iBUYPOWER Masters fl0m's Mythical LAN 2026,2026-09-25,"WolfY: ""I'm at the point in my career where if I don't IGL I just feel like I'm wasting my time""",https://www.dust2.us/news/78227/wolfy-im-at-the-point-in-my-career-where-if-i-dont-igl-i-just-feel-like-im-wasting-my-time,chicken coop,WolfY,Dust2.us,IBUYPOWER/Masters/2026/Fl0m's Mythical LAN
iBUYPOWER Masters fl0m's Mythical LAN 2026,2026-09-26,"Swisher on JBa: ""When he's on, he's on, it's just the fine line of getting him in the game""",https://www.dust2.us/news/78260/swisher-on-jba-when-hes-on-hes-on-its-just-the-fine-line-of-getting-him-in-the-game,m80,Swisher,Dust2.us,IBUYPOWER/Masters/2026/Fl0m's Mythical LAN
iBUYPOWER Masters fl0m's Mythical LAN 2026,2026-09-26,"junior on AWP talent in NA: ""There are no IGLs that can help these AWPers develop""",https://www.dust2.us/news/78267/junior-on-awp-talent-in-na-there-are-no-igls-that-can-help-these-awpers-develop,voca,junior,Dust2.us,IBUYPOWER/Masters/2026/Fl0m's Mythical LAN
iBUYPOWER Masters fl0m's Mythical LAN 2026,2026-09-27,"nEMANHA: ""With fr3nd, maybe it's less practice but we have new blood, and it will be better now""",https://www.dust2.us/news/78263/nemanha-with-fr3nd-maybe-its-less-practice-but-we-have-new-blood-and-it-will-be-better-now,wildcard,nEMANHA,Dust2.us,IBUYPOWER/Masters/2026/Fl0m's Mythical LAN
iBUYPOWER Masters fl0m's Mythical LAN 2026,2026-09-27,"malbsMd: ""Jorko is just a kid; he still needs to learn""",https://www.dust2.us/news/78280/malbsmd-jorko-is-just-a-kid-he-still-needs-to-learn,tl,malbsMd,Dust2.us,IBUYPOWER/Masters/2026/Fl0m's Mythical LAN
iBUYPOWER Masters fl0m's Mythical LAN 2026,2026-09-27,"hallzerk: ""Even though daps is not here, it's still unforgivable how bad we played""",https://www.dust2.us/news/78297/hallzerk-even-though-daps-is-not-here-its-still-unforgivable-how-bad-we-played,nrg,hallzerk,Dust2.us,IBUYPOWER/Masters/2026/Fl0m's Mythical LAN
iBUYPOWER Masters fl0m's Mythical LAN 2026,2026-09-28,"slaxz-: ""Mirage is still an S-tier map for us. I think we are insane on it""",https://www.dust2.us/news/78328/slaxz-mirage-is-still-an-s-tier-map-for-us-i-think-we-are-insane-on-it,m80,slaxz-,Dust2.us,IBUYPOWER/Masters/2026/Fl0m's Mythical LAN
iBUYPOWER Masters fl0m's Mythical LAN 2026,2026-09-29,"Cxzi: ""Splawik is harder on me, and it's a good thing""",https://www.dust2.us/news/78298/cxzi-splawik-is-harder-on-me-and-its-a-good-thing,wildcard,Cxzi,Dust2.us,IBUYPOWER/Masters/2026/Fl0m's Mythical LAN
iBUYPOWER Masters fl0m's Mythical LAN 2026,2026-09-30,"JT: ""The way the ecosystem is now, almost every team is going to have to play low level tournaments""",https://www.dust2.us/news/78391/jt-the-way-the-ecosystem-is-now-almost-every-team-is-going-to-have-to-play-low-level-tournaments,tl,JT,Dust2.us,IBUYPOWER/Masters/2026/Fl0m's Mythical LAN
iBUYPOWER Masters fl0m's Mythical LAN 2026,2026-09-30,"nitr0: ""I think the [VRS system] is actually less pressure and it is easier to work your way up""",https://www.dust2.us/news/78396/nitr0-i-think-the-vrs-system-is-actually-less-pressure-and-it-is-easier-to-work-your-way-up,nrg,nitr0,Dust2.us,IBUYPOWER/Masters/2026/Fl0m's Mythical LAN
iBUYPOWER Masters fl0m's Mythical LAN 2026,2026-10-01,"s1n: ""When you look at some rounds we pulled them out of our ass this tournament""",https://www.dust2.us/news/78429/s1n-when-you-look-at-some-rounds-we-pulled-them-out-of-our-ass-this-tournament,m80,s1n,Dust2.us,IBUYPOWER/Masters/2026/Fl0m's Mythical LAN
Stake Pulse Beat II,2026-09-27,"MartinezSa: ""This kind of tournament is really important; it's not tier one, but it's the way to tier one""",https://www.hltv.org/n/45580,heroic,Martinez,HLTV,Stake Pulse/Beat II
Stake Pulse Beat II,2026-09-26,Stake Pulse Beat II,https://www.hltv.org/gallery/13172,,,HLTV,Stake Pulse/Beat II
