event,page,team_name,players,notes
Thunderpick/World_Championship/2026,Thunderpick/World_Championship/2026,Team Falcons,"NiKo,TeSeS,m0NESY,kyousuke,karrigan",
Thunderpick/World_Championship/2026,Thunderpick/World_Championship/2026,9z Team,"max,HUASOPEEK,luchov,meyern,dgt",
Thunderpick/World_Championship/2026,Thunderpick/World_Championship/2026,Legacy,"latto,dumau,n1ssim,arT,try",
Thunderpick/World_Championship/2026,Thunderpick/World_Championship/2026,FURIA,"yuurih,KSCERATO,FalleN,molodoy,YEKINDAR",
Thunderpick/World_Championship/2026,Thunderpick/World_Championship/2026,BetBoom Team,"s1ren,zorte,Magnojez,Boombl4,d1Ledez",
Thunderpick/World_Championship/2026,Thunderpick/World_Championship/2026,Aurora Gaming,"XANTARES,Wicadia,woxic,Jimpphat,kyxsan",
Thunderpick/World_Championship/2026,Thunderpick/World_Championship/2026,PARIVISION,"Jame,xiELO,zweih,FL1T,HObbit",{{Notes |{{Notes|September 17th - '''[[PARIVISION]]''' bench {{player|slaxejezzz|flag=ru}} and sign {{player|HObbit|flag=kz}}. }} }}
Thunderpick/World_Championship/2026,Thunderpick/World_Championship/2026,TDK,"nafany,Ax1Le,sugaR,Xant3r,team=betboom",
Thunderpick/World_Championship/2026,Thunderpick/World_Championship/2026,Betclic Apogee Esports,"Prism,demho,eskyy,flag=pl,POLO",
Thunderpick/World_Championship/2026,Thunderpick/World_Championship/2026,Johnny Speeds,"Lekr0,HEAP,jocab,nawwk,titulus",
Thunderpick/World_Championship/2026,Thunderpick/World_Championship/2026,OG,"spooke,adamb,cadiaN,bodyy,pr1metapz",{{Notes |{{Notes|May 19th - '''[[OG]]''' bench {{player|arrozdoce|flag=pt}}. }} |{{Notes|May 20th - '''[[OG]]''' acquire {{player|pr1metapz|flag=de}} on loan from '''[[Sangal Esports]]'''. }} }}
Thunderpick/World_Championship/2026,Thunderpick/World_Championship/2026,KOLESIE,"innocent,Qlocuu,b1elany,fr3nd,Ex1st",
Thunderpick/World_Championship/2026,Thunderpick/World_Championship/2026,ex-RUBY,"H4SAN4TOR,sh1nejezzz,YumsaN,relaxxie,robo",
Thunderpick/World_Championship/2026,Thunderpick/World_Championship/2026,Esport Academy Copenhagen,"bekker,Maze,n1Xen,sSen,anber",
Thunderpick/World_Championship/2026,Thunderpick/World_Championship/2026,DragonClaw,"suonko,fanatyk,AntyVirus,flag=pl,PeTeRoOo",{{Notes |{{Notes|May 30th - '''[[VRSDelivery]]''' rename to '''[[DragonClaw]]'''. }} }}
Thunderpick/World_Championship/2026,Thunderpick/World_Championship/2026,ALGO Esports,"nukkye,szejn,aNdu,Bambosh,adeX",
Thunderpick/World_Championship/2026,Thunderpick/World_Championship/2026,TNC Esport,"AdrieN,maaryy,yvro,Melavi,tomiko",
Thunderpick/World_Championship/2026,Thunderpick/World_Championship/2026,OMEGA,"dan4o,Botpa1,adai,Aldikon,def1zer",
Thunderpick/World_Championship/2026,Thunderpick/World_Championship/2026,HYPERSPIRIT,"Ciocardau,flag=ro,ADRON,flag=ro,ragga",{{Notes |{{Notes|May 19th - '''[[HYPERSPIRIT]]''' re-sign {{player|ragga|flag=ro}}. }} }}
Thunderpick/World_Championship/2026,Thunderpick/World_Championship/2026,MANA eSports,"ammar,BledarD,cerber,team=biga,deb0",
Thunderpick/World_Championship/2026,Thunderpick/World_Championship/2026,ASTRAL Esports,"flag=lv,flag=ee,flag=lt,gxx-,swiz",
Thunderpick/World_Championship/2026,Thunderpick/World_Championship/2026,ex-Zero Tenacity,"brutmonster,Cjoffo,aVN,Kind0,team=metizport",
Thunderpick/World_Championship/2026,Thunderpick/World_Championship/2026,2007,"link=spirit (Russian player),Something,sstiNiX,flag=ru,h1te",
Thunderpick/World_Championship/2026,Thunderpick/World_Championship/2026,Rune Eaters Esports,"forkyz,her1tage,kumao,noni,demente",
Thunderpick/World_Championship/2026,Thunderpick/World_Championship/2026,Hashiras,"Burmylov,birdfromsky,JACKZ,Queenix,team=Partizan Esports",
Thunderpick/World_Championship/2026,Thunderpick/World_Championship/2026,JiJieHao,"m1N1,bibu,0SAMAS,sinnopsyy,CacaNito",
Thunderpick/World_Championship/2026,Thunderpick/World_Championship/2026,Walczaki,"bajmi,SaMey,olimp,moonwalk,reiko",{{Notes |{{Notes|July 26th - '''[[Walczaki]]''' replace {{player|sk1tt|flag=pl}} with {{player|reiko|flag=pl}}. }} }}
Thunderpick/World_Championship/2026,Thunderpick/World_Championship/2026,ex-1w Team,"lattykk,oz1k,cronuss,Qikert,reyoz",{{Notes |{{Notes|July 31st - '''[[1w Team]]''' bench their lineup. }} }}
Thunderpick/World_Championship/2026,Thunderpick/World_Championship/2026,CYBERSHOKE Esports,"bl1x1,glowiing,alpha,Mokuj1n,Alkaren",
Thunderpick/World_Championship/2026,Thunderpick/World_Championship/2026,lavked,"sol,1NVISIBLEE,xm1nd,KENSi,7tetsu",
Thunderpick/World_Championship/2026,Thunderpick/World_Championship/2026,INOX Division,"k1slll,k0s,finW,FenomeN,notineki",
Thunderpick/World_Championship/2026,Thunderpick/World_Championship/2026,BASEMENT BOYS,"Tr0ublE,OWNER,fakerealityy,maggent,kr1vda",
Thunderpick/World_Championship/2026,Thunderpick/World_Championship/2026,GenOne,"Chuckyy,Brooxsy,Djoko,Keoz,flag=fr",{{Notes |{{Notes|July 22nd - '''[[GenOne]]''' sign {{player|Keoz|flag=be}} and {{player|bL4SEZ|flag=fr}}. }} }}
Thunderpick/World_Championship/2026,Thunderpick/World_Championship/2026,WOPA Esport,"Zanto,Patti,kwezz,sL1m3,Queenix",{{Notes |{{Notes|July 21st - '''[[WOPA Esport]]''' sign {{player|Queenix|flag=dk}}. }} }}
Thunderpick/World_Championship/2026,Thunderpick/World_Championship/2026,Black Phoenix,"4X1s,link=Salazar (Russian player),karnez,topo-,team=baks",
Thunderpick/World_Championship/2026,Thunderpick/World_Championship/2026,ex-RUSTEC,"Brilliance,jakekeS,youka,team=sangal,team=team nemesis",
Thunderpick/World_Championship/2026,Thunderpick/World_Championship/2026,los kogutos,"AdrieN,maaryy,Markoś,tomiko,hotd0g,status=sub,status=sub",
Thunderpick/World_Championship/2026,Thunderpick/World_Championship/2026,ex-MANA eSports,"ammar,BledarD,cerber,team=biga,vAloN",
Thunderpick/World_Championship/2026,Thunderpick/World_Championship/2026,UNiTY esports,"M1key,KWERTZZ,2high,fnl,Sn0w",
Thunderpick/World_Championship/2026,Thunderpick/World_Championship/2026,Bebop,"faydett,iDISBALANCE,lov1kus,flag=ru,flag=ru,flag=ru",
Thunderpick/World_Championship/2026,Thunderpick/World_Championship/2026,Lazer Cats,"link=Magic (Ukrainian player),nikitea,flag=ua,tripex17,Polbandana",
Thunderpick/World_Championship/2026,Thunderpick/World_Championship/2026,IC Academy,"3ippoch,NaYz,flag=ua,flag=ua,flag=ua",
Thunderpick/World_Championship/2026,Thunderpick/World_Championship/2026,Falcons Force,"flag=rs,flag=ro,Nucleonz,Tapewaare,NaToSaphiX",
Thunderpick/World_Championship/2026,Thunderpick/World_Championship/2026,Mai tai,"chudy,link=Nami (Polish player),darchevile,flag=pl,flag=pl",
Thunderpick/World_Championship/2026,Thunderpick/World_Championship/2026,megoshort,"Twinkey,robiin,zen,team=alliance,team=alliance,status=sub,status=sub",
Thunderpick/World_Championship/2026,Thunderpick/World_Championship/2026,NEW VISION,"fen2k,flag=md,flag=ru,flag=ru,flag=ru",
Thunderpick/World_Championship/2026,Thunderpick/World_Championship/2026,Entropy Gaming,"flag=se,dottie,flaw,L00m1,delle",
Thunderpick/World_Championship/2026,Thunderpick/World_Championship/2026,Misa Esports,"Zuedsta,Ckanic,flag=tr,EMSTAR,flag=tr",
Thunderpick/World_Championship/2026,Thunderpick/World_Championship/2026,Fortress Esport,"flag=dk,flag=dk,flag=dk,flag=dk,flag=dk",
Thunderpick/World_Championship/2026,Thunderpick/World_Championship/2026,insane players,,
Thunderpick/World_Championship/2026,Thunderpick/World_Championship/2026,Ninjas in Pyjamas,"sjuush,xKacpersky,stavn,n0te,Krimbo",
Thunderpick/World_Championship/2026,Thunderpick/World_Championship/2026,HEROIC,"nilo,Chr1zN,susp,Martinez,Brollan",
Thunderpick/World_Championship/2026,Thunderpick/World_Championship/2026,3DMAX,"link=Lucky (French player),Maka,Graviti,misutaaa,Kursy",
Thunderpick/World_Championship/2026,Thunderpick/World_Championship/2026,EYEBALLERS,"JW,dex,Ro1f,maxster,KRIMZ",
Thunderpick/World_Championship/2026,Thunderpick/World_Championship/2026,Team Nemesis,"SELLTER,Sdaim,tex1y,mag1k3Y,r3salt",
Thunderpick/World_Championship/2026,Thunderpick/World_Championship/2026,HOTU,"link=mizu (Russian player),kade0,frontales,n0rb3r7,dwushka",
Thunderpick/World_Championship/2026,Thunderpick/World_Championship/2026,Virtus.pro,"tO0RO,b1st,mir,AquaRS,F0R3VER",
Thunderpick/World_Championship/2026,Thunderpick/World_Championship/2026,K27,"kashl1d,xeedo,qw1nk1,X5G7V,clax",
Thunderpick/World_Championship/2026,Thunderpick/World_Championship/2026,100 Thieves,"rain,poiii,sirah,dev1ce,Gizmy",
Thunderpick/World_Championship/2026,Thunderpick/World_Championship/2026,BBL,"Leakz,salazar,NickyB,IceBerg,Boye",{{Notes |{{Notes|September 9th - '''[[BBL Esports]]''' acquire {{player|wezx|flag=dk}} from '''[[Esport Academy Copenhagen]]''' as the team's coach. }} }}
Thunderpick/World_Championship/2026,Thunderpick/World_Championship/2026,FOKUS,"Matheos,Banjo,ztr,podi,jocab",
Thunderpick/World_Championship/2026,Thunderpick/World_Championship/2026,Acend,"SPELLAN,Skrimo,KalubeR,REDSTAR,SHiPZ",{{Notes |{{Notes|September 9th - '''[[Acend]]''' bench {{player|h4rn|flag=bg}} and add {{player|SHiPZ|flag=bg}} as a stand-in for the event. }} }}
Thunderpick/World_Championship/2026,Thunderpick/World_Championship/2026,INFINITE,"kreaz,Blytz,volt,hades,kyuubii",
Thunderpick/World_Championship/2026,Thunderpick/World_Championship/2026,1w Team,"nafany,Ax1Le,ArtFr0st,fame,BELCHONOKK",
Thunderpick/World_Championship/2026,Thunderpick/World_Championship/2026,Wildcard,"reck,mhL,HexT,nEMANHA,Cxzi",
Thunderpick/World_Championship/2026,Thunderpick/World_Championship/2026,vasco,,
Thunderpick/World_Championship/2026,Thunderpick/World_Championship/2026,BESTIA,"tomaszin,cass1n,timo,buda,nacho",
Thunderpick/World_Championship/2026,Thunderpick/World_Championship/2026,LargadosyPelados,"happ,zmb,Leomonster,link=divine (Brazilian player),Alisson",
Thunderpick/World_Championship/2026,Thunderpick/World_Championship/2026,Imperial Esports,"VINI,noway,chelo,decenty,saadzin",{{Notes |{{Notes|July 7th - '''[[Imperial Esports]]''' bench {{player|levi|link=levi (Brazilian player)|flag=br}}. }} |{{Notes|July 10th - '''[[Imperial Esports]]''' acquire {{player|saadzin|flag=br}} from '''[[Legacy]]'''. }} }}
Thunderpick/World_Championship/2026,Thunderpick/World_Championship/2026,Bounty Hunters Esports,"KAISER,link=zock (Uruguayan player),fREQ,ponter,pepe",
Thunderpick/World_Championship/2026,Thunderpick/World_Championship/2026,Fake do Biru,"hardzao,PKL,detr0ittJ,pesadelo,b4rtiN",
Thunderpick/World_Championship/2026,Thunderpick/World_Championship/2026,Yawara E-Sports,"j0w,tele,deemO,r3kt,edv",
Thunderpick/World_Championship/2026,Thunderpick/World_Championship/2026,Keyd Stars,"lash,matios,xureba,zede,ckzao",
Thunderpick/World_Championship/2026,Thunderpick/World_Championship/2026,Isurus,"deco,atarax1a,Hezz,dott1,rzk",
Thunderpick/World_Championship/2026,Thunderpick/World_Championship/2026,UNO MILLE,"cLd,rem1x,ALLE,drg,pancc",
Thunderpick/World_Championship/2026,Thunderpick/World_Championship/2026,MIBR Academy,"stormzyn,flag=br,flag=br,flag=br,flag=br",
Thunderpick/World_Championship/2026,Thunderpick/World_Championship/2026,Metanoia Wolves,"spinnie,flag=br,flag=br,flag=br,flag=br",
Thunderpick/World_Championship/2026,Thunderpick/World_Championship/2026,paiN Gaming Academy,"flag=br,flag=br,flag=br,flag=br,Misfit",
ESL/Pro_League/Season_24,ESL/Pro_League/Season_24,Team Spirit,"magixx,zont1x,donk,sh1ro,tN1R",
ESL/Pro_League/Season_24,ESL/Pro_League/Season_24,Team Falcons,"NiKo,TeSeS,m0NESY,kyousuke,karrigan",
ESL/Pro_League/Season_24,ESL/Pro_League/Season_24,MOUZ,"torzsi,xertioN,Spinx,xelex,PR",
ESL/Pro_League/Season_24,ESL/Pro_League/Season_24,9z Team,"max,HUASOPEEK,luchov,meyern,dgt",
ESL/Pro_League/Season_24,ESL/Pro_League/Season_24,Team Vitality,"apEX,ZywOo,flameZ,mezii,ropz",
ESL/Pro_League/Season_24,ESL/Pro_League/Season_24,Natus Vincere,"b1t,Aleksib,iM,w0nderful,makazze",
ESL/Pro_League/Season_24,ESL/Pro_League/Season_24,Legacy,"latto,dumau,n1ssim,try,bobz",{{Notes |{{Notes|September 27th - {{player|bobz|flag=br}} stands in for {{player|arT|flag=br}} who misses the event due to health issues. }} }}
ESL/Pro_League/Season_24,ESL/Pro_League/Season_24,FURIA,"yuurih,KSCERATO,FalleN,molodoy,YEKINDAR",
ESL/Pro_League/Season_24,ESL/Pro_League/Season_24,BetBoom Team,"s1ren,zorte,Magnojez,Boombl4,d1Ledez",
ESL/Pro_League/Season_24,ESL/Pro_League/Season_24,Aurora Gaming,"XANTARES,Wicadia,woxic,Jimpphat,kyxsan",
ESL/Pro_League/Season_24,ESL/Pro_League/Season_24,G2 Esports,"huNter-,HeavyGod,matys,NertZ,r1nkle",
ESL/Pro_League/Season_24,ESL/Pro_League/Season_24,PARIVISION,"Jame,xiELO,zweih,FL1T,HObbit",{{Notes |{{Notes|September 17th - '''[[PARIVISION]]''' bench {{player|slaxejezzz|flag=ru}} and sign {{player|HObbit|flag=kz}}. }} }}
ESL/Pro_League/Season_24,ESL/Pro_League/Season_24,1w Team,"nafany,Ax1Le,ArtFr0st,fame,BELCHONOKK",{{Notes |{{Notes|July 15th - '''[[TDK]]''' part ways with {{player|sugaR|flag=az}} and {{player|Xant3r|flag=ru}}. }} |{{Notes|July 17th - '''[[TDK]]''' add {{player|fame|flag=ru}} and {{player|BELCHONOKK|flag=ru}}. }} |{{Notes|August 1st - '''[[TDK]]''' are signed by '''[[1w Team]]'''. }} }}
ESL/Pro_League/Season_24,ESL/Pro_League/Season_24,M80,"Swisher,slaxz-,s1n,Lake,JBa",
ESL/Pro_League/Season_24,ESL/Pro_League/Season_24,ShindeN,"abizz,ivz,naz,tom1jed,guty",
ESL/Pro_League/Season_24,ESL/Pro_League/Season_24,TYLOO,"JamYoung,Moseyuh,Mercury,Jee,link=Zero (Su Jingshen)",
Esports_World_Cup/2026,Esports_World_Cup/2026,donk,,
Esports_World_Cup/2026,Esports_World_Cup/2026,Legacy,"latto,dumau,n1ssim,arT,try",{{Notes |{{Notes|June 15th - '''[[Legacy]]''' bench {{player|n1ssim|flag=br}}. }} |{{Notes|July 9th - '''[[Legacy]]''' reinstate {{player|n1ssim|flag=br}} to the statring lineup. }} |{{Notes|July 10th - {{player|saadzin|flag=br}} is acquired by '''[[Imperial Esports]]'''. }} |{{Notes|July 11th - '''[[Legacy]]''' acquire {{player|try|flag=ar}} from '''[[Imperial Esports]]'''. }} }}
Esports_World_Cup/2026,Esports_World_Cup/2026,FURIA,"yuurih,KSCERATO,FalleN,molodoy,YEKINDAR",
Esports_World_Cup/2026,Esports_World_Cup/2026,The MongolZ,"bLitz,Techno4K,910,tikuak,flag=mn","{{Notes |{{Notes|July 9th - {{player|mzinho|flag=mn}} is acquired by '''[[BC.Game Esports]]'''. }} |{{Notes|July 12th - '''[[The MongolZ]]''' bench {{player|cobrazera|flag=mn}}, acquire {{player|tikuak|flag=mn}} from '''[[Chinggis Warriors]]''', and promote {{player|DarkMeister|flag=mn}} from '''[[The MongolZ Academy|academy team]]'''. }} |{{Notes|July 28th - {{player|maaRaa|flag=mn}} misses the event due to unspecified reasons. }} }}"
Esports_World_Cup/2026,Esports_World_Cup/2026,Team Vitality,"apEX,ZywOo,flameZ,mezii,ropz",
Esports_World_Cup/2026,Esports_World_Cup/2026,Team Spirit,"magixx,zont1x,donk,sh1ro,tN1R",
Esports_World_Cup/2026,Esports_World_Cup/2026,Team Falcons,"NiKo,TeSeS,m0NESY,kyousuke,karrigan",
Esports_World_Cup/2026,Esports_World_Cup/2026,Natus Vincere,"b1t,Aleksib,iM,w0nderful,makazze",
Esports_World_Cup/2026,Esports_World_Cup/2026,MOUZ,"torzsi,xertioN,Spinx,xelex,PR",{{Notes |{{Notes|July 14th - '''[[MOUZ]]''' acquire {{player|PR|flag=cz}} from '''[[GamerLegion]]''' to complete their roster. }} }}
Esports_World_Cup/2026,Esports_World_Cup/2026,Aurora Gaming,"XANTARES,Wicadia,woxic,Jimpphat,kyxsan","{{Notes |{{Notes|June 29th - '''[[Aurora Gaming]]''' bench {{player|Fabre|flag=tr}}. }} |{{Notes|July 2nd - '''[[Aurora Gaming]]''' bench {{player|MAJ3R|flag=tr}} and {{player|soulfly|flag=tr}}. }} |{{Notes|July 3rd - '''[[Aurora Gaming]]''' sign {{player|Jimpphat|flag=fi}} and {{player|ashhh|flag=uk}}, the latter as the team's coach. }} |{{Notes|July 8th - '''[[Aurora Gaming]]''' acquire {{player|kyxsan|flag=mk}} from '''[[Team Falcons]]''' to complete their roster. }} }}"
Esports_World_Cup/2026,Esports_World_Cup/2026,GamerLegion,"Tauson,REZ,hypex,Snax,FL4MUS",{{Notes |{{Notes|July 14th - {{player|PR|flag=cz}} is acquired by '''[[MOUZ]]'''. }} |{{Notes|July 17th - '''[[GamerLegion]]''' acquire {{player|FL4MUS|flag=ru}} from '''[[Virtus.pro]]'''. }} }}
Esports_World_Cup/2026,Esports_World_Cup/2026,Astralis,"Staehr,jabbi,HooXi,phzy,link=ryu (Lithuanian player)",{{Notes |{{Notes|June 15th - '''[[Astralis]]''' part ways with {{player|ruggah|flag=dk}}. }} |{{Notes|July 16th - '''[[Astralis]]''' sign {{player|NEO|flag=pl}} as the team's coach. }} }}
Esports_World_Cup/2026,Esports_World_Cup/2026,FUT Esports,"dem0n,Krabeni,cmtry,dziugss,xfl0ud",{{Notes |{{Notes|July 7th - '''[[FUT Esports]]''' bench {{player|lauNX|flag=ro}} and acquire {{player|xfl0ud|flag=tr}} from '''[[HEROIC]]''' as his replacement. }} }}
Esports_World_Cup/2026,Esports_World_Cup/2026,G2 Esports,"huNter-,HeavyGod,matys,NertZ,r1nkle",{{Notes |{{Notes|June 25th - '''[[G2 Esports]]''' bench {{player|SunPayus|flag=es}} and acquire {{player|r1nkle|flag=ua}} from '''[[Ninjas in Pyjamas]]''' as his replacement. }} }}
Esports_World_Cup/2026,Esports_World_Cup/2026,B8,"npl,esenthial,alex666,kensizor,s1zzi",
Esports_World_Cup/2026,Esports_World_Cup/2026,magic,"MaSvAl,tenzy,sFade8,AW,mo0N",{{Notes |{{Notes|June 9th - '''[[magic]]''' part ways with {{player|bullet|link=bullet (Russian player)|flag=ru}}. }} }}
Esports_World_Cup/2026,Esports_World_Cup/2026,FaZe Clan,"frozen,jcobbb,Twistzz,JBOEN,Neityu",{{Notes |{{Notes|June 25th - '''[[FaZe Clan]]''' bench {{player|broky|flag=lv}} and acquire {{player|JBOEN|flag=dk}} on loan from '''[[BIG Academy]]''' until the end of the season as his replacement. }} |{{Notes|August 11th - '''[[FaZe Clan]]''' acquire {{player|Neityu|flag=fr}} from '''[[ENCE]]'''. }} }}
Esports_World_Cup/2026,Esports_World_Cup/2026,Wildcard,"reck,mhL,HexT,nEMANHA,Cxzi",
Esports_World_Cup/2026,Esports_World_Cup/2026,M80,"Swisher,slaxz-,s1n,Lake,JBa",
Esports_World_Cup/2026,Esports_World_Cup/2026,TYLOO,"JamYoung,Moseyuh,Mercury,Jee,link=Zero (Su Jingshen)",
Esports_World_Cup/2026,Esports_World_Cup/2026,PARIVISION,"Jame,xiELO,zweih,slaxejezzz,FL1T",{{Notes |{{Notes|June 17th - '''[[PARIVISION]]''' bench and transfer-list {{player|BELCHONOKK|flag=ru}} and add {{player|HObbit|flag=kz}} as a stand-in. }} |{{Notes|June 19th - '''[[PARIVISION]]''' bench and transfer-list {{player|nota|flag=ru}} and sign {{player|slaxejezzz|flag=ru}} as his replacement. }} |{{Notes|July 29th - '''[[PARIVISION]]''' part ways with {{player|HObbit|flag=kz}} and acquire {{player|FL1T|flag=ru}} from '''[[Virtus.pro]]''' as his replacement. }} }}
Esports_World_Cup/2026,Esports_World_Cup/2026,9z Team,"max,HUASOPEEK,luchov,meyern,dgt",
Esports_World_Cup/2026,Esports_World_Cup/2026,BetBoom Team,"s1ren,zorte,Magnojez,Boombl4,d1Ledez",{{Notes |{{Notes|July 2nd - '''[[BetBoom Team]]''' part ways with {{player|FL4MUS|flag=ru}} upon the expiration of his loan. }} }}
Esports_World_Cup/2026,Esports_World_Cup/2026,paiN Gaming,"biguzera,snow,piriajr,v$m,saffee",
Esports_World_Cup/2026,Esports_World_Cup/2026,MIBR <!--Do not change the team name-->,"brnz4n,insani,LNZ,venomzera,nqz",{{Notes |{{Notes|June 26th - '''[[MIBR]]''' acquire {{player|nqz|flag=br}} from '''[[paiN Gaming]]''' as {{player|kl1m|flag=ru}}'s loan ends and he returns to '''[[G2 Ares]]'''. }} }}
Esports_World_Cup/2026,Esports_World_Cup/2026,Luminosity Gaming,"afro,AZUWU,Bymas,Rainwaker,lux","{{Notes |{{Notes|July 1st - '''[[Luminosity Gaming]]''' announce their entry into ''[[Counter-Strike 2]]'' by acquiring {{player|Rainwaker|flag=bg}} from '''[[Monte]]''' and signing {{player|afro|flag=fr}}, {{player|AZUWU|flag=uk}}, {{player|Bymas|flag=lt}}, and {{player|lux|flag=br}}. }} }}"
Esports_World_Cup/2026,Esports_World_Cup/2026,Ninjas in Pyjamas,"sjuush,Snappi,xKacpersky,stavn,n0te",{{Notes |{{Notes|June 13th - '''[[Ninjas in Pyjamas]]''' bench {{player|cairne|flag=ua}}. }} |{{Notes|June 22nd - '''[[Ninjas in Pyjamas]]''' promote {{Player|n0te|flag=be}} from the '''[[Young Ninjas]]''' as a stand-in. }} }}
Esports_World_Cup/2026,Esports_World_Cup/2026,3DMAX,"link=Lucky (French player),Maka,Graviti,misutaaa,Kursy",{{Notes |{{Notes|June 24th - '''[[3DMAX]]''' bench {{player|Ex3rcice|flag=fr}} and sign {{player|Kursy|flag=fr}} as his replacement. }} }}
Esports_World_Cup/2026,Esports_World_Cup/2026,Lynn Vision Gaming,"westmelon,z4kr,EmiliaQAQ,Starry,C4LLM3SU3",
Esports_World_Cup/2026,Esports_World_Cup/2026,100t,"rain,poiii,sirah,dev1ce,Gizmy",
Esports_World_Cup/2026,Esports_World_Cup/2026,100 Thieves,"rain,poiii,sirah,dev1ce,Gizmy",
Esports_World_Cup/2026,Esports_World_Cup/2026,1w Team,"nafany,Ax1Le,ArtFr0st,fame,BELCHONOKK",
Esports_World_Cup/2026,Esports_World_Cup/2026,Acend,"SPELLAN,Skrimo,KalubeR,h4rn,REDSTAR",
Esports_World_Cup/2026,Esports_World_Cup/2026,BC.Game Esports,"s1mple,electroNic,Senzu,Magisk,mzinho",
Esports_World_Cup/2026,Esports_World_Cup/2026,Betclic Apogee Esports,"Prism,Demho,Qlocuu,Ex1st,fr3nd",
Esports_World_Cup/2026,Esports_World_Cup/2026,BIG,"tabseN,JDC,gr1ks,blameF,faveN",
Esports_World_Cup/2026,Esports_World_Cup/2026,EYEBALLERS,"JW,dex,Ro1f,maxster,KRIMZ",
Esports_World_Cup/2026,Esports_World_Cup/2026,Fnatic,"fear,jambo,jackasmo,cairne,mazay",
Esports_World_Cup/2026,Esports_World_Cup/2026,GenOne,"Chuckyy,Brooxsy,Djoko,Keoz,flag=fr",
Esports_World_Cup/2026,Esports_World_Cup/2026,HEROIC,"nilo,Chr1zN,susp,Martinez,Brollan",
Esports_World_Cup/2026,Esports_World_Cup/2026,HOTU,"link=mizu (Russian player),kade0,frontales,n0rb3r7,dwushka",
Esports_World_Cup/2026,Esports_World_Cup/2026,IC Esports,"onic,Dawy,zeRRoFIX,cptkurtka023,headtr1ck",
Esports_World_Cup/2026,Esports_World_Cup/2026,JiJieHao,"m1N1,bibu,0SAMAS,sinnopsyy,CacaNito",
Esports_World_Cup/2026,Esports_World_Cup/2026,K27,"kashl1d,xeedo,qw1nk1,X5G7V,clax",
Esports_World_Cup/2026,Esports_World_Cup/2026,Phantom Esports,"Kylar,KEi,TMB,nicoodoz,cej0t",
Esports_World_Cup/2026,Esports_World_Cup/2026,Sashi Esport,"Cabbi,Zyphon,MistR,acoR,Anlelele",
Esports_World_Cup/2026,Esports_World_Cup/2026,9INE,"raalz,kraghen,Flayy,b1elany,St0m4k",
Esports_World_Cup/2026,Esports_World_Cup/2026,ASTRAL Esports,"flag=lv,flag=ee,RaY5ive,gxx-,swiz",
Esports_World_Cup/2026,Esports_World_Cup/2026,DENDELE CS,"gafolo,rdnzao,doc,koala,maxxkor",
Esports_World_Cup/2026,Esports_World_Cup/2026,Echo,"Leakz,salazar,NickyB,IceBerg,Boye",
Esports_World_Cup/2026,Esports_World_Cup/2026,Eternal Fire,"jottAAA,regali,MisteM,Kvem,br0",
Esports_World_Cup/2026,Esports_World_Cup/2026,Fluxo W7M,"zevy,kye,exit,dav1deuS,ltz",
Esports_World_Cup/2026,Esports_World_Cup/2026,FOKUS,"Matheos,Banjo,ztr,podi,jocab",
Esports_World_Cup/2026,Esports_World_Cup/2026,Iberian Soul,"mopoz,dav1g,sausol,link=alex (Spanish player),CRUC1AL",{{Notes |{{Notes|August 7 - '''[[Iberian Soul]]''' reforms after '''[[Gentle Mates]]''' part ways with their lineup. }} }}
Esports_World_Cup/2026,Esports_World_Cup/2026,INFINITE,"kreaz,Dytor,sl3nd,Blytz,volt",
Esports_World_Cup/2026,Esports_World_Cup/2026,NRG,"nitr0,link=Sonic (South African player),Grim,Jeorge,hallzerk",
Esports_World_Cup/2026,Esports_World_Cup/2026,OG,"spooke,adamb,cadiaN,bodyy,pr1metapz",
Esports_World_Cup/2026,Esports_World_Cup/2026,Prestige Esport,"fejtZ,qx,flag=dk,jelo,oopee",{{Notes |{{Notes|August 6th - '''[[Prestige Esport]]''' bench {{player|Folke|flag=dk}} and sign {{player|oopee|flag=fi}}. }} |{{Notes|August 7th - '''[[Prestige Esport]]''' sign {{player|ko5te|flag=dk}} as the team's coach. }} }}
Esports_World_Cup/2026,Esports_World_Cup/2026,SAW,"ewjerkz,NOPEEj,MUTiRiS,krazy,story",
Esports_World_Cup/2026,Esports_World_Cup/2026,SINNERS Esports,"beastik,SHOCK,kisserek,stressarN,MoDo",
Esports_World_Cup/2026,Esports_World_Cup/2026,Team Liquid,"NAF,EliGE,malbsMd,Jorko,JT",
Esports_World_Cup/2026,Esports_World_Cup/2026,Virtus.pro,"tO0RO,b1st,mir,AquaRS,F0R3VER",
Esports_World_Cup/2026,Esports_World_Cup/2026,6666 Esports,"flag=ua,flag=md,rendysky,amster,kL1o",
Esports_World_Cup/2026,Esports_World_Cup/2026,ABT Esports,"flag=pt,flag=pt,flag=pt,flag=pt,link=blaze (Portuguese player)",
Esports_World_Cup/2026,Esports_World_Cup/2026,Aogiri,"flag=fr,flag=fr,flag=fr,flag=fr,flag=fr",
Esports_World_Cup/2026,Esports_World_Cup/2026,BASEMENT BOYS,"Tr0ublE,OWNER,fakerealityy,maggent,kr1vda",
Esports_World_Cup/2026,Esports_World_Cup/2026,Citron Esport,"Zeusa,flag=fr,flag=fr,link=Ethan (French player),flag=fr",
Esports_World_Cup/2026,Esports_World_Cup/2026,Dark Tigre,"flag=fr,flag=fr,flag=fr,flag=fr,flag=ua",
Esports_World_Cup/2026,Esports_World_Cup/2026,Dhala Esport,"flag=fr,flag=fr,flag=fr,AZIDOT,flag=fr",
Esports_World_Cup/2026,Esports_World_Cup/2026,DUSTY,"flag=is,flag=is,flag=is,peterr,link=Tony (Icelandic player)",
Esports_World_Cup/2026,Esports_World_Cup/2026,Esport Academy Copenhagen,"bekker,n1Xen,sSen,anber,Fessor",
Esports_World_Cup/2026,Esports_World_Cup/2026,FKOMAR_FPL-C,"flag=ua,flag=ua,flag=ua,flag=ua,flag=ua",
Esports_World_Cup/2026,Esports_World_Cup/2026,Galactik Rebels 501st,"flag=fr,flag=fr,flag=fr,flag=fr,flag=fr",
Esports_World_Cup/2026,Esports_World_Cup/2026,Giant Pandas,"flag=ua,flag=ua,flag=ua,flag=ua,flag=ua",
Esports_World_Cup/2026,Esports_World_Cup/2026,lafox,"flag=fr,link=Matt (French player),flag=fr,flag=fr,flag=be",
Esports_World_Cup/2026,Esports_World_Cup/2026,levelONE esports,"flag=al,flag=al,flag=mk,tonzah,flag=xk",
Esports_World_Cup/2026,Esports_World_Cup/2026,MANGANESE,"flag=fr,flag=fr,flag=fr,flag=be,flag=fr",
Esports_World_Cup/2026,Esports_World_Cup/2026,Metizport,"Plopski,MaiL09,forsyy,stanislaw,F1KU",
Esports_World_Cup/2026,Esports_World_Cup/2026,Nade Gaming,"flag=al,flag=al,flag=al,flag=al,flag=al",
Esports_World_Cup/2026,Esports_World_Cup/2026,NIO Esports,"flag=fr,flag=fr,flag=fr,flag=fr,flag=fr",
Esports_World_Cup/2026,Esports_World_Cup/2026,Orion Wanderers,"flag=br,flag=hu,flag=fr,flag=pl,flag=hr",
Esports_World_Cup/2026,Esports_World_Cup/2026,Partizan Esports,"flag=ba,flag=rs,flag=rs,flag=ba,flag=hr",
Esports_World_Cup/2026,Esports_World_Cup/2026,PASSION CHICHA,"flag=fr,flag=fr,flag=fr,flag=fr,flag=fr",
Esports_World_Cup/2026,Esports_World_Cup/2026,QueenConso,"flag=fr,XpG,nonick,link=FARIS (French player),Kan4",
Esports_World_Cup/2026,Esports_World_Cup/2026,REM,"flag=cz,flag=cz,flag=cz,flag=cz,flag=cz",
Esports_World_Cup/2026,Esports_World_Cup/2026,REVENIX,"flag=ua,flag=ua,flag=ua,flag=ua,flag=ua",
Esports_World_Cup/2026,Esports_World_Cup/2026,SadFamous,"flag=ua,flag=ua,flag=ua,flag=ua,flag=ua",
Esports_World_Cup/2026,Esports_World_Cup/2026,Sangal Esports,"flag=tr,Joey,puuha,adamS,bnox",
Esports_World_Cup/2026,Esports_World_Cup/2026,Spirit Esports,"flag=hu,flag=hu,flag=hu,flag=hu,flag=hu",
Esports_World_Cup/2026,Esports_World_Cup/2026,team_Kreazion,"flag=fr,flag=fr,flag=fr,flag=fr,flag=fr",
Esports_World_Cup/2026,Esports_World_Cup/2026,Vael,"flag=mk,flag=mk,flag=mk,flag=mk,flag=ee",
Esports_World_Cup/2026,Esports_World_Cup/2026,Vandulken,"flag=ua,flag=ua,flag=ua,flag=ua,flag=ua",
Esports_World_Cup/2026,Esports_World_Cup/2026,z to forward,"AMANEK,flag=fr,flag=fr,flag=fr,flag=fr",
Esports_World_Cup/2026,Esports_World_Cup/2026,Zeste Esport,"flag=fr,flag=fr,flag=fr,flag=fr,flag=fr",
Intel_Extreme_Masters/2026/Cologne,Intel_Extreme_Masters/2026/Cologne,Team Vitality,"apEX,ZywOo,flameZ,mezii,ropz,played=false",
Intel_Extreme_Masters/2026/Cologne,Intel_Extreme_Masters/2026/Cologne,Natus Vincere,"b1t,Aleksib,iM,w0nderful,makazze,played=false",
Intel_Extreme_Masters/2026/Cologne,Intel_Extreme_Masters/2026/Cologne,Team Falcons,"NiKo,TeSeS,played=false,m0NESY,kyousuke",
Intel_Extreme_Masters/2026/Cologne,Intel_Extreme_Masters/2026/Cologne,The MongolZ,"bLitz,Techno4K,910,mzinho,cobrazera",
Intel_Extreme_Masters/2026/Cologne,Intel_Extreme_Masters/2026/Cologne,PARIVISION,"BELCHONOKK,Jame,nota,xiELO,zweih",
Intel_Extreme_Masters/2026/Cologne,Intel_Extreme_Masters/2026/Cologne,Aurora Gaming,"XANTARES,MAJ3R,Wicadia,woxic,soulfly,played=false",
Intel_Extreme_Masters/2026/Cologne,Intel_Extreme_Masters/2026/Cologne,FURIA,"yuurih,KSCERATO,FalleN,molodoy,YEKINDAR",
Intel_Extreme_Masters/2026/Cologne,Intel_Extreme_Masters/2026/Cologne,MOUZ,"torzsi,xertioN,played=false,Brollan,Spinx",
Intel_Extreme_Masters/2026/Cologne,Intel_Extreme_Masters/2026/Cologne,FUT Esports,"dem0n,Krabeni,cmtry,dziugss,lauNX",
Intel_Extreme_Masters/2026/Cologne,Intel_Extreme_Masters/2026/Cologne,Team Spirit,"magixx,zont1x,donk,sh1ro,tN1R,played=false",{{Notes |{{Notes|June 4th - {{player|hally|flag=ru}} misses the event due to health issues. }} }}
Intel_Extreme_Masters/2026/Cologne,Intel_Extreme_Masters/2026/Cologne,Astralis,"Staehr,jabbi,HooXi,phzy,link=ryu (Lithuanian player),played=false",
Intel_Extreme_Masters/2026/Cologne,Intel_Extreme_Masters/2026/Cologne,G2 Esports,"huNter-,HeavyGod,SunPayus,matys,NertZ,played=false",
Intel_Extreme_Masters/2026/Cologne,Intel_Extreme_Masters/2026/Cologne,Legacy,"latto,dumau,saadzin,n1ssim,arT",{{Notes |{{Notes|June 13th - {{player|adr|flag=br}} is barred from coaching the team for the remainder of the event after multiple communication infractions. }} }}
Intel_Extreme_Masters/2026/Cologne,Intel_Extreme_Masters/2026/Cologne,paiN Gaming,"biguzera,played=false,snow,piriajr,v$m",
Intel_Extreme_Masters/2026/Cologne,Intel_Extreme_Masters/2026/Cologne,Monte,"Gizmy,afro,AZUWU,Bymas,Rainwaker",
Intel_Extreme_Masters/2026/Cologne,Intel_Extreme_Masters/2026/Cologne,9z Team,"max,HUASOPEEK,luchov,meyern,dgt",
Intel_Extreme_Masters/2026/Cologne,Intel_Extreme_Masters/2026/Cologne,GamerLegion,"Tauson,PR,REZ,hypex,Snax,played=false",
Intel_Extreme_Masters/2026/Cologne,Intel_Extreme_Masters/2026/Cologne,B8,"npl,esenthial,alex666,kensizor,s1zzi,played=false",
Intel_Extreme_Masters/2026/Cologne,Intel_Extreme_Masters/2026/Cologne,HEROIC,"yxngstxr,xfl0ud,nilo,Chr1zN,susp,played=false",
Intel_Extreme_Masters/2026/Cologne,Intel_Extreme_Masters/2026/Cologne,BetBoom Team,"played=false,zorte,Magnojez,Boombl4,FL4MUS",{{Notes |{{Notes|June 2nd - {{player|s1ren|flag=ru}} misses the event for an unspecified reason. }} }}
Intel_Extreme_Masters/2026/Cologne,Intel_Extreme_Masters/2026/Cologne,BIG,"tabseN,JDC,gr1ks,blameF,faveN,played=false",
Intel_Extreme_Masters/2026/Cologne,Intel_Extreme_Masters/2026/Cologne,M80,"Swisher,slaxz-,s1n,Lake,JBa,played=false",
Intel_Extreme_Masters/2026/Cologne,Intel_Extreme_Masters/2026/Cologne,MIBR,"brnz4n,insani,kl1m,LNZ,venomzera,played=false",
Intel_Extreme_Masters/2026/Cologne,Intel_Extreme_Masters/2026/Cologne,SINNERS Esports,"beastik,SHOCK,kisserek,stressarN,MoDo,played=false",
Intel_Extreme_Masters/2026/Cologne,Intel_Extreme_Masters/2026/Cologne,NRG,"oSee,nitr0,br0,link=Sonic (South African player),Grim",
Intel_Extreme_Masters/2026/Cologne,Intel_Extreme_Masters/2026/Cologne,TYLOO,"JamYoung,Moseyuh,Mercury,Jee,link=Zero (Su Jingshen),played=false",
Intel_Extreme_Masters/2026/Cologne,Intel_Extreme_Masters/2026/Cologne,Sharks Esports,"gafolo,rdnzao,doc,koala,maxxkor,played=false",
Intel_Extreme_Masters/2026/Cologne,Intel_Extreme_Masters/2026/Cologne,Gaimin Gladiators,"JOTA,NEKIZ,played=false,HEN1,Luken",
Intel_Extreme_Masters/2026/Cologne,Intel_Extreme_Masters/2026/Cologne,Team Liquid,"NAF,ultimate,siuhy,EliGE,malbsMd,played=false",
Intel_Extreme_Masters/2026/Cologne,Intel_Extreme_Masters/2026/Cologne,Lynn Vision Gaming,"westmelon,z4kr,EmiliaQAQ,Starry,C4LLM3SU3",
Intel_Extreme_Masters/2026/Cologne,Intel_Extreme_Masters/2026/Cologne,THUNDERdOWNUNDER,"asap,TjP,aliStair,dexter,Liazz",
Intel_Extreme_Masters/2026/Cologne,Intel_Extreme_Masters/2026/Cologne,FlyQuest,"INS,Vexite,nettik,jks,story",
CS_Asia_Championships/2026,CS_Asia_Championships/2026,PARIVISION,"BELCHONOKK,Jame,nota,xiELO,zweih",
CS_Asia_Championships/2026,CS_Asia_Championships/2026,Team Falcons,"NiKo,TeSeS,m0NESY,kyousuke,karrigan",{{Notes |{{Notes|April 20th - '''[[Team Falcons]]''' bench {{player|kyxsan|flag=mk}} and acquire {{player|karrigan|flag=dk}} from '''[[FaZe Clan]]''' as his replacement. }} }}
CS_Asia_Championships/2026,CS_Asia_Championships/2026,MOUZ,"torzsi,xertioN,Spinx,xelex,jL","{{Notes |{{Notes|April 18th - '''[[MOUZ]]''' bench {{player|Jimpphat|flag=fi}} and {{player|Brollan|flag=se}}, promote {{player|xelex|flag=hu}} from '''[[MOUZ NXT]]''', and acquire {{player|jL|flag=lt}} on loan from '''[[Natus Vincere]]''' as their replacements. }} }}"
CS_Asia_Championships/2026,CS_Asia_Championships/2026,The MongolZ,"bLitz,Techno4K,910,mzinho,cobrazera",
CS_Asia_Championships/2026,CS_Asia_Championships/2026,Team Liquid,"NAF,ultimate,siuhy,EliGE,malbsMd",{{Notes |{{Notes|May 20th - {{player|flashie|flag=hu}} stands in for {{player|malbsMd|flag=gt}} on day 1 of the event due to visa issues. }} }}
CS_Asia_Championships/2026,CS_Asia_Championships/2026,B8,"npl,esenthial,alex666,kensizor,flag=ua",
CS_Asia_Championships/2026,CS_Asia_Championships/2026,3DMAX,"link=Lucky (French player),Ex3rcice,Maka,Graviti,misutaaa",
CS_Asia_Championships/2026,CS_Asia_Championships/2026,Legacy,"latto,dumau,saadzin,n1ssim,arT",{{Notes |{{Notes|April 22nd - {{player|RiVAS|flag=br}} steps down from the active lineup while {{player|adr|flag=br}} takes over as interim coach. }} }}
CS_Asia_Championships/2026,CS_Asia_Championships/2026,NRG,"oSee,nitr0,link=Sonic (South African player),Grim,daps",{{Notes |{{Notes|May 20th - {{player|br0|flag=dk}} will miss the event after day one due to a family emergency. {{player|daps|flag=ca}} will stand in for the remainder of the event. }} }}
CS_Asia_Championships/2026,CS_Asia_Championships/2026,paiN Gaming,"biguzera,snow,piriajr,v$m,saffee",{{Notes |{{Notes|April 6th - {{player|nqz|flag=br}} temporarily steps down from '''[[paiN Gaming]]'''<nowiki>'s</nowiki> starting lineup for personal reasons. }} |{{Notes|April 9th - '''[[paiN Gaming]]''' acquire {{player|piriajr|flag=br}} from '''[[Bounty Hunters Esports]]''' on a permanent basis. }} |{{Notes|April 22nd - '''[[paiN Gaming]]''' acquire {{player|saffee|flag=br}} from [[MIBR]]. }} }}
CS_Asia_Championships/2026,CS_Asia_Championships/2026,M80,"Swisher,slaxz-,s1n,Lake,JBa",
CS_Asia_Championships/2026,CS_Asia_Championships/2026,BC.Game Esports,"s1mple,electroNic,krazy,Senzu,ScrunK",{{Notes |{{Notes|April 14th - '''[[BC.Game Esports]]''' bench {{Player|MUTiRiS|flag=pt}} and {{Player|aragornN|flag=pt}}. }} |{{Notes|April 27th - '''[[BC.Game Esports]]''' acquire {{Player|Senzu|flag=mn}} on loan from '''[[The MongolZ]]''' and add {{Player|ScrunK|flag=de}} as a stand-in for the event. }} }}
CS_Asia_Championships/2026,CS_Asia_Championships/2026,MIBR,"brnz4n,insani,kl1m,LNZ,venomzera",
CS_Asia_Championships/2026,CS_Asia_Championships/2026,Ninjas in Pyjamas,"sjuush,Snappi,xKacpersky,cairne,stavn",{{Notes |{{Notes|April 27th - '''[[Aurora Gaming]]''' withdraw from the event due to visa issues; they are replaced by '''[[Ninjas in Pyjamas]]'''. }} }}
CS_Asia_Championships/2026,CS_Asia_Championships/2026,Aurora Gaming,"XANTARES,MAJ3R,Wicadia,woxic,soulfly",{{Notes|{{Notes|April 27th - '''[[Aurora Gaming]]''' withdraw from the event due to visa issues; they are replaced by '''[[Ninjas in Pyjamas]]'''. }}}}
CS_Asia_Championships/2026,CS_Asia_Championships/2026,FlyQuest,"INS,Vexite,nettik,jks,story",
CS_Asia_Championships/2026,CS_Asia_Championships/2026,Lynn Vision Gaming,"westmelon,z4kr,EmiliaQAQ,Starry,C4LLM3SU3",
CS_Asia_Championships/2026,CS_Asia_Championships/2026,Rare Atom,"Summer,L1haNg,TiGeR,chengking,x9",{{Notes |{{Notes|March 8th - '''[[Rare Atom]]''' acquire {{Player|x9|flag=cn}} from '''[[FengDa Gaming]]'''. }} }}
CS_Asia_Championships/2026,CS_Asia_Championships/2026,TYLOO,"JamYoung,Moseyuh,Mercury,Jee,link=zero (Su Jingshen)",
CS_Asia_Championships/2026,CS_Asia_Championships/2026,Morningstar,"SPine,link=rage (Chinese player),suki,SasiKi,link=rubeN (Chinese player)",{{Notes |{{Notes|March 8th - '''[[Morningstar]]''' sign {{player|zeroX1n|flag=cn}}. }} }}
CS_Asia_Championships/2026,CS_Asia_Championships/2026,The Huns Esports,"nin9,Bart4k,xerolte,sk0R,controlez",
CS_Asia_Championships/2026,CS_Asia_Championships/2026,FengDa Gaming,"p5p,3gl,Trash,afufu,zy",{{Notes |{{Notes|March 8th - {{Player|x9|flag=cn}} is acquired by '''[[Rare Atom]]'''. }} }}
CS_Asia_Championships/2026,CS_Asia_Championships/2026,Chinggis Warriors,"ROUX,efire,cool4st,flag=mn,flag=mn",
CS_Asia_Championships/2026,CS_Asia_Championships/2026,Change The Game,"LaiKeXu,957,Hack1ng,VanceKK,ProKiller",
CS_Asia_Championships/2026,CS_Asia_Championships/2026,Chaos Gaming General,"flag=cn,flag=cn,flag=cn,flag=cn,flag=cn",
CS_Asia_Championships/2026,CS_Asia_Championships/2026,100RA,"link=shinobi (Mongolian player),flag=mn,sideffect,xenization,link=ATTACKER (Mongolian player)",
CS_Asia_Championships/2026,CS_Asia_Championships/2026,NEXVOID,"erkaSt,AccuracyTG,Zesta,flag=mn,MiQ",
CS_Asia_Championships/2026,CS_Asia_Championships/2026,Blazing Beavers,"flag=uk,flag=au,flag=id,flag=nz,flag=au",
CS_Asia_Championships/2026,CS_Asia_Championships/2026,Ground Zero Gaming,"damyo,apocdud,pz,vision,Omichella",
CS_Asia_Championships/2026,CS_Asia_Championships/2026,DEPO,"wetfy,flag=uz,flag=uz,buster,team=allinners",
CS_Asia_Championships/2026,CS_Asia_Championships/2026,Alter Ego,"BnTeT,Gratisfaction,Polbandana,BOROS,team=legion.pk",{{Notes |{{Notes|March 10th - '''[[Alter Ego]]''' part ways with {{player|rate|flag=mn}} and sign {{player|BOROS|flag=jo}} as his replacement. }} }}
Intel_Extreme_Masters/2026/Atlanta,Intel_Extreme_Masters/2026/Atlanta,Legacy,"latto,dumau,saadzin,n1ssim,arT",{{Notes |{{Notes|April 22nd - {{player|RiVAS|flag=br}} steps down from the active lineup while {{player|adr|flag=br}} takes over as interim coach. }} }}
Intel_Extreme_Masters/2026/Atlanta,Intel_Extreme_Masters/2026/Atlanta,NRG,"oSee,nitr0,br0,link=Sonic (South African player),Grim",{{Notes |{{Notes|February 28th - '''[[NRG]]''' bench {{Player|Jeorge|flag=us}} and acquire {{Player|Grim|flag=us}} from '''[[Passion UA]]''' as his replacement. }} }}
Intel_Extreme_Masters/2026/Atlanta,Intel_Extreme_Masters/2026/Atlanta,Team Vitality,"apEX,ZywOo,flameZ,mezii,ropz",
Intel_Extreme_Masters/2026/Atlanta,Intel_Extreme_Masters/2026/Atlanta,Natus Vincere,"b1t,Aleksib,iM,w0nderful,makazze",
Intel_Extreme_Masters/2026/Atlanta,Intel_Extreme_Masters/2026/Atlanta,FaZe Clan,"broky,frozen,jcobbb,Twistzz,team=ence",{{Notes |{{Notes|March 16th - '''[[FaZe Clan]]''' part ways with {{player|NEO|flag=pl}} while {{player|GruBy|flag=pl}} steps in as interim head coach. }} |{{Notes|April 16th - '''[[FaZe Clan]]''' acquire {{player|enkay J|flag=de}} from '''[[ENCE]]''' as coach and move {{player|GruBy|flag=pl}} back to an analyst position. }} |{{Notes|April 20th - {{player|karrigan|flag=dk}} is acquired by '''[[Team Falcons]]'''. }} |{{Notes|April 23rd - '''[[FaZe Clan]]''' add {{player|Neityu|flag=fr}} as a stand
Intel_Extreme_Masters/2026/Atlanta,Intel_Extreme_Masters/2026/Atlanta,Team Liquid,"NAF,ultimate,siuhy,EliGE,malbsMd",{{Notes |{{Notes|March 13th - '''[[Team Liquid]]''' and '''[[G2 Esports]]''' swap {{player|NertZ|flag=il}} and {{player|malbsMd|flag=gt}}. }} }}
Intel_Extreme_Masters/2026/Atlanta,Intel_Extreme_Masters/2026/Atlanta,B8,"npl,esenthial,alex666,kensizor,flag=ua",{{Notes |{{Notes|May 10th - {{Player|arch|flag=ua}} will stand in for {{Player|Maddened|flag=xx}} who misses the event due to visa issues. }} }}
Intel_Extreme_Masters/2026/Atlanta,Intel_Extreme_Masters/2026/Atlanta,Astralis,"Staehr,jabbi,HooXi,phzy,link=ryu (Lithuanian player)",
Intel_Extreme_Masters/2026/Atlanta,Intel_Extreme_Masters/2026/Atlanta,GamerLegion,"Tauson,PR,REZ,hypex,Snax",
Intel_Extreme_Masters/2026/Atlanta,Intel_Extreme_Masters/2026/Atlanta,FUT Esports,"dem0n,Krabeni,cmtry,dziugss,lauNX",
Intel_Extreme_Masters/2026/Atlanta,Intel_Extreme_Masters/2026/Atlanta,paiN Gaming,"biguzera,snow,piriajr,v$m,saffee",{{Notes |{{Notes|April 6th - {{player|nqz|flag=br}} temporarily steps down from '''[[paiN Gaming]]'''<nowiki>'s</nowiki> starting lineup for personal reasons. }} |{{Notes|April 9th - '''[[paiN Gaming]]''' acquire {{player|piriajr|flag=br}} from '''[[Bounty Hunters Esports]]''' on a permanent basis. }} |{{Notes|April 22nd - '''[[paiN Gaming]]''' acquire {{player|saffee|flag=br}} from [[MIBR]]. }} }}
Intel_Extreme_Masters/2026/Atlanta,Intel_Extreme_Masters/2026/Atlanta,M80,"Swisher,slaxz-,s1n,Lake,JBa",
Intel_Extreme_Masters/2026/Atlanta,Intel_Extreme_Masters/2026/Atlanta,BC.Game Esports,"s1mple,electroNic,krazy,Senzu,ScrunK",{{Notes |{{Notes|April 14th - '''[[BC.Game Esports]]''' bench {{Player|MUTiRiS|flag=pt}} and {{Player|aragornN|flag=pt}}. }} |{{Notes|April 27th - '''[[BC.Game Esports]]''' acquire {{Player|Senzu|flag=mn}} on loan from '''[[The MongolZ]]''' and add {{Player|ScrunK|flag=de}} as a stand-in for the event. }} }}
Intel_Extreme_Masters/2026/Atlanta,Intel_Extreme_Masters/2026/Atlanta,BetBoom Team,"s1ren,zorte,Magnojez,Boombl4,FL4MUS",{{Notes |{{Notes|April 9th - '''[[BetBoom Team]]''' bench {{Player|ArtFr0st|flag=ru}} and reinstate {{Player|zorte|flag=ru}} to the starting lineup. }} |{{Notes|April 27th - '''[[BetBoom Team]]''' acquire {{Player|FL4MUS|flag=ru}} on loan from '''[[Virtus.pro]]'''. }} }}
Intel_Extreme_Masters/2026/Atlanta,Intel_Extreme_Masters/2026/Atlanta,SINNERS Esports,"beastik,SHOCK,kisserek,stressarN,MoDo",{{Notes |{{Notes|March 31st - '''[[33]]''' withdraw from the event due to visa issues; they are replaced by '''[[SINNERS Esports]]'''. }} }}
Intel_Extreme_Masters/2026/Atlanta,Intel_Extreme_Masters/2026/Atlanta,Passion UA,"Kvem,JT,nicx,try,sdy","{{Notes |{{Notes|February 13th - '''[[Passion UA]]''' acquire {{player|try|flag=ar}} and {{player|Senzu|flag=mn}} from '''[[Imperial Esports]]''' and '''[[The MongolZ]]''', respectively, the latter on loan. }} |{{Notes|February 14th - '''[[Passion UA]]''' bench {{player|hallzerk|flag=no}}. }} |{{Notes|February 26th - '''[[Passion UA]]''' bench {{player|Grim|flag=us}}. }} |{{Notes|April 27th - '''[[Passion UA]]''' part ways with {{Player|Senzu|flag=mn}} upon the expiration of his loan and add {{P"
Intel_Extreme_Masters/2026/Atlanta,Intel_Extreme_Masters/2026/Atlanta,33,"kinqie,executor,KIRO,z1Nny,bluewh1te",{{Notes |{{Notes|March 31st - '''[[33]]''' withdraw from the event due to visa issues; they are replaced by '''[[SINNERS Esports]]'''. }} }}
Intel_Extreme_Masters/2026/Rio,Intel_Extreme_Masters/2026/Rio,FURIA,"yuurih,KSCERATO,FalleN,molodoy,YEKINDAR",
Intel_Extreme_Masters/2026/Rio,Intel_Extreme_Masters/2026/Rio,Passion UA,"Kvem,JT,nicx,try,FaNg","{{Notes |{{Notes|February 13th - '''[[Passion UA]]''' acquire {{player|try|flag=ar}} and {{player|Senzu|flag=mn}} from '''[[Imperial Esports]]''' and '''[[The MongolZ]]''', respectively, the latter on loan. }} |{{Notes|February 14th - '''[[Passion UA]]''' bench {{player|hallzerk|flag=no}}. }} |{{Notes|February 26th - '''[[Passion UA]]''' bench {{player|Grim|flag=us}}. }} |{{Notes|March 28th - {{Player|FaNg|flag=ca}} will stand in for {{Player|Senzu|flag=mn}} who misses the event due to [[ESL]] r"
Intel_Extreme_Masters/2026/Rio,Intel_Extreme_Masters/2026/Rio,Team Vitality,"apEX,ZywOo,flameZ,mezii,ropz",
Intel_Extreme_Masters/2026/Rio,Intel_Extreme_Masters/2026/Rio,Team Falcons,"NiKo,TeSeS,kyxsan,m0NESY,kyousuke",
Intel_Extreme_Masters/2026/Rio,Intel_Extreme_Masters/2026/Rio,Team Spirit,"magixx,zont1x,donk,sh1ro,tN1R",{{Notes |{{Notes|April 2nd - {{player|S0tF1k|flag=ru}} will stand in for {{player|hally|flag=ru}} who misses the event due to health issues. }} }}
Intel_Extreme_Masters/2026/Rio,Intel_Extreme_Masters/2026/Rio,Natus Vincere,"b1t,Aleksib,iM,w0nderful,makazze",
Intel_Extreme_Masters/2026/Rio,Intel_Extreme_Masters/2026/Rio,MOUZ,"torzsi,xertioN,Jimpphat,Brollan,Spinx",
Intel_Extreme_Masters/2026/Rio,Intel_Extreme_Masters/2026/Rio,Aurora Gaming,"XANTARES,MAJ3R,Wicadia,woxic,soulfly",
Intel_Extreme_Masters/2026/Rio,Intel_Extreme_Masters/2026/Rio,B8,"npl,esenthial,alex666,kensizor,flag=ua",{{Notes |{{Notes|January 16th - '''[[B8]]''' bench and transfer-list {{Player|headtr1ck|flag=ua}}. }} |{{Notes|February 1st - '''[[B8]]''' acquire {{Player|s1zzi|flag=ua}} on loan from '''[[Team Spirit Academy Black]]'''. }} }}
Intel_Extreme_Masters/2026/Rio,Intel_Extreme_Masters/2026/Rio,Legacy,"latto,dumau,saadzin,n1ssim,arT",{{Notes |{{Notes|February 2nd - '''[[Legacy]]''' bench {{Player|lux|flag=br}}. }} |{{Notes|February 3rd - '''[[Legacy]]''' acquire {{player|arT|flag=br}} from '''[[Fluxo W7M]]'''. }} |{{Notes|April 13th - {{Player|RiVAS|flag=br}} misses the day 1 of the event due to health issues. }} }}
Intel_Extreme_Masters/2026/Rio,Intel_Extreme_Masters/2026/Rio,G2 Esports,"HeavyGod,SunPayus,matys,NertZ,team=g2 ares",{{Notes |{{Notes|March 13th - '''[[G2 Esports]]''' and '''[[Team Liquid]]''' swap {{player|malbsMd|flag=gt}} and {{player|NertZ|flag=il}}. }} |{{Notes|April 8th - {{Player|tAk|flag=lt}} will stand in for {{Player|huNter-|flag=ba}} who misses the event due to an injury. }} }}
Intel_Extreme_Masters/2026/Rio,Intel_Extreme_Masters/2026/Rio,Team Liquid,"NAF,ultimate,siuhy,EliGE,malbsMd",{{Notes |{{Notes|March 13th - '''[[Team Liquid]]''' and '''[[G2 Esports]]''' swap {{player|NertZ|flag=il}} and {{player|malbsMd|flag=gt}}. }} }}
Intel_Extreme_Masters/2026/Rio,Intel_Extreme_Masters/2026/Rio,3DMAX,"link=Lucky (French player),Ex3rcice,Maka,Graviti,misutaaa","{{Notes |{{Notes|February 24th - '''[[3DMAX]]''' part ways with {{Player|bodyy|flag=fr}} and {{Player|YouKnow|flag=fr}} and acquire {{Player|misutaaa|flag=fr}} and {{Player|wasiNk|flag=fr}} from '''[[GenOne]]''', the latter as coach. }} }}"
Intel_Extreme_Masters/2026/Rio,Intel_Extreme_Masters/2026/Rio,HOTU,"link=mizu (Russian player),dukefissura,frontales,n0rb3r7,kAlash",
Intel_Extreme_Masters/2026/Rio,Intel_Extreme_Masters/2026/Rio,Gentle Mates,"mopoz,dav1g,sausol,link=alex (Spanish player),Martinez",
Intel_Extreme_Masters/2026/Rio,Intel_Extreme_Masters/2026/Rio,RED Canids,"drop,kauez,chayJESUS,dav1deuS,flag=br",{{Notes |{{Notes|March 30th - '''[[RED Canids]]''' part ways with {{player|history|flag=br}}. }} |{{Notes|April 1st - '''[[RED Canids]]''' promote {{player|reNTU|flag=br}} from their '''[[RED Canids Academy|academy team]]'''. }} }}
1win_Private_Club/2,1win_Private_Club/2,BIG,"tabseN,JDC,gr1ks,blameF,faveN",
1win_Private_Club/2,1win_Private_Club/2,Team Liquid,"NAF,EliGE,malbsMd,Jorko,JT",
1win_Private_Club/2,1win_Private_Club/2,PARIVISION,"Jame,xiELO,zweih,FL1T,HObbit",
1win_Private_Club/2,1win_Private_Club/2,The MongolZ,"bLitz,Techno4K,910,,",
1win_Private_Club/2,1win_Private_Club/2,Alliance,"avid,twist,upE,eraa,bobeksde",
1win_Private_Club/2,1win_Private_Club/2,magic,"MaSvAl,tenzy,sFade8,AW,mo0N",
1win_Private_Club/2,1win_Private_Club/2,HOTU,",,,,",
1win_Private_Club/2,1win_Private_Club/2,GamerLegion,",,,,",
1win_Private_Club/2,1win_Private_Club/2,Betclic Apogee Esports,",,,,",
1win_Private_Club/2,1win_Private_Club/2,Fnatic,",,,,",
1win_Private_Club/2,1win_Private_Club/2,K27,",,,,",
1win_Private_Club/2,1win_Private_Club/2,Nuclear TigeRES,",,,,",
1win_Private_Club/2,1win_Private_Club/2,Team Nemesis,",,,,",
1win_Private_Club/2,1win_Private_Club/2,Acend,",,,,",
1win_Private_Club/2,1win_Private_Club/2,Sashi Esport,",,,,",
1win_Private_Club/2,1win_Private_Club/2,SINNERS Esports,",,,,",
1win_Private_Club/2,1win_Private_Club/2,Color,",,,,",{{Notes |{{Notes|October 4th - {{player|Qikert|flag=kz}} steps down from '''[[Color]]'''. }} }}
1win_Private_Club/2,1win_Private_Club/2,Metizport,",,,,",
1win_Private_Club/2,1win_Private_Club/2,Phantom Esports,",,,,",
1win_Private_Club/2,1win_Private_Club/2,PRIVATE,",,,,",
1win_Private_Club/2,1win_Private_Club/2,KDA Team,"flag=ru,flag=ru,flag=ru,flag=ru,flag=ru",
1win_Private_Club/2,1win_Private_Club/2,SPARX.ru,"flag=ru,flag=ru,flag=ru,flag=ru,flag=ru",
1win_Private_Club/2,1win_Private_Club/2,ASTRAL Esports,"flag=lv,flag=ee,RaY5ive,gxx-,swiz",
1win_Private_Club/2,1win_Private_Club/2,VP.Future,"flag=ru,flag=by,flag=ru,flag=ru,TriBorgg1",
1win_Private_Club/2,1win_Private_Club/2,33,"executor,z1Nny,bluewh1te,Raijin,synyx",
1win_Private_Club/2,1win_Private_Club/2,ARGOS,"PsychoDoctor,facecrack,team=bebop,shg,team=endless journey",
1win_Private_Club/2,1win_Private_Club/2,Borealis,"flag=ru,flag=by,flag=ru,flag=ru,flag=ru",
1win_Private_Club/2,1win_Private_Club/2,Aurora Young Blud,"flag=ru,Re1GN,Sa1nTy,fluffy,flag=ru",
1win_Private_Club/2,1win_Private_Club/2,Just Players,"sstiNiX,sm3t,h1te,flag=ru,flag=ru",
1win_Private_Club/2,1win_Private_Club/2,SLIM-JIM,"flag=ru,flag=ru,flag=ru,flag=ru,flag=ru",
1win_Private_Club/2,1win_Private_Club/2,Teletubisie,"mASKED,Dycha,Sobol,byali,hades",
1win_Private_Club/2,1win_Private_Club/2,Vael,"flag=mk,flag=mk,flag=pl,flag=fr,flag=pt",
1win_Private_Club/2,1win_Private_Club/2,Chaos Enforcers,"flag=tr,flag=tr,flag=tr,flag=tr,swerzieN",
1win_Private_Club/2,1win_Private_Club/2,WOPA Esport,"Zanto,kwezz,sL1m3,Queenix,Altekz",
1win_Private_Club/2,1win_Private_Club/2,Rune Eaters Esports,"forkyz,her1tage,noni,demente,dukefissura",
1win_Private_Club/2,1win_Private_Club/2,BAKS Esports,"xdENiSZERA,turbo,whisper,danistzz,Norwi",
Stake_Ranked/Episode_4,Stake_Ranked/Episode_4,FaZe Clan,"frozen,jcobbb,Twistzz,JBOEN,Neityu",
Stake_Ranked/Episode_4,Stake_Ranked/Episode_4,Alliance,"avid,twist,upE,eraa,bobeksde",
Stake_Ranked/Episode_4,Stake_Ranked/Episode_4,Astralis,"Staehr,jabbi,HooXi,phzy,link=ryu (Lithuanian player)",
Stake_Ranked/Episode_4,Stake_Ranked/Episode_4,B8,"npl,esenthial,alex666,kensizor,s1zzi",
Stake_Ranked/Episode_4,Stake_Ranked/Episode_4,BIG,"tabseN,JDC,gr1ks,blameF,faveN",
Stake_Ranked/Episode_4,Stake_Ranked/Episode_4,Luminosity Gaming,"afro,AZUWU,Rainwaker,lux,yxngstxr",
Stake_Ranked/Episode_4,Stake_Ranked/Episode_4,Fnatic,"fear,jambo,jackasmo,cairne,mazay",
Stake_Ranked/Episode_4,Stake_Ranked/Episode_4,Nemiga Gaming,"khaN,SYPH0,KaiR0N-,robo,Xant3r",
1win_Private_Club/1,1win_Private_Club/1,Alliance,"avid,twist,upE,eraa,bobeksde",
1win_Private_Club/1,1win_Private_Club/1,GamerLegion,"Tauson,REZ,hypex,Snax,FL4MUS",
1win_Private_Club/1,1win_Private_Club/1,magic,"MaSvAl,tenzy,sFade8,AW,mo0N",
1win_Private_Club/1,1win_Private_Club/1,Ninjas in Pyjamas,"sjuush,xKacpersky,stavn,Krimbo,adamb",{{Notes |{{Notes|August 31st - '''[[Ninjas in Pyjamas]]''' bench {{player|Snappi|flag=dk}}. }} |{{Notes|September 2nd - '''[[Ninjas in Pyjamas]]''' acquire {{player|Krimbo|flag=de}} on loan from '''[[BIG]]''' until the end of the year. }} |{{Notes|September 14th - '''[[Ninjas in Pyjamas]]''' bench {{player|n0te|flag=be}} and acquire {{player|adamb|flag=se}} from '''[[OG]]''' as his replacement. }} }}
1win_Private_Club/1,1win_Private_Club/1,3DMAX,"link=Lucky (French player),Maka,Graviti,misutaaa,Kursy",
1win_Private_Club/1,1win_Private_Club/1,EYEBALLERS,"JW,dex,Ro1f,maxster,KRIMZ",
1win_Private_Club/1,1win_Private_Club/1,SINNERS Esports,"beastik,SHOCK,kisserek,stressarN,MoDo",
1win_Private_Club/1,1win_Private_Club/1,K27,"kashl1d,xeedo,qw1nk1,X5G7V,clax",
Logitech_G_Play_Connect/2026,Logitech_G_Play_Connect/2026,B8,"npl,esenthial,alex666,kensizor,s1zzi",
Logitech_G_Play_Connect/2026,Logitech_G_Play_Connect/2026,GamerLegion,"Tauson,hypex,Snax,FL4MUS,team=ence",{{Notes |{{Notes|September 17th - {{player|kRaSnaL|flag=pl}} stands in for {{player|REZ|flag=se}} who misses the event due to food poisoning. }} }}
Logitech_G_Play_Connect/2026,Logitech_G_Play_Connect/2026,Luminosity Gaming,"afro,AZUWU,Rainwaker,lux,yxngstxr","{{Notes |{{Notes|August 24th - '''[[Luminosity Gaming]]''' bench {{player|Bymas|flag=lt}}. }} |{{Notes|August 25th - '''[[Luminosity Gaming]]''' acquire {{player|kakafu|flag=at}} and {{player|yxngstxr|flag=se}} from '''[[Monte]]''' and '''[[HEROIC]]''', respectively, the former as their new coach. }} }}"
Logitech_G_Play_Connect/2026,Logitech_G_Play_Connect/2026,IC Esports,"onic,Dawy,zeRRoFIX,cptkurtka023,headtr1ck",
Logitech_G_Play_Connect/2026,Logitech_G_Play_Connect/2026,Ninjas in Pyjamas,"sjuush,xKacpersky,stavn,Krimbo,adamb",{{Notes |{{Notes|August 31st - '''[[Ninjas in Pyjamas]]''' bench {{player|Snappi|flag=dk}}. }} |{{Notes|September 2nd - '''[[Ninjas in Pyjamas]]''' acquire {{player|Krimbo|flag=de}} on loan from '''[[BIG]]''' until the end of the year. }} |{{Notes|September 14th - '''[[Ninjas in Pyjamas]]''' bench {{player|n0te|flag=be}} and acquire {{player|adamb|flag=se}} from '''[[OG]]''' as his replacement. }} }}
Logitech_G_Play_Connect/2026,Logitech_G_Play_Connect/2026,3DMAX,"link=Lucky (French player),Maka,Graviti,misutaaa,Kursy",
Logitech_G_Play_Connect/2026,Logitech_G_Play_Connect/2026,Team Liquid,"NAF,EliGE,Jorko,JT,VLDN",{{Notes |{{Notes|September 16th - {{player|VLDN|flag=rs}} stands in for {{player|malbsMd|flag=gt}} who misses the event due to personal reasons. }} |{{Notes|September 17th - {{player|DeMars DeRover|flag=ca}} stands in for {{player|flashie|flag=hu}} who misses the event due to his sister's wedding. }} }}
Logitech_G_Play_Connect/2026,Logitech_G_Play_Connect/2026,EYEBALLERS,"JW,dex,Ro1f,maxster,KRIMZ",
Logitech_G_Play_Connect/2026,Logitech_G_Play_Connect/2026,M80,"Swisher,slaxz-,s1n,Lake,JBa",
Logitech_G_Play_Connect/2026,Logitech_G_Play_Connect/2026,BBL Esports,"Leakz,salazar,NickyB,IceBerg,Boye",{{Notes |{{Notes|August 30th - '''[[Echo]]''' are signed by '''[[BBL Esports]]'''. }} |{{Notes|September 9th - '''[[BBL Esports]]''' acquire {{player|wezx|flag=dk}} from '''[[Esport Academy Copenhagen]]''' as the team's coach. }} }}
Logitech_G_Play_Connect/2026,Logitech_G_Play_Connect/2026,Iberian Soul,"mopoz,dav1g,sausol,link=alex (Spanish player),CRUC1AL",
Logitech_G_Play_Connect/2026,Logitech_G_Play_Connect/2026,INFINITE,"kreaz,Dytor,sl3nd,Blytz,volt",
Logitech_G_Play_Connect/2026,Logitech_G_Play_Connect/2026,SINNERS Esports,"beastik,SHOCK,kisserek,stressarN,MoDo",
Logitech_G_Play_Connect/2026,Logitech_G_Play_Connect/2026,Walczaki,"bajmi,SaMey,olimp,reiko,sNx",{{Notes |{{Notes|September 2nd - '''[[Walczaki]]''' part ways with {{player|moonwalk|flag=pl}} and add {{player|sNx|flag=pl}}. }} }}
Logitech_G_Play_Connect/2026,Logitech_G_Play_Connect/2026,Sashi Esport,"Cabbi,Zyphon,MistR,acoR,Anlelele",
Logitech_G_Play_Connect/2026,Logitech_G_Play_Connect/2026,OMEGA,"dan4o,Botpa1,adai,Aldikon,def1zer",
Logitech_G_Play_Connect/2026,Logitech_G_Play_Connect/2026,Phantom Esports,"Kylar,KEi,TMB,nicoodoz,cej0t",
Logitech_G_Play_Connect/2026,Logitech_G_Play_Connect/2026,NOVAQ,"Pump,tasman,neaLaN,link=AdreN (Kazakh player),link=nyx (Kazakh player)",
Logitech_G_Play_Connect/2026,Logitech_G_Play_Connect/2026,LargadosyPelados,"happ,zmb,Leomonster,link=divine (Brazilian player),Alisson",
Logitech_G_Play_Connect/2026,Logitech_G_Play_Connect/2026,WOPA,"Zanto,Patti,kwezz,sL1m3,Queenix",
Logitech_G_Play_Connect/2026,Logitech_G_Play_Connect/2026,BASEMENT BOYS,"Tr0ublE,OWNER,maggent,kr1vda,kAlash",
Logitech_G_Play_Connect/2026,Logitech_G_Play_Connect/2026,Metizport,"Plopski,MaiL09,forsyy,stanislaw,F1KU",
Logitech_G_Play_Connect/2026,Logitech_G_Play_Connect/2026,BRUTE,"hfah,nbqq,aidKiT,ZEDKO,tAk",{{Notes |{{Notes|August 27th - '''[[BRUTE]]''' bench {{player|majky|flag=cz}}. }} |{{Notes|August 28th - '''[[BRUTE]]''' acquire {{player|tAk|flag=lt}} on loan from '''[[G2 Ares]]'''. }} }}
Logitech_G_Play_Connect/2026,Logitech_G_Play_Connect/2026,Esport Academy Copenhagen,"bekker,n1Xen,sSen,anber,Fessor",
Logitech_G_Play_Connect/2026,Logitech_G_Play_Connect/2026,Rune Eaters Esports,"forkyz,her1tage,noni,demente,dukefissura",{{Notes |{{Notes|August 22nd - '''[[Rune Eaters Esports]]''' acquire {{player|dukefissura|flag=kz}} from '''[[HOTU]]'''. }} |{{Notes|August 23rd - '''[[Rune Eaters Esports]]''' bench {{Player|kumao|flag=kz}}. }} }}
Logitech_G_Play_Connect/2026,Logitech_G_Play_Connect/2026,OG,"spooke,adamb,cadiaN,bodyy,pr1metapz,status=sub",{{Notes |{{Notes|September 2nd - {{player|JACKZ|flag=fr}} will stand in for {{player|adamb|flag=se}} during the playoffs who misses the playoffs due to personal reasons. }} }}
Logitech_G_Play_Connect/2026,Logitech_G_Play_Connect/2026,Eternal Fire,"jottAAA,regali,MisteM,Kvem,soulfly",{{Notes |{{Notes|August 23rd - '''[[Eternal Fire]]''' bench {{player|br0|flag=dk}} and acquire {{player|jottAAA|flag=tr}} and {{player|soulfly|flag=tr}} from '''[[Aurora Gaming]]'''. }} }}
Logitech_G_Play_Connect/2026,Logitech_G_Play_Connect/2026,9INE,"raalz,kraghen,Flayy,rim3,b1elany",
Logitech_G_Play_Connect/2026,Logitech_G_Play_Connect/2026,QUAZAR,"gehji,flag=ru,flag=ru,flag=ru,Porya",
Logitech_G_Play_Connect/2026,Logitech_G_Play_Connect/2026,ASTRAL Esports,"flag=lv,flag=ee,RaY5ive,gxx-,swiz",
Logitech_G_Play_Connect/2026,Logitech_G_Play_Connect/2026,WRAITH PCIFIC,"jresy,lugseN,eNs,scolleN,flag=tr",
Logitech_G_Play_Connect/2026,Logitech_G_Play_Connect/2026,lavked,"sol,1NVISIBLEE,xm1nd,azukay,k4nfuz",
Logitech_G_Play_Connect/2026,Logitech_G_Play_Connect/2026,raccoons,"team=3dmax,hades,team=lg,nexa,team=ence",
Logitech_G_Play_Connect/2026,Logitech_G_Play_Connect/2026,G2 Ares,"hitori,Junyme,yksjupe,SHiNE,team=rebels gaming",{{Notes |{{Notes|August 28th - '''[[G2 Ares]]''' loan {{player|tAk|flag=lt}} to '''[[BRUTE]]'''. }} }}
Stake_Ranked/Episode_3,Stake_Ranked/Episode_3,paiN Gaming,"biguzera,snow,piriajr,v$m,saffee",
Stake_Ranked/Episode_3,Stake_Ranked/Episode_3,Ninjas in Pyjamas,"sjuush,Snappi,xKacpersky,stavn,n0te",{{Notes |{{Notes|June 22nd - '''[[Ninjas in Pyjamas]]''' promote {{Player|n0te|flag=be}} from the '''[[Young Ninjas]]''' as a stand-in. }} }}
Stake_Ranked/Episode_3,Stake_Ranked/Episode_3,Wildcard,"reck,mhL,HexT,nEMANHA,Cxzi",
Stake_Ranked/Episode_3,Stake_Ranked/Episode_3,3DMAX,"link=Lucky (French player),Maka,Graviti,misutaaa,Kursy",{{Notes |{{Notes|June 24th - '''[[3DMAX]]''' bench {{player|Ex3rcice|flag=fr}} and sign {{player|Kursy|flag=fr}} as his replacement. }} }}
Stake_Ranked/Episode_3,Stake_Ranked/Episode_3,HEROIC,"nilo,Chr1zN,susp,Martinez,Brollan","{{Notes |{{Notes|July 6th - '''[[HEROIC]]''' part ways with {{player|TOBIZ|flag=dk}} and sign {{player|doto|flag=fi}} as his replacement. }} |{{Notes|July 7th - '''[[HEROIC]]''' bench {{player|yxngstxr|flag=se}}, acquire {{player|Martinez|flag=es}} and {{player|Brollan|flag=se}} from '''[[Gentle Mates]]''' and '''[[MOUZ]]''', respectively, while {{player|xfl0ud|flag=tr}} is acquired by '''[[FUT Esports]]'''. }} }}"
Stake_Ranked/Episode_3,Stake_Ranked/Episode_3,Gentle Mates,"mopoz,dav1g,sausol,link=alex (Spanish player),CRUC1AL",{{Notes |{{Notes|July 7th - {{player|Martinez|flag=es}} is acquired by '''[[HEROIC]]'''. }} }}
Stake_Ranked/Episode_3,Stake_Ranked/Episode_3,FOKUS,"volt,Matheos,Banjo,ztr,Jorko",
Stake_Ranked/Episode_3,Stake_Ranked/Episode_3,K27,"kashl1d,xeedo,qw1nk1,X5G7V,fame",
Stake_Ranked/Episode_3,Stake_Ranked/Episode_3,IC Esports,"onic,Dawy,zeRRoFIX,cptkurtka023,headtr1ck",
Stake_Ranked/Episode_3,Stake_Ranked/Episode_3,JiJieHao,"m1N1,bibu,0SAMAS,sinnopsyy,CacaNito",
Stake_Ranked/Episode_3,Stake_Ranked/Episode_3,Walczaki,"bajmi,SaMey,olimp,moonwalk,sk1tt",
Stake_Ranked/Episode_3,Stake_Ranked/Episode_3,Echo,"Leakz,salazar,NickyB,IceBerg,Boye",
Stake_Ranked/Episode_3,Stake_Ranked/Episode_3,Acend,"SPELLAN,Skrimo,KalubeR,h4rn,REDSTAR",
Stake_Ranked/Episode_3,Stake_Ranked/Episode_3,WW TEAM,"ct0m,m3wsu,kelieN,flag=ru,KENSi",
Stake_Ranked/Episode_3,Stake_Ranked/Episode_3,CYBERSHOKE Esports,"bl1x1,glowiing,alpha,Mokuj1n,fluffy",
Stake_Ranked/Episode_3,Stake_Ranked/Episode_3,33,"kinqie,executor,KIRO,z1Nny,bluewh1te",
Stake_Ranked/Episode_3,Stake_Ranked/Episode_3,KOLESIE,"innocent,Qlocuu,b1elany,fr3nd,Ex1st",
Stake_Ranked/Episode_3,Stake_Ranked/Episode_3,ex-Oxuji Esports,"k1ssly,flag=ru,Kurama,nitzie,flag=ru",{{Notes |{{Notes|June 18th - '''[[Oxuji Esports]]''' part ways with their lineup. }} }}
Stake_Ranked/Episode_3,Stake_Ranked/Episode_3,Phantom Esports,"Kunai,Kylar,KEi,mwlky,TMB",
Stake_Ranked/Episode_3,Stake_Ranked/Episode_3,Team Spirit Academy,"flag=ru,flag=by,VILBy,flag=ru,team=team spirit academy black",{{Notes |{{Notes|June 10th - '''[[Team Spirit Academy]]''' promote {{player|Flash_1|flag=ru}} from '''[[Team Spirit Academy Black]]''' to serve as the team's coach. }} }}
Stake_Ranked/Episode_3,Stake_Ranked/Episode_3,SHISHKA,"Krad,Norwi,danistzz,team=9pandas,team=team nemesis",
Stake_Ranked/Episode_3,Stake_Ranked/Episode_3,Noir Verse,"fostar,flag=ua,flag=ua,flag=lt,flag=ua",
XSE_Pro_League/2026,XSE_Pro_League/2026,PARIVISION,"Jame,xiELO,zweih,HObbit,slaxejezzz",{{Notes |{{Notes|June 17th - '''[[PARIVISION]]''' bench and transfer-list {{player|BELCHONOKK|flag=ru}} and add {{player|HObbit|flag=kz}} as a stand-in. }} |{{Notes|June 19th - '''[[PARIVISION]]''' bench and transfer-list {{player|nota|flag=ru}} and sign {{player|slaxejezzz|flag=ru}} as his replacement. }} }}
XSE_Pro_League/2026,XSE_Pro_League/2026,3DMAX,"link=Lucky (French player),Maka,Graviti,misutaaa,Kursy",{{Notes |{{Notes|June 24th - '''[[3DMAX]]''' bench {{player|Ex3rcice|flag=fr}} and sign {{player|Kursy|flag=fr}} as his replacement. }} }}
XSE_Pro_League/2026,XSE_Pro_League/2026,B8,"npl,esenthial,alex666,kensizor,s1zzi",
XSE_Pro_League/2026,XSE_Pro_League/2026,Luminosity Gaming,"afro,AZUWU,Bymas,Rainwaker,lux","{{Notes |{{Notes|July 1st - '''[[Luminosity Gaming]]''' announce their entry into ''[[Counter-Strike 2]]'' by acquiring {{player|Rainwaker|flag=bg}} from '''[[Monte]]''' and signing {{player|afro|flag=fr}}, {{player|AZUWU|flag=uk}}, {{player|Bymas|flag=lt}}, and {{player|lux|flag=br}}. }} }}"
XSE_Pro_League/2026,XSE_Pro_League/2026,9z Team,"max,HUASOPEEK,luchov,meyern,dgt",
XSE_Pro_League/2026,XSE_Pro_League/2026,BetBoom Team,"s1ren,zorte,Magnojez,Boombl4,d1Ledez",
XSE_Pro_League/2026,XSE_Pro_League/2026,FaZe Clan,"frozen,jcobbb,Twistzz,JBOEN,Neityu",{{Notes |{{Notes|June 25th - '''[[FaZe Clan]]''' bench {{player|broky|flag=lv}} and acquire {{player|JBOEN|flag=dk}} on loan from '''[[BIG Academy]]''' until the end of the season as his replacement. }} }}
XSE_Pro_League/2026,XSE_Pro_League/2026,BIG,"tabseN,JDC,gr1ks,blameF,faveN",
XSE_Pro_League/2026,XSE_Pro_League/2026,Alliance,"avid,twist,upE,eraa,bobeksde",{{Notes |{{Notes|June 10th - '''[[Alliance]]''' part ways with {{player|MaiL09|flag=se}} following the end of his loan from '''[[Metizport]]'''. }} |{{Notes|June 12th - '''[[Alliance]]''' acquire {{player|bobeksde|flag=se}} from '''[[EYEBALLERS]]'''. }} }}
XSE_Pro_League/2026,XSE_Pro_League/2026,Ninjas in Pyjamas,"sjuush,Snappi,xKacpersky,stavn,n0te",{{Notes |{{Notes|June 13th - '''[[Ninjas in Pyjamas]]''' bench {{player|cairne|flag=ua}}. }} |{{Notes|June 22nd - '''[[Ninjas in Pyjamas]]''' promote {{Player|n0te|flag=be}} from the '''[[Young Ninjas]]''' as a stand-in. }} }}
XSE_Pro_League/2026,XSE_Pro_League/2026,MIBR,"brnz4n,insani,LNZ,venomzera,nqz",{{Notes |{{Notes|June 26th - '''[[MIBR]]''' acquire {{player|nqz|flag=br}} from '''[[paiN Gaming]]''' as {{player|kl1m|flag=ru}}'s loan ends and he returns to '''[[G2 Ares]]'''. }} }}
XSE_Pro_League/2026,XSE_Pro_League/2026,Team Nemesis,"SELLTER,Sdaim,tex1y,mag1k3Y,r3salt",
XSE_Pro_League/2026,XSE_Pro_League/2026,EYEBALLERS,"JW,dex,Ro1f,maxster,KRIMZ",{{Notes |{{Notes|June 12th - {{player|bobeksde|flag=se}} is acquired by '''[[Alliance]]'''. }} }}
XSE_Pro_League/2026,XSE_Pro_League/2026,SINNERS Esports,"beastik,SHOCK,kisserek,stressarN,MoDo",
XSE_Pro_League/2026,XSE_Pro_League/2026,TYLOO,"JamYoung,Moseyuh,Mercury,Jee,link=Zero (Su Jingshen)",{{Notes |{{Notes|June 9th - '''[[Legacy]]''' withdraw from the event due to visa issues; they are replaced by '''[[TYLOO]]'''. }} }}
XSE_Pro_League/2026,XSE_Pro_League/2026,Lynn Vision Gaming,"westmelon,z4kr,EmiliaQAQ,Starry,C4LLM3SU3",{{Notes |{{Notes|June 9th - '''[[M80]]''' withdraw from the event due to jury duty obligations; they are replaced by '''[[Lynn Vision Gaming]]'''. }} }}
XSE_Pro_League/2026,XSE_Pro_League/2026,Legacy,,{{Notes |{{Notes|June 9th - '''[[Legacy]]''' withdraw from the event due to visa issues; they are replaced by '''[[TYLOO]]'''. }} }}
XSE_Pro_League/2026,XSE_Pro_League/2026,M80,,{{Notes |{{Notes|June 9th - '''[[M80]]''' withdraw from the event due to jury duty obligations; they are replaced by '''[[Lynn Vision Gaming]]'''. }} }}
Stake_Ranked/Episode_2,Stake_Ranked/Episode_2,9z Team,"max,HUASOPEEK,luchov,meyern,dgt",
Stake_Ranked/Episode_2,Stake_Ranked/Episode_2,HEROIC,"yxngstxr,xfl0ud,nilo,Chr1zN,susp",
Stake_Ranked/Episode_2,Stake_Ranked/Episode_2,Alliance,"avid,twist,upE,eraa,MaiL09",
Stake_Ranked/Episode_2,Stake_Ranked/Episode_2,3DMAX,"link=Lucky (French player),Ex3rcice,Maka,Graviti,misutaaa",
Stake_Ranked/Episode_2,Stake_Ranked/Episode_2,FaZe Clan,"broky,frozen,jcobbb,Twistzz,team=ence",{{Notes |{{Notes|April 23rd - '''[[FaZe Clan]]''' add {{player|Neityu|flag=fr}} as a stand-in for the event. }} }}
Stake_Ranked/Episode_2,Stake_Ranked/Episode_2,Ninjas in Pyjamas,"sjuush,Snappi,xKacpersky,cairne,stavn",
Stake_Ranked/Episode_2,Stake_Ranked/Episode_2,Sharks Esports,"gafolo,rdnzao,doc,koala,maxxkor",
Stake_Ranked/Episode_2,Stake_Ranked/Episode_2,magic,"MaSvAl,tenzy,sFade8,AW,mo0N",
Hero_Esports/Asian_Champions_League/2026,Hero_Esports/Asian_Champions_League/2026,FlyQuest,"INS,Vexite,nettik,jks,story",
Hero_Esports/Asian_Champions_League/2026,Hero_Esports/Asian_Champions_League/2026,Kaleido Gaming,"SPine,link=rage (Chinese player),suki,SasiKi,chuzhongT",
Hero_Esports/Asian_Champions_League/2026,Hero_Esports/Asian_Champions_League/2026,Lynn Vision Gaming,"westmelon,z4kr,EmiliaQAQ,Starry,C4LLM3SU3",
Hero_Esports/Asian_Champions_League/2026,Hero_Esports/Asian_Champions_League/2026,Rare Atom,"Summer,L1haNg,chengking,Trash,3gl","{{Notes |{{Notes|May 6th - '''[[Rare Atom]]''' part ways with {{player|z8z|flag=cn}}. }} |{{Notes|May 8th - '''[[Rare Atom]]''' part ways with {{player|TiGeR|flag=cn}}. }} |{{Notes|May 9th - '''[[Rare Atom]]''' acquire {{player|Trash|flag=cn}}, {{Player|3gl|flag=cn}}, and {{player|Marek|flag=tw}} from '''[[FengDa Gaming]]'''. }} }}"
Hero_Esports/Asian_Champions_League/2026,Hero_Esports/Asian_Champions_League/2026,TYLOO,"JamYoung,Moseyuh,Mercury,Jee,link=zero (Su Jingshen)",
Hero_Esports/Asian_Champions_League/2026,Hero_Esports/Asian_Champions_League/2026,THUNDERdOWNUNDER,"asap,TjP,aliStair,dexter,Liazz",
Hero_Esports/Asian_Champions_League/2026,Hero_Esports/Asian_Champions_League/2026,SemperFi Esports,"SaVage,keen,shadiy,HaZR,sliimey",{{Notes |{{Notes|May 6th - '''[[SemperFi Esports]]''' part ways with {{player|ADDICT|flag=au}} and acquire {{player|sliimey|flag=au}} from '''[[Ground Zero Gaming]]''' as his replacement. }} }}
Hero_Esports/Asian_Champions_League/2026,Hero_Esports/Asian_Champions_League/2026,NEXVOID,"erkaSt,AccuracyTG,Zesta,MiQ,flag=mn",
Hero_Esports/Asian_Champions_League/2026,Hero_Esports/Asian_Champions_League/2026,Chinggis Warriors,"ROUX,efire,tikuak,hasteka,yAmi",
Hero_Esports/Asian_Champions_League/2026,Hero_Esports/Asian_Champions_League/2026,Change The Game,"LaiKeXu,957,Hack1ng,VanceKK,ProKiller",
Hero_Esports/Asian_Champions_League/2026,Hero_Esports/Asian_Champions_League/2026,Haunted House,"fr0k,icyvlone,flag=ru,SasukeQO,flag=uz",
Hero_Esports/Asian_Champions_League/2026,Hero_Esports/Asian_Champions_League/2026,Ground Zero Gaming,"apocdud,pz,vision,Omichella,tucks",{{Notes |{{Notes|May 6th - {{player|sliimey|flag=au}} is acquired by '''[[SemperFi Esports]]'''. }} }}
Hero_Esports/Asian_Champions_League/2026,Hero_Esports/Asian_Champions_League/2026,5star eSports,"hoolig4n,clouden,ariucle,NEUZ,rate",
Hero_Esports/Asian_Champions_League/2026,Hero_Esports/Asian_Champions_League/2026,Alter Ego,"BnTeT,Gratisfaction,Polbandana,PokemoN,tomiko",
Hero_Esports/Asian_Champions_League/2026,Hero_Esports/Asian_Champions_League/2026,JiJieHao,"m1N1,bibu,0SAMAS,sinnopsyy,CacaNito",
Hero_Esports/Asian_Champions_League/2026,Hero_Esports/Asian_Champions_League/2026,Last Bullet,"Roninbaby,lan,B1NGO,Miami,flag=cn",
NODWIN_Gaming/Clutch_Series/13,NODWIN_Gaming/Clutch_Series/13,Gothic,"shg,Ryujin,Get_Jeka,flag=no,flag=ru",
NODWIN_Gaming/Clutch_Series/13,NODWIN_Gaming/Clutch_Series/13,Just Players,"sstiNiX,sm3t,h1te,flag=ru,flag=ru",
NODWIN_Gaming/Clutch_Series/13,NODWIN_Gaming/Clutch_Series/13,lavked,"sol,1NVISIBLEE,xm1nd,azukay,k4nfuz",
NODWIN_Gaming/Clutch_Series/13,NODWIN_Gaming/Clutch_Series/13,Azuolas,"maty,yakuza,MAGILA,flag=lt,flag=lt",
NODWIN_Gaming/Clutch_Series/13,NODWIN_Gaming/Clutch_Series/13,Enjoy,"link=nbl (Russian player),flag=ru,flag=ru,reyoz,flag=ru",
NODWIN_Gaming/Clutch_Series/13,NODWIN_Gaming/Clutch_Series/13,mellren,"flag=ru,flag=ru,mdl,menddel,lollipop21k",
NODWIN_Gaming/Clutch_Series/13,NODWIN_Gaming/Clutch_Series/13,Lilmix,"Wonder,p1ke,flag=se,flag=se,flag=se",
NODWIN_Gaming/Clutch_Series/13,NODWIN_Gaming/Clutch_Series/13,Morrow Esports,"flag=by,flag=ru,flag=ru,flag=ru,flag=ru",
NODWIN_Gaming/Clutch_Series/13,NODWIN_Gaming/Clutch_Series/13,Noir Verse,"flag=ua,flag=ua,flag=lt,flag=ua,flag=ua",
NODWIN_Gaming/Clutch_Series/13,NODWIN_Gaming/Clutch_Series/13,Fire Flux Esports,"Cizzx,link=Quality (Turkish player),xEternaLxx,zemix,zer0UKY",
NODWIN_Gaming/Clutch_Series/13,NODWIN_Gaming/Clutch_Series/13,LPH Gaming,"flag=sk,flag=cz,N1KOLAJ,flag=cz,KAD1M",
NODWIN_Gaming/Clutch_Series/13,NODWIN_Gaming/Clutch_Series/13,6666 Esports,"flag=ua,rendysky,amster,kL1o,flag=ua",
NODWIN_Gaming/Clutch_Series/13,NODWIN_Gaming/Clutch_Series/13,Misa Esports,"Zuedsta,EMSTAR,flag=tr,cyber,S3NSEY",
NODWIN_Gaming/Clutch_Series/13,NODWIN_Gaming/Clutch_Series/13,Fortress Esport,"flag=dk,flag=dk,flag=dk,flag=dk,flag=dk",
NODWIN_Gaming/Clutch_Series/13,NODWIN_Gaming/Clutch_Series/13,MOUZ NXT,"ay0k,Nikodeon,flag=fr,flag=cn,flag=lv",
NODWIN_Gaming/Clutch_Series/13,NODWIN_Gaming/Clutch_Series/13,MAYBE.ua,"zogeN,flag=ua,flag=ua,flag=ua,flag=ua",
Stake_Pulse/Beat_III,Stake_Pulse/Beat_III,100 Thieves,"rain,poiii,sirah,dev1ce,Gizmy",
Stake_Pulse/Beat_III,Stake_Pulse/Beat_III,Astralis,"Staehr,jabbi,HooXi,phzy,link=ryu (Lithuanian player)",
Stake_Pulse/Beat_III,Stake_Pulse/Beat_III,Betclic Apogee Esports,"Prism,Demho,Qlocuu,Ex1st,ultimate",
Stake_Pulse/Beat_III,Stake_Pulse/Beat_III,ENVY,"link=Lucky (French player),Maka,Graviti,misutaaa,Kursy",{{Notes |{{Notes|September 29th - '''[[3DMAX]]''' are acquired by '''[[ENVY]]'''. }} }}
Stake_Pulse/Beat_III,Stake_Pulse/Beat_III,Fnatic,"fear,jambo,jackasmo,cairne,mazay",
Stake_Pulse/Beat_III,Stake_Pulse/Beat_III,HEROIC,"nilo,Chr1zN,susp,Martinez,Brollan",{{Notes |{{Notes|October 1st - '''[[HEROIC]]''' bench {{player|doto|flag=fi}} and acquire {{player|Snappi|flag=dk}} from '''[[Ninjas in Pyjamas]]''' as his replacement. }} }}
Stake_Pulse/Beat_III,Stake_Pulse/Beat_III,HOTU,"link=mizu (Russian player),kade0,frontales,n0rb3r7,dwushka",
Stake_Pulse/Beat_III,Stake_Pulse/Beat_III,IC Esports,"onic,Dawy,zeRRoFIX,cptkurtka023,headtr1ck",
Stake_Pulse/Beat_III,Stake_Pulse/Beat_III,JiJieHao,"m1N1,bibu,0SAMAS,sinnopsyy,CacaNito",
Stake_Pulse/Beat_III,Stake_Pulse/Beat_III,MIBR,"insani,LNZ,venomzera,nqz,tomaszin",
Stake_Pulse/Beat_III,Stake_Pulse/Beat_III,Ninjas in Pyjamas,"sjuush,xKacpersky,stavn,Krimbo,adamb",
Stake_Pulse/Beat_III,Stake_Pulse/Beat_III,Sashi,"Cabbi,Zyphon,MistR,acoR,Anlelele",
Stake_Pulse/Beat_III,Stake_Pulse/Beat_III,Team Liquid,"NAF,EliGE,malbsMd,Jorko,JT",
Stake_Pulse/Beat_III,Stake_Pulse/Beat_III,Alliance,"avid,twist,upE,eraa,bobeksde",
Stake_Pulse/Beat_III,Stake_Pulse/Beat_III,B8,"npl,esenthial,alex666,kensizor,s1zzi",
Stake_Pulse/Beat_III,Stake_Pulse/Beat_III,x-city,"flag=ru,flag=ru,flag=ru,flag=ru,flag=ru",
Stake_Pulse/Beat_III,Stake_Pulse/Beat_III,WOPA Esport,"Zanto,Patti,kwezz,sL1m3,Queenix",
Stake_Pulse/Beat_III,Stake_Pulse/Beat_III,MOUZ NXT,"ay0k,Nikodeon,flag=fr,flag=cn,flag=lv",
Stake_Pulse/Beat_III,Stake_Pulse/Beat_III,Four Magic,"flag=de,flag=bg,flag=lt,flag=lt,flag=ro",
Stake_Pulse/Beat_III,Stake_Pulse/Beat_III,ex-RUSTEC,"Brilliance,jakekeS,youka,shalfey,yiksrezo",
Stake_Pulse/Beat_III,Stake_Pulse/Beat_III,HELLBOYS,"mini,flag=tr,flag=tr,flag=tr,flag=tr",
Stake_Pulse/Beat_III,Stake_Pulse/Beat_III,BBL Esports,"Leakz,salazar,NickyB,IceBerg,Boye",
Stake_Pulse/Beat_III,Stake_Pulse/Beat_III,Sangal Esports,"flag=tr,Joey,puuha,adamS,bnox",
Stake_Pulse/Beat_III,Stake_Pulse/Beat_III,Nexus Gaming,"s0und,fNk,Nexius,shield,flag=ro",
Stake_Pulse/Beat_III,Stake_Pulse/Beat_III,NPG,"k1to,Maze,Marix,Myltsi,flag=pl",
Stake_Pulse/Beat_III,Stake_Pulse/Beat_III,BC.Game Esports,"s1mple,electroNic,Senzu,Magisk,mzinho",
Stake_Pulse/Beat_III,Stake_Pulse/Beat_III,ARGOS,"PsychoDoctor,facecrack,team=bebop,shg,team=endless journey",
Stake_Pulse/Beat_III,Stake_Pulse/Beat_III,BRUTE,"hfah,nbqq,aidKiT,ZEDKO,tAk",
Stake_Pulse/Beat_III,Stake_Pulse/Beat_III,Insiders Esport,"flag=ro,flag=ro,flag=ro,flag=ro,flag=ro",
Stake_Pulse/Beat_III,Stake_Pulse/Beat_III,SINNERS Esports,"beastik,SHOCK,kisserek,stressarN,MoDo",
Stake_Pulse/Beat_III,Stake_Pulse/Beat_III,Teletubisie,"mASKED,Dycha,Sobol,byali,Markoś",
Stake_Pulse/Beat_III,Stake_Pulse/Beat_III,Phantom,"Kylar,KEi,TMB,nicoodoz,team=phantom academy",
Stake_Pulse/Beat_III,Stake_Pulse/Beat_III,Johnny Speeds,"link=draken (William Sundin),hampus,Rack,bsover,Svedjehed",
Stake_Pulse/Beat_III,Stake_Pulse/Beat_III,DINERO,"flag=ua,flag=ua,flag=ua,flag=ua,neiter",
Stake_Pulse/Beat_III,Stake_Pulse/Beat_III,Noir Verse,"flag=ua,flag=ua,flag=lt,flag=ua,flag=ua",
Stake_Pulse/Beat_III,Stake_Pulse/Beat_III,KLG.ua,"flag=ua,flag=ua,t3ns1on,flag=ua,flag=ua",
Stake_Pulse/Beat_III,Stake_Pulse/Beat_III,EAC,"bekker,n1Xen,sSen,anber,Fessor",
Stake_Pulse/Beat_III,Stake_Pulse/Beat_III,Sashi Esport,"Cabbi,Zyphon,MistR,acoR,Anlelele",
Stake_Pulse/Beat_III,Stake_Pulse/Beat_III,Entropy,"flag=se,dottie,flaw,Sapec,flag=se",
Stake_Pulse/Beat_III,Stake_Pulse/Beat_III,9INE,"raalz,kraghen,Flayy,rim3,b1elany",
Stake_Pulse/Beat_III,Stake_Pulse/Beat_III,Spirit White,"flag=ua,flag=ru,flag=ru,flag=ru,tokuzo",
ESL/Challenger_League/Season_52/North_America/Cup_3,ESL/Challenger_League/Season_52/North_America/Cup_3,Chicken Coop Esports,"Crisp,jared,link=Drop (Canadian player),Wolffe,flag=dk",
ESL/Challenger_League/Season_52/North_America/Cup_3,ESL/Challenger_League/Season_52/North_America/Cup_3,Desi Boyz,"Momo,Pluto,mason,flag=pk,flag=pk",
ESL/Challenger_League/Season_52/North_America/Cup_3,ESL/Challenger_League/Season_52/North_America/Cup_3,regain,"Zucar,sasha,grape,fuzenko,z0mb1e",
ESL/Challenger_League/Season_52/North_America/Cup_3,ESL/Challenger_League/Season_52/North_America/Cup_3,Overtake Sector,"intra,LEARSI,jason,flag=us,flag=us",
ESL/Challenger_League/Season_52/North_America/Cup_3,ESL/Challenger_League/Season_52/North_America/Cup_3,Villainous,"flag=ca,flag=us,flag=us,flag=us,flag=us",
ESL/Challenger_League/Season_52/North_America/Cup_3,ESL/Challenger_League/Season_52/North_America/Cup_3,Iowa Stormboar,"TyRa,Scorchyy,aelor,flag=us,H0NeST",
ESL/Challenger_League/Season_52/North_America/Cup_3,ESL/Challenger_League/Season_52/North_America/Cup_3,Zomblers,"CAJUN,Pose1doNN,flag=us,team=sportsbetexpert,",
ESL/Challenger_League/Season_52/North_America/Cup_3,ESL/Challenger_League/Season_52/North_America/Cup_3,DETONATE,"tatm,flag=us,flag=us,CrePoW,Feral",
ESL/Challenger_League/Season_52/North_America/Cup_3,ESL/Challenger_League/Season_52/North_America/Cup_3,EMPIRE (American team),"flag=lb,flag=ca,Walco,kmrn,team=iowa stormboar",
ESL/Challenger_League/Season_52/North_America/Cup_3,ESL/Challenger_League/Season_52/North_America/Cup_3,Club 333,"Marro,SecretAgent,kobruh,flag=mx,flag=mx",
ESL/Challenger_League/Season_52/North_America/Cup_3,ESL/Challenger_League/Season_52/North_America/Cup_3,Wanted Goons,"flag=us,flag=us,flag=us,flag=us,flag=us",{{Notes |{{Notes|October 4th - '''[[Wanted Goons]]''' sign {{player|LUKE4k|flag=us}}. }} }}
ESL/Challenger_League/Season_52/North_America/Cup_3,ESL/Challenger_League/Season_52/North_America/Cup_3,FarmVille,"BeaKie,flag=us,calamity,flag=kz,N2o",
ESL/Challenger_League/Season_52/North_America/Cup_3,ESL/Challenger_League/Season_52/North_America/Cup_3,ex-Reign Above,"Nifty,flag=us,flag=us,flag=us,flag=us",
ESL/Challenger_League/Season_52/North_America/Cup_3,ESL/Challenger_League/Season_52/North_America/Cup_3,New Legends,"flag=us,flag=us,flag=us,flag=ua,flag=us",
ESL/Challenger_League/Season_52/North_America/Cup_3,ESL/Challenger_League/Season_52/North_America/Cup_3,Marca Registrada,"flag=mx,4TAYLOR,cruzN,flag=ve,flag=gt",
CCT/2026/Europe/Series_10,CCT/2026/Europe/Series_10,Acend,"SPELLAN,Skrimo,h4rn,REDSTAR,SHiPZ",
CCT/2026/Europe/Series_10,CCT/2026/Europe/Series_10,Iberian Soul,"mopoz,dav1g,sausol,link=alex (Spanish player),Ag1l",
CCT/2026/Europe/Series_10,CCT/2026/Europe/Series_10,Nemiga Gaming,"khaN,SYPH0,KaiR0N-,robo,Xant3r",
CCT/2026/Europe/Series_10,CCT/2026/Europe/Series_10,SINNERS Esports,"beastik,SHOCK,kisserek,stressarN,MoDo",
CCT/2026/Europe/Series_10,CCT/2026/Europe/Series_10,Walczaki,"bajmi,olimp,reiko,sNx,",
CCT/2026/Europe/Series_10,CCT/2026/Europe/Series_10,Gothic,"shg,team=arcred,team=arcred,flag=no,flag=ru",
CCT/2026/Europe/Series_10,CCT/2026/Europe/Series_10,OMEGA,"dan4o,Botpa1,adai,Aldikon,def1zer",
CCT/2026/Europe/Series_10,CCT/2026/Europe/Series_10,CYBERSHOKE Esports,"alpha,Mokuj1n,Alkaren,nota,yiksrezo",{{Notes |{{Notes|September 28th - '''[[CYBERSHOKE Esports]]''' acquire {{player|yiksrezo|flag=ru}} from '''[[Team Nemesis]]'''. }} }}
CCT/2026/Europe/Series_10,CCT/2026/Europe/Series_10,Butterfly,"k1ssly,ayano,Kurama,nitzie,Forester",
CCT/2026/Europe/Series_10,CCT/2026/Europe/Series_10,Esport Academy Copenhagen,"bekker,n1Xen,sSen,anber,Fessor",
CCT/2026/Europe/Series_10,CCT/2026/Europe/Series_10,Leo Team,"leen,next1me,aimy,Tarkky,drac",
CCT/2026/Europe/Series_10,CCT/2026/Europe/Series_10,Black Phoenix,"4X1s,link=Salazar (Russian player),karnez,topo-,MRcreed",
CCT/2026/Europe/Series_10,CCT/2026/Europe/Series_10,WRAITH PCIFIC,"jresy,lugseN,scolleN,flag=tr,l0gicman",
CCT/2026/Europe/Series_10,CCT/2026/Europe/Series_10,MASONIC,"Botman,flag=dk,b0RUP,flag=dk,flag=dk",{{Notes |{{Notes|September 28th - '''[[MASONIC]]''' move {{player|Frøslev|flag=dk}} to a content creator role within the organization and acquire {{player|Bukhavez|flag=dk}} from '''[[AaB esport]]'''. }} }}
CCT/2026/Europe/Series_10,CCT/2026/Europe/Series_10,lavked,"sol,1NVISIBLEE,xm1nd,azukay,k4nfuz",
CCT/2026/Europe/Series_10,CCT/2026/Europe/Series_10,ex-RUSTEC,"Brilliance,jakekeS,youka,shalfey,team=cybershoke",
CCT/2026/Europe/Series_10,CCT/2026/Europe/Series_10,Nexus Gaming,"s0und,fNk,Nexius,shield,flag=ro",
CCT/2026/Europe/Series_10,CCT/2026/Europe/Series_10,Azuolas,"maty,yakuza,MAGILA,flag=lt,status=sub",
CCT/2026/Europe/Series_10,CCT/2026/Europe/Series_10,ENJOY.ru,"link=nbl (Russian player),flag=ru,flag=ru,reyoz,flag=ru,status=sub",
CCT/2026/Europe/Series_10,CCT/2026/Europe/Series_10,Esport BERG,"Rezst,Askan,flag=mk,flag=rs,flag=rs",
CCT/2026/Europe/Series_10,CCT/2026/Europe/Series_10,Noir Verse,"flag=ua,flag=ua,flag=lt,flag=ua,flag=ua",
CCT/2026/Europe/Series_10,CCT/2026/Europe/Series_10,Phantom Academy,"Ayteel,link=Brain (Polish player),flag=ua,team=apogee,flag=ua,status=sub",
CCT/2026/Europe/Series_10,CCT/2026/Europe/Series_10,megoshort,"Twinkey,robiin,zen,jayzaR,siz,status=sub",
CCT/2026/Europe/Series_10,CCT/2026/Europe/Series_10,ex-Zero Tenacity,"brutmonster,Cjoffo,Kind0,Dragon,VLDN",
IBUYPOWER/Masters/2026/Fl0m's_Mythical_LAN,IBUYPOWER/Masters/2026/Fl0m's_Mythical_LAN,M80,"Swisher,slaxz-,s1n,Lake,JBa",
IBUYPOWER/Masters/2026/Fl0m's_Mythical_LAN,IBUYPOWER/Masters/2026/Fl0m's_Mythical_LAN,Wildcard,"reck,HexT,nEMANHA,Cxzi,fr3nd",{{Notes |{{Notes|September 18th - '''[[Wildcard]]''' bench {{player|mhL|flag=pl}} and acquire {{player|fr3nd|flag=pl}} on loan from '''[[PURE]]''' as his replacement. }} }}
IBUYPOWER/Masters/2026/Fl0m's_Mythical_LAN,IBUYPOWER/Masters/2026/Fl0m's_Mythical_LAN,Team Liquid,"NAF,EliGE,malbsMd,Jorko,JT",
IBUYPOWER/Masters/2026/Fl0m's_Mythical_LAN,IBUYPOWER/Masters/2026/Fl0m's_Mythical_LAN,NRG,"nitr0,link=Sonic (South African player),Grim,Jeorge,hallzerk",{{Notes |{{Notes|September 25th - {{player|Ry|flag=co}} stands in for {{player|daps|flag=ca}} who misses the event due to illness. }} }}
IBUYPOWER/Masters/2026/Fl0m's_Mythical_LAN,IBUYPOWER/Masters/2026/Fl0m's_Mythical_LAN,Team Voca,"snav,nosraC,junior,MarKE,dare",
IBUYPOWER/Masters/2026/Fl0m's_Mythical_LAN,IBUYPOWER/Masters/2026/Fl0m's_Mythical_LAN,Chicken Coop,"Crisp,jared,REKMEISTER,link=Drop (Canadian player),WolfY",{{Notes |{{Notes|September 18th - '''[[Chicken Coop Esports]]''' part ways with {{player|mds|link=mds (American player)|flag=us}} by mutual agreement and add {{player|WolfY|flag=us}} as a stand-in for the event. }} }}
IBUYPOWER/Masters/2026/Fl0m's_Mythical_LAN,IBUYPOWER/Masters/2026/Fl0m's_Mythical_LAN,DENDELE CS,"gafolo,rdnzao,doc,koala,maxxkor",
IBUYPOWER/Masters/2026/Fl0m's_Mythical_LAN,IBUYPOWER/Masters/2026/Fl0m's_Mythical_LAN,BESTIA,"cass1n,timo,buda,drop,kauez",{{Notes |{{Notes|August 17th - '''[[BESTIA]]''' bench {{player|nacho|flag=ar}}. }} |{{Notes|August 25th - '''[[BESTIA]]''' part ways with {{player|tomaszin|flag=ar}}. }} |{{Notes|September 9th - '''[[BESTIA]]''' sign {{player|drop|flag=br}} and acquire {{player|kauez|flag=br}} on loan from '''[[paiN Gaming]]''' until the end of the year. }} }}
CCT/2026/Europe/Series_9,CCT/2026/Europe/Series_9,ex-sashi academy,,
Stake_Pulse/Beat_II,Stake_Pulse/Beat_II,100 Thieves,"rain,poiii,sirah,dev1ce,Gizmy",
Stake_Pulse/Beat_II,Stake_Pulse/Beat_II,ASTRAL,"flag=lv,flag=ee,RaY5ive,gxx-,swiz",
Stake_Pulse/Beat_II,Stake_Pulse/Beat_II,Astralis,"Staehr,jabbi,HooXi,phzy,link=ryu (Lithuanian player)",
Stake_Pulse/Beat_II,Stake_Pulse/Beat_II,Betclic Apogee Esports,"Prism,Demho,Qlocuu,Ex1st,ultimate",
Stake_Pulse/Beat_II,Stake_Pulse/Beat_II,EAC,"bekker,n1Xen,sSen,anber,Fessor",{{Notes |{{Notes|September 9th - {{player|wezx|flag=dk}} is acquired by '''[[BBL Esports]]'''. }} }}
Stake_Pulse/Beat_II,Stake_Pulse/Beat_II,Eternal Fire,"jottAAA,regali,MisteM,Kvem,soulfly",{{Notes |{{Notes|September 8th - '''[[Eternal Fire]]''' part ways with {{player|yT|flag=tr}}. }} |{{Notes|September 11th - '''[[Eternal Fire]]''' acquire {{player|Fabre|flag=tr}} from '''[[Aurora Gaming]]''' as the team's coach. }} }}
Stake_Pulse/Beat_II,Stake_Pulse/Beat_II,Fnatic,"fear,jambo,jackasmo,cairne,mazay",
Stake_Pulse/Beat_II,Stake_Pulse/Beat_II,HEROIC,"nilo,Chr1zN,susp,Martinez,Brollan",
Stake_Pulse/Beat_II,Stake_Pulse/Beat_II,JiJieHao,"m1N1,bibu,0SAMAS,sinnopsyy,CacaNito",
Stake_Pulse/Beat_II,Stake_Pulse/Beat_II,Johnny Speeds,"link=draken (William Sundin),hampus,Rack,bsover,Svedjehed",{{Notes |{{Notes|August 22nd - '''[[Johnny Speeds]]''' sign {{player|Rack|flag=se}} and {{player|bsover|flag=se}}. }} |{{Notes|September 1st - '''[[Johnny Speeds]]''' re-sign {{player|Svedjehed|flag=se}}. }} }}
Stake_Pulse/Beat_II,Stake_Pulse/Beat_II,Phantom Esports,"Kylar,KEi,TMB,nicoodoz,Kunai",{{Notes |{{Notes|September 21st - '''[[Phantom Esports]]''' part ways with {{player|lunAtic|flag=pl}}. }} }}
Stake_Pulse/Beat_II,Stake_Pulse/Beat_II,Sangal,"flag=tr,Joey,puuha,adamS,bnox",
Stake_Pulse/Beat_II,Stake_Pulse/Beat_II,Sashi,"Cabbi,Zyphon,MistR,acoR,Anlelele",
Stake_Pulse/Beat_II,Stake_Pulse/Beat_II,VP,"tO0RO,b1st,mir,AquaRS,F0R3VER",
Stake_Pulse/Beat_II,Stake_Pulse/Beat_II,FOKUS,"Matheos,Banjo,ztr,podi,jocab",
Stake_Pulse/Beat_II,Stake_Pulse/Beat_II,BBL Esports,"Leakz,salazar,NickyB,IceBerg,Boye",{{Notes |{{Notes|August 30th - '''[[Echo]]''' are signed by '''[[BBL Esports]]'''. }} |{{Notes|September 9th - '''[[BBL Esports]]''' acquire {{player|wezx|flag=dk}} from '''[[Esport Academy Copenhagen]]''' as the team's coach. }} }}
Stake_Pulse/Beat_II,Stake_Pulse/Beat_II,EYEBALLERS,"JW,dex,Ro1f,maxster,KRIMZ",
Stake_Pulse/Beat_II,Stake_Pulse/Beat_II,INFINITE,"kreaz,Dytor,sl3nd,Blytz,volt",
CCT/2026/South_America/Series_5,CCT/2026/South_America/Series_5,ex-guara,,
CCT/2026/South_America/Series_5,CCT/2026/South_America/Series_5,pugdesonesto,,
CCT/2026/South_America/Series_5,CCT/2026/South_America/Series_5,Galorys,"tomate,gbb,destiny,PKL,detr0ittJ",
CCT/2026/South_America/Series_5,CCT/2026/South_America/Series_5,Imperial Esports,"VINI,noway,chelo,decenty,saadzin",
CCT/2026/South_America/Series_5,CCT/2026/South_America/Series_5,Bounty Hunters Esports,"KAISER,link=zock (Uruguayan player),ponter,pepe,urban0",
CCT/2026/South_America/Series_5,CCT/2026/South_America/Series_5,UNO MILLE,"rem1x,ALLE,drg,flag=br,flag=br",{{Notes |{{Notes|August 24th - {{player|cLd|flag=br}} steps down from '''[[UNO MILLE]]'''.}} }}
CCT/2026/South_America/Series_5,CCT/2026/South_America/Series_5,Keyd Stars,"lash,xureba,zede,ckzao,f4stzin",{{Notes |{{Notes|August 25th - '''[[Keyd Stars]]''' part ways with {{player|Kaos|flag=br}}. }} }}
CCT/2026/South_America/Series_5,CCT/2026/South_America/Series_5,Yawara E-Sports,"j0w,tele,deemO,pancc,brn$",
CCT/2026/South_America/Series_5,CCT/2026/South_America/Series_5,Isurus,"deco,atarax1a,Hezz,dott1,rzk",{{Notes |{{Notes|August 25th - '''[[Isurus]]''' replace {{player|Xamp|flag=br}} with {{player|pino|flag=ar}}. }} }}
CCT/2026/South_America/Series_5,CCT/2026/South_America/Series_5,Metanoia Wolves,"spinnie,flag=br,flag=br,flag=br,flag=br",{{Notes |{{Notes|August 31th - '''[[Metanoia Wolves]]''' sign {{player|khowy|flag=br}} and {{player|Tineu|flag=br}}.}} }}
CCT/2026/South_America/Series_5,CCT/2026/South_America/Series_5,paiN Gaming Academy,"flag=br,flag=br,flag=br,Misfit,flag=br",
CCT/2026/South_America/Series_5,CCT/2026/South_America/Series_5,MEIA NOITE,"link=abr (Brazilian player),nyezin,bsd,CutzMeretz,team=mibr academy",
CCT/2026/South_America/Series_5,CCT/2026/South_America/Series_5,Procyon Team,"pavv+,lenci,flag=ar,flag=ar,laser",
CCT/2026/South_America/Series_5,CCT/2026/South_America/Series_5,BESTIA Academy,"flag=br,flag=ar,flag=br,flag=ar,flag=br",
CCT/2026/South_America/Series_5,CCT/2026/South_America/Series_5,Alka Esports,"flag=br,proSHOW,vinaabEAST,cerolzin,bnc",
CCT/2026/South_America/Series_5,CCT/2026/South_America/Series_5,BORRACHEIROS,"flag=br,flag=br,flag=br,flag=br,flag=br",
CCT/2026/South_America/Series_5,CCT/2026/South_America/Series_5,ex-Guará eSports,",,,,",
CCT/2026/South_America/Series_5,CCT/2026/South_America/Series_5,Grêmio Esports,"flag=br,flag=br,flag=br,flag=br,souz4h",
CCT/2026/South_America/Series_5,CCT/2026/South_America/Series_5,Sementes do Mal,"flag=br,flag=br,flag=br,flag=br,flag=br,status=sub",
CCT/2026/South_America/Series_5,CCT/2026/South_America/Series_5,Blitzkrieg (Mexican team),"TORITO,flag=mx,flag=mx,spamzzy,flag=mx",
CCT/2026/South_America/Series_5,CCT/2026/South_America/Series_5,DAMAJUANA,"flag=ar,flag=ar,flag=ar,flag=ar,flag=ar,nikito",
CCT/2026/South_America/Series_5,CCT/2026/South_America/Series_5,Pugdesonesto,"flag=br,flag=br,flag=br,flag=br,flag=br",
CCT/2026/South_America/Series_5,CCT/2026/South_America/Series_5,Zetta Games,"zockie,flag=pe,flag=co,flag=pe,flag=pe",
CCT/2026/South_America/Series_5,CCT/2026/South_America/Series_5,Mansão Maromba,"flag=br,flag=br,flag=br,flag=br,flag=br",
CCT/2026/South_America/Series_5,CCT/2026/South_America/Series_5,ODDIK,"nardes,diozera,flag=br,link=righi (Argentinian player),NEKIZ",{{Notes |{{Notes|August 20th - '''[[ODDIK]]''' sign {{Player|NEKIZ|flag=br}}. }} }}
CCT/2026/South_America/Series_5,CCT/2026/South_America/Series_5,Peladona,"history,t9rnay,mlhzin,nicks,Noktse",
NODWIN_Gaming/Clutch_Series/11,NODWIN_Gaming/Clutch_Series/11,Nuclear TigeRES,"senka,flouzer,z1k4,m1QUSE,ayuki",
NODWIN_Gaming/Clutch_Series/11,NODWIN_Gaming/Clutch_Series/11,3DMAX,"link=Lucky (French player),Maka,Graviti,misutaaa,Kursy",
NODWIN_Gaming/Clutch_Series/11,NODWIN_Gaming/Clutch_Series/11,HOTU,"link=mizu (Russian player),kade0,frontales,n0rb3r7,dwushka",
NODWIN_Gaming/Clutch_Series/11,NODWIN_Gaming/Clutch_Series/11,INFINITE,"kreaz,Dytor,sl3nd,Blytz,volt",
NODWIN_Gaming/Clutch_Series/11,NODWIN_Gaming/Clutch_Series/11,Team Nemesis,"SELLTER,Sdaim,tex1y,mag1k3Y,r3salt",
NODWIN_Gaming/Clutch_Series/11,NODWIN_Gaming/Clutch_Series/11,1w Team,"nafany,Ax1Le,ArtFr0st,fame,BELCHONOKK,team=ww team",
NODWIN_Gaming/Clutch_Series/11,NODWIN_Gaming/Clutch_Series/11,BBL Esports,"Leakz,salazar,NickyB,IceBerg,Boye",{{Notes |{{Notes|August 30th - '''[[Echo]]''' are signed by '''[[BBL Esports]]'''. }} }}
NODWIN_Gaming/Clutch_Series/11,NODWIN_Gaming/Clutch_Series/11,Walczaki,"bajmi,SaMey,olimp,reiko,sNx",{{Notes |{{Notes|September 2nd - '''[[Walczaki]]''' part ways with {{player|moonwalk|flag=pl}} and add {{player|sNx|flag=pl}}. }} }}
NODWIN_Gaming/Clutch_Series/11,NODWIN_Gaming/Clutch_Series/11,ex-RUBY,"sh1nejezzz,relaxxie,1eeR,team=nemiga,team=cybershoke,status=sub",{{Notes |{{Notes|August 22nd - {{player|H4SAN4TOR|flag=ru}} is signed by '''[[CYBERSHOKE Esports]]'''. }} }}
NODWIN_Gaming/Clutch_Series/11,NODWIN_Gaming/Clutch_Series/11,Color,"lattykk,oz1k,cronuss,Qikert,reyoz,status=sub",
NODWIN_Gaming/Clutch_Series/11,NODWIN_Gaming/Clutch_Series/11,UPGRADE Team,"tw1sterzaza,SquEzxc,pleynnn,desl3bio,DAN9ARMATURA",{{Notes |{{Notes|August 25th - '''[[CYBERSHOKE Prospects]]'''<sup>'</sup> lineup is acquired by '''[[UPGRADE Team]]'''. }} }}
NODWIN_Gaming/Clutch_Series/11,NODWIN_Gaming/Clutch_Series/11,INOX Division,"k1slll,k0s,finW,FenomeN,gooddeph",{{Notes |{{Notes|August 14th - '''[[INOX Division]]''' re-sign {{player|gooddeph|flag=ru}}. }} }}
NODWIN_Gaming/Clutch_Series/11,NODWIN_Gaming/Clutch_Series/11,Nordic Partners Gaming,"k1to,myltsi,Marix,Maze,flag=pl,status=sub",
NODWIN_Gaming/Clutch_Series/11,NODWIN_Gaming/Clutch_Series/11,GenOne,"Chuckyy,Brooxsy,Djoko,Keoz,flag=fr",
NODWIN_Gaming/Clutch_Series/11,NODWIN_Gaming/Clutch_Series/11,Butterfly (Russian team),"k1ssly,flag=ru,Kurama,nitzie,Forester",
NODWIN_Gaming/Clutch_Series/11,NODWIN_Gaming/Clutch_Series/11,33,"executor,z1Nny,bluewh1te,Raijin,synyx",{{Notes |{{Notes|August 17th - '''[[33]]''' part ways with {{player|kinqie|flag=ru}}. }} |{{Notes|August 18th - '''[[33]]''' acquire {{Player|Raijin|flag=ru}} and {{player|synyx|flag=ua}} from '''[[ARCRED]]'''. }} }}
NODWIN_Gaming/Clutch_Series/11,NODWIN_Gaming/Clutch_Series/11,Black Phoenix,"4X1s,link=Salazar (Russian player),karnez,topo-,team=nemesis",
NODWIN_Gaming/Clutch_Series/11,NODWIN_Gaming/Clutch_Series/11,Leo Team,"leen,next1me,aimy,Tarkky,drac",
NODWIN_Gaming/Clutch_Series/11,NODWIN_Gaming/Clutch_Series/11,SPARTA Esports,"NickelBack,El1an,TRAVIS,team=insilio,team=cybershoke,status=sub,team=BetBoom Team",{{Notes |{{Notes|August 17th - {{player|Djon8|flag=ru}} is acquired by '''[[Young TigeRES]]'''. }} }}
NODWIN_Gaming/Clutch_Series/11,NODWIN_Gaming/Clutch_Series/11,illwill,",,,,",
NODWIN_Gaming/Clutch_Series/11,NODWIN_Gaming/Clutch_Series/11,boomerang,,
NODWIN_Gaming/Clutch_Series/11,NODWIN_Gaming/Clutch_Series/11,Boomerang,",,,,",
NODWIN_Gaming/Clutch_Series/11,NODWIN_Gaming/Clutch_Series/11,MOUZ NXT,"ay0k,Nikodeon,opdust,flag=fr,flag=cn",
NODWIN_Gaming/Clutch_Series/11,NODWIN_Gaming/Clutch_Series/11,G2 Ares,"tAk,hitori,Junyme,yksjupe,SHiNE",
NODWIN_Gaming/Clutch_Series/11,NODWIN_Gaming/Clutch_Series/11,Bebop,"faydett,iDISBALANCE,lov1kus,flag=ru,flag=ru",
NODWIN_Gaming/Clutch_Series/11,NODWIN_Gaming/Clutch_Series/11,HYPERSPIRIT,"Ciocardau,d1maje,starplajerz,Q-Q,Scr0b,status=sub",
NODWIN_Gaming/Clutch_Series/11,NODWIN_Gaming/Clutch_Series/11,Just Players,"link=spirit (Russian player),sstiNiX,sm3t,h1te,Something",
NODWIN_Gaming/Clutch_Series/11,NODWIN_Gaming/Clutch_Series/11,The Last Resort,"arTisT,Extinct,Vacancy,bevve,Girafffe",
NODWIN_Gaming/Clutch_Series/11,NODWIN_Gaming/Clutch_Series/11,Nexus Gaming,"s0und,fNk,SBT,Nexius,shield",
NODWIN_Gaming/Clutch_Series/11,NODWIN_Gaming/Clutch_Series/11,ex-Zero Tenacity,"brutmonster,Cjoffo,Kind0,Dragon,VLDN",
NODWIN_Gaming/Clutch_Series/11,NODWIN_Gaming/Clutch_Series/11,Permitta Esports,"AdrieN,maaryy,Markoś,tomiko,flag=pl,flag=pl","{{Notes |{{Notes|August 13th - '''[[Permitta Esports]]''' sign '''[[los kogutos]]'''' core lineup consisting of {{player|AdrieN|flag=pl}}, {{player|Markoś|flag=pl}}, {{player|maaryy|flag=pl}} and {{player|tomiko|flag=pl}}, and add {{player|showk|flag=pl}} and {{player|pako|flag=pl}}, the latter as the team's coach. }} }}"
NODWIN_Gaming/Clutch_Series/11,NODWIN_Gaming/Clutch_Series/11,Enjoy.ru,"flag=ru,flag=ru,link=nbl (Russian player),flag=ru,flag=ru",
NODWIN_Gaming/Clutch_Series/11,NODWIN_Gaming/Clutch_Series/11,ex-RUSTEC,"Brilliance,jakekeS,youka,team=sangal,team=9pandas,bl1x1",
NODWIN_Gaming/Clutch_Series/11,NODWIN_Gaming/Clutch_Series/11,Inner Circle Academy,"3ippoch,flag=ua,flag=ua,flag=ua,Flierax",
NODWIN_Gaming/Clutch_Series/11,NODWIN_Gaming/Clutch_Series/11,Honvéd Esport,"noleN,flag=hu,flag=hu,1NSERT2,marTineZ,status=sub",
NODWIN_Gaming/Clutch_Series/11,NODWIN_Gaming/Clutch_Series/11,Bushido Wildcats,"darendeli,Vej,cadnyx,cacan,Muk0s",
NODWIN_Gaming/Clutch_Series/11,NODWIN_Gaming/Clutch_Series/11,ENCE,"teme,millert,Schwarz,HENU,joeski",{{Notes |{{Notes|August 13th - '''[[ENCE]]''' bench {{player|Cliqq|flag=fi}} and sign {{player|joeski|flag=fi}} on a trial basis. }} }}
Esports_World_Cup/2026/Qualifier,Esports_World_Cup/2026/Qualifier,100 Thieves,"rain,poiii,sirah,dev1ce,Gizmy",
Esports_World_Cup/2026/Qualifier,Esports_World_Cup/2026/Qualifier,1w Team,"nafany,Ax1Le,ArtFr0st,fame,BELCHONOKK",
Esports_World_Cup/2026/Qualifier,Esports_World_Cup/2026/Qualifier,Acend,"SPELLAN,Skrimo,KalubeR,h4rn,REDSTAR",
Esports_World_Cup/2026/Qualifier,Esports_World_Cup/2026/Qualifier,BC.Game Esports,"s1mple,electroNic,Senzu,Magisk,mzinho",
Esports_World_Cup/2026/Qualifier,Esports_World_Cup/2026/Qualifier,Betclic Apogee Esports,"Prism,Demho,Qlocuu,Ex1st,fr3nd",
Esports_World_Cup/2026/Qualifier,Esports_World_Cup/2026/Qualifier,BIG,"tabseN,JDC,gr1ks,blameF,faveN",
Esports_World_Cup/2026/Qualifier,Esports_World_Cup/2026/Qualifier,EYEBALLERS,"JW,dex,Ro1f,maxster,KRIMZ",
Esports_World_Cup/2026/Qualifier,Esports_World_Cup/2026/Qualifier,Fnatic,"fear,jambo,jackasmo,cairne,mazay",
Esports_World_Cup/2026/Qualifier,Esports_World_Cup/2026/Qualifier,GenOne,"Chuckyy,Brooxsy,Djoko,Keoz,flag=fr",
Esports_World_Cup/2026/Qualifier,Esports_World_Cup/2026/Qualifier,HEROIC,"nilo,Chr1zN,susp,Martinez,Brollan",
Esports_World_Cup/2026/Qualifier,Esports_World_Cup/2026/Qualifier,HOTU,"link=mizu (Russian player),kade0,frontales,n0rb3r7,dwushka",
Esports_World_Cup/2026/Qualifier,Esports_World_Cup/2026/Qualifier,IC Esports,"onic,Dawy,zeRRoFIX,cptkurtka023,headtr1ck",
Esports_World_Cup/2026/Qualifier,Esports_World_Cup/2026/Qualifier,JiJieHao,"m1N1,bibu,0SAMAS,sinnopsyy,CacaNito",
Esports_World_Cup/2026/Qualifier,Esports_World_Cup/2026/Qualifier,K27,"kashl1d,xeedo,qw1nk1,X5G7V,clax",
Esports_World_Cup/2026/Qualifier,Esports_World_Cup/2026/Qualifier,Phantom Esports,"Kylar,KEi,TMB,nicoodoz,cej0t",
Esports_World_Cup/2026/Qualifier,Esports_World_Cup/2026/Qualifier,Sashi Esport,"Cabbi,Zyphon,MistR,acoR,Anlelele",
Esports_World_Cup/2026/Qualifier,Esports_World_Cup/2026/Qualifier,9INE,"raalz,kraghen,Flayy,b1elany,St0m4k",
Esports_World_Cup/2026/Qualifier,Esports_World_Cup/2026/Qualifier,ASTRAL Esports,"flag=lv,flag=ee,RaY5ive,gxx-,swiz",
Esports_World_Cup/2026/Qualifier,Esports_World_Cup/2026/Qualifier,DENDELE CS,"gafolo,rdnzao,doc,koala,maxxkor",
Esports_World_Cup/2026/Qualifier,Esports_World_Cup/2026/Qualifier,Echo,"Leakz,salazar,NickyB,IceBerg,Boye",
Esports_World_Cup/2026/Qualifier,Esports_World_Cup/2026/Qualifier,Eternal Fire,"jottAAA,regali,MisteM,Kvem,br0",
Esports_World_Cup/2026/Qualifier,Esports_World_Cup/2026/Qualifier,Fluxo W7M,"zevy,kye,exit,dav1deuS,ltz",
Esports_World_Cup/2026/Qualifier,Esports_World_Cup/2026/Qualifier,FOKUS,"Matheos,Banjo,ztr,podi,jocab",
Esports_World_Cup/2026/Qualifier,Esports_World_Cup/2026/Qualifier,Iberian Soul,"mopoz,dav1g,sausol,link=alex (Spanish player),CRUC1AL",{{Notes |{{Notes|August 7 - '''[[Iberian Soul]]''' reforms after '''[[Gentle Mates]]''' part ways with their lineup. }} }}
Esports_World_Cup/2026/Qualifier,Esports_World_Cup/2026/Qualifier,INFINITE,"kreaz,Dytor,sl3nd,Blytz,volt",
Esports_World_Cup/2026/Qualifier,Esports_World_Cup/2026/Qualifier,NRG,"nitr0,link=Sonic (South African player),Grim,Jeorge,hallzerk",
Esports_World_Cup/2026/Qualifier,Esports_World_Cup/2026/Qualifier,OG,"spooke,adamb,cadiaN,bodyy,pr1metapz",
Esports_World_Cup/2026/Qualifier,Esports_World_Cup/2026/Qualifier,Prestige Esport,"fejtZ,qx,flag=dk,jelo,oopee",{{Notes |{{Notes|August 6th - '''[[Prestige Esport]]''' bench {{player|Folke|flag=dk}} and sign {{player|oopee|flag=fi}}. }} |{{Notes|August 7th - '''[[Prestige Esport]]''' sign {{player|ko5te|flag=dk}} as the team's coach. }} }}
Esports_World_Cup/2026/Qualifier,Esports_World_Cup/2026/Qualifier,SAW,"ewjerkz,NOPEEj,MUTiRiS,krazy,story",
Esports_World_Cup/2026/Qualifier,Esports_World_Cup/2026/Qualifier,SINNERS Esports,"beastik,SHOCK,kisserek,stressarN,MoDo",
Esports_World_Cup/2026/Qualifier,Esports_World_Cup/2026/Qualifier,Team Liquid,"NAF,EliGE,malbsMd,Jorko,JT",
Esports_World_Cup/2026/Qualifier,Esports_World_Cup/2026/Qualifier,Virtus.pro,"tO0RO,b1st,mir,AquaRS,F0R3VER",
Esports_World_Cup/2026/Qualifier,Esports_World_Cup/2026/Qualifier,6666 Esports,"flag=ua,flag=md,rendysky,amster,kL1o",
Esports_World_Cup/2026/Qualifier,Esports_World_Cup/2026/Qualifier,ABT Esports,"flag=pt,flag=pt,flag=pt,flag=pt,link=blaze (Portuguese player)",
Esports_World_Cup/2026/Qualifier,Esports_World_Cup/2026/Qualifier,Aogiri,"flag=fr,flag=fr,flag=fr,flag=fr,flag=fr",
Esports_World_Cup/2026/Qualifier,Esports_World_Cup/2026/Qualifier,BASEMENT BOYS,"Tr0ublE,OWNER,fakerealityy,maggent,kr1vda",
Esports_World_Cup/2026/Qualifier,Esports_World_Cup/2026/Qualifier,Citron Esport,"Zeusa,flag=fr,flag=fr,link=Ethan (French player),flag=fr",
Esports_World_Cup/2026/Qualifier,Esports_World_Cup/2026/Qualifier,Dark Tigre,"flag=fr,flag=fr,flag=fr,flag=fr,flag=ua",
Esports_World_Cup/2026/Qualifier,Esports_World_Cup/2026/Qualifier,Dhala Esport,"flag=fr,flag=fr,flag=fr,AZIDOT,flag=fr",
Esports_World_Cup/2026/Qualifier,Esports_World_Cup/2026/Qualifier,DUSTY,"flag=is,flag=is,flag=is,peterr,link=Tony (Icelandic player)",
Esports_World_Cup/2026/Qualifier,Esports_World_Cup/2026/Qualifier,Esport Academy Copenhagen,"bekker,n1Xen,sSen,anber,Fessor",
Esports_World_Cup/2026/Qualifier,Esports_World_Cup/2026/Qualifier,FKOMAR_FPL-C,"flag=ua,flag=ua,flag=ua,flag=ua,flag=ua",
Esports_World_Cup/2026/Qualifier,Esports_World_Cup/2026/Qualifier,Galactik Rebels 501st,"flag=fr,flag=fr,flag=fr,flag=fr,flag=fr",
Esports_World_Cup/2026/Qualifier,Esports_World_Cup/2026/Qualifier,Giant Pandas,"flag=ua,flag=ua,flag=ua,flag=ua,flag=ua",
Esports_World_Cup/2026/Qualifier,Esports_World_Cup/2026/Qualifier,lafox,"flag=fr,link=Matt (French player),flag=fr,flag=fr,flag=be",
Esports_World_Cup/2026/Qualifier,Esports_World_Cup/2026/Qualifier,levelONE esports,"flag=al,flag=al,flag=mk,tonzah,flag=xk",
Esports_World_Cup/2026/Qualifier,Esports_World_Cup/2026/Qualifier,MANGANESE,"flag=fr,flag=fr,flag=fr,flag=be,flag=fr",
Esports_World_Cup/2026/Qualifier,Esports_World_Cup/2026/Qualifier,Metizport,"Plopski,MaiL09,forsyy,stanislaw,F1KU",
Esports_World_Cup/2026/Qualifier,Esports_World_Cup/2026/Qualifier,Nade Gaming,"flag=al,flag=al,flag=al,flag=al,flag=al",
Esports_World_Cup/2026/Qualifier,Esports_World_Cup/2026/Qualifier,NIO Esports,"flag=fr,flag=fr,flag=fr,flag=fr,flag=fr",
Esports_World_Cup/2026/Qualifier,Esports_World_Cup/2026/Qualifier,Orion Wanderers,"flag=br,flag=hu,flag=fr,flag=pl,flag=hr",
Esports_World_Cup/2026/Qualifier,Esports_World_Cup/2026/Qualifier,Partizan Esports,"flag=ba,flag=rs,flag=rs,flag=ba,flag=hr",
Esports_World_Cup/2026/Qualifier,Esports_World_Cup/2026/Qualifier,PASSION CHICHA,"flag=fr,flag=fr,flag=fr,flag=fr,flag=fr",
Esports_World_Cup/2026/Qualifier,Esports_World_Cup/2026/Qualifier,QueenConso,"flag=fr,XpG,nonick,link=FARIS (French player),Kan4",
Esports_World_Cup/2026/Qualifier,Esports_World_Cup/2026/Qualifier,REM,"flag=cz,flag=cz,flag=cz,flag=cz,flag=cz",
Esports_World_Cup/2026/Qualifier,Esports_World_Cup/2026/Qualifier,REVENIX,"flag=ua,flag=ua,flag=ua,flag=ua,flag=ua",
Esports_World_Cup/2026/Qualifier,Esports_World_Cup/2026/Qualifier,SadFamous,"flag=ua,flag=ua,flag=ua,flag=ua,flag=ua",
Esports_World_Cup/2026/Qualifier,Esports_World_Cup/2026/Qualifier,Sangal Esports,"flag=tr,Joey,puuha,adamS,bnox",
Esports_World_Cup/2026/Qualifier,Esports_World_Cup/2026/Qualifier,Spirit Esports,"flag=hu,flag=hu,flag=hu,flag=hu,flag=hu",
Esports_World_Cup/2026/Qualifier,Esports_World_Cup/2026/Qualifier,team_Kreazion,"flag=fr,flag=fr,flag=fr,flag=fr,flag=fr",
Esports_World_Cup/2026/Qualifier,Esports_World_Cup/2026/Qualifier,Vael,"flag=mk,flag=mk,flag=mk,flag=mk,flag=ee",
Esports_World_Cup/2026/Qualifier,Esports_World_Cup/2026/Qualifier,Vandulken,"flag=ua,flag=ua,flag=ua,flag=ua,flag=ua",
Esports_World_Cup/2026/Qualifier,Esports_World_Cup/2026/Qualifier,z to forward,"AMANEK,flag=fr,flag=fr,flag=fr,flag=fr",
Esports_World_Cup/2026/Qualifier,Esports_World_Cup/2026/Qualifier,Zeste Esport,"flag=fr,flag=fr,flag=fr,flag=fr,flag=fr",
CCT/2026/Europe/Series_6,CCT/2026/Europe/Series_6,Walczaki,"bajmi,SaMey,olimp,moonwalk,reiko",{{Notes |{{Notes|July 26th - '''[[Walczaki]]''' replace {{player|sk1tt|flag=pl}} with {{player|reiko|flag=pl}}. }} }}
CCT/2026/Europe/Series_6,CCT/2026/Europe/Series_6,ARCRED,"shg,Ryujin,Raijin,synyx,Get_Jeka",
CCT/2026/Europe/Series_6,CCT/2026/Europe/Series_6,WW TEAM,"ct0m,StRoGo,m3wsu,deko,kelieN",
CCT/2026/Europe/Series_6,CCT/2026/Europe/Series_6,CYBERSHOKE Esports,"bl1x1,glowiing,alpha,Mokuj1n,Alkaren",
CCT/2026/Europe/Series_6,CCT/2026/Europe/Series_6,Nordic Partners Gaming,"k1to,myltsi,Marix,Maze,flag=pl","{{Notes |{{Notes|July 27th - '''[[Nordic Partners Gaming]]''' acquire '''[[AM Gaming]]''''s roster while adding {{player|Marix|flag=lx}}, {{player|Maze|flag=dk}}, and {{player|Muciek|flag=pl}}. }} }}"
CCT/2026/Europe/Series_6,CCT/2026/Europe/Series_6,33,"kinqie,executor,z1Nny,bluewh1te,flag=ru",{{Notes |{{Notes|August 7th - '''[[33]]''' part ways with {{player|KIRO|flag=ru}}. }} }}
CCT/2026/Europe/Series_6,CCT/2026/Europe/Series_6,Butterfly (Russian team),"k1ssly,flag=ru,Kurama,nitzie,Forester",{{Notes |{{Notes|August 1st - '''[[Butterfly (Russian team)|Butterfly]]''' replace {{player|emiiri|flag=ru}} with {{player|Forester|flag=ru}}. }} }}
CCT/2026/Europe/Series_6,CCT/2026/Europe/Series_6,lavked,"sol,1NVISIBLEE,xm1nd,KENSi,takanashi",
CCT/2026/Europe/Series_6,CCT/2026/Europe/Series_6,SPARTA Esports,"NickelBack,El1an,TRAVIS,Djon8,k4nfuz",
CCT/2026/Europe/Series_6,CCT/2026/Europe/Series_6,GenOne,"Chuckyy,Brooxsy,Djoko,Keoz,flag=fr",{{Notes |{{Notes|July 22nd - '''[[GenOne]]''' sign {{player|Keoz|flag=be}} and {{player|bL4SEZ|flag=fr}}. }} }}
CCT/2026/Europe/Series_6,CCT/2026/Europe/Series_6,Black Phoenix,"4X1s,link=Salazar (Russian player),karnez,topo-,team=nemesis,results=false",
CCT/2026/Europe/Series_6,CCT/2026/Europe/Series_6,Atreides,"Chill,Goody,DEPRESHN,team=clutchain,team=clutchain",
CCT/2026/Europe/Series_6,CCT/2026/Europe/Series_6,ex-RUSTEC,"Brilliance,jakekeS,youka,team=sangal,team=9pandas,status=former",
CCT/2026/Europe/Series_6,CCT/2026/Europe/Series_6,Just Players,"link=spirit (Russian player),sstiNiX,sm3t,h1te,Something,status=former",
CCT/2026/Europe/Series_6,CCT/2026/Europe/Series_6,los kogutos,"AdrieN,maaryy,Markoś,tomiko,hotd0g",
CCT/2026/Europe/Series_6,CCT/2026/Europe/Series_6,Rune Eaters Esports,"forkyz,her1tage,kumao,noni,demente",{{Notes |{{Notes|July 30th - '''[[Rune Eaters Esports]]''' part ways with {{player|yariksupra|flag=ru}}. }} }}
CCT/2026/Europe/Series_6,CCT/2026/Europe/Series_6,ex-MANA eSports,"ammar,BledarD,cerber,team=big academy,vAloN",
CCT/2026/Europe/Series_6,CCT/2026/Europe/Series_6,UNiTY esports,"M1key,KWERTZZ,2high,fnl,Sn0w",
CCT/2026/Europe/Series_6,CCT/2026/Europe/Series_6,ex-Young Ninjas,"rud,tein,joeski,mASKED,team=apogee,results=false",{{Notes |{{Notes|July 20th - '''[[Young Ninjas]]''' part ways with their lineup. }} }}
CCT/2026/Europe/Series_6,CCT/2026/Europe/Series_6,IC Academy,"3ippoch,NaYz,flag=ua,flag=ua,flag=ua",
CCT/2026/Europe/Series_6,CCT/2026/Europe/Series_6,Honvéd Esport,"marTineZ,flag=hu,flag=hu,1NSERT2,noleN,played=true",
CCT/2026/Europe/Series_6,CCT/2026/Europe/Series_6,NEW VISION,"fen2k,flag=md,flag=ru,flag=ru,flag=ru",
CCT/2026/Europe/Series_6,CCT/2026/Europe/Series_6,ENJOY.ru,"flag=ru,flag=ru,link=nbl (Russian player),flag=ru,flag=ru",
CCT/2026/Europe/Series_6,CCT/2026/Europe/Series_6,Mai tai,"chudy,link=Nami (Polish player),Melavi,darchevile,flag=pl",
CCT/2026/Europe/Series_6,CCT/2026/Europe/Series_6,clair obscur,,
NODWIN_Gaming/Clutch_Series/10,NODWIN_Gaming/Clutch_Series/10,mai tai,,
NODWIN_Gaming/Clutch_Series/10,NODWIN_Gaming/Clutch_Series/10,entropy,,
Stake_Pulse/Beat_I,Stake_Pulse/Beat_I,atputies,,
Stake_Pulse/Beat_I,Stake_Pulse/Beat_I,6666 Esports,"flag=ua,flag=md,rendysky,amster,kL1o","{{Notes |{{Notes|July 18th - '''[[6666 Esports]]''' sign {{player|rendysky|flag=ua}}, {{player|amster|flag=ua}}, and {{Player|kL1o|flag=ua}}. }} }}"
Stake_Pulse/Beat_I,Stake_Pulse/Beat_I,9INE,"raalz,kraghen,Flayy,b1elany,St0m4k",{{Notes |{{Notes|July 3rd - '''[[9INE]]''' sign {{player|b1elany|flag=pl}}. }} |{{Notes|August 2nd - {{player|St0m4k|flag=ua}} stands in for {{player|rim3|flag=tr}} who misses the event due to visa issues. }} }}
Stake_Pulse/Beat_I,Stake_Pulse/Beat_I,Acend,"SPELLAN,Skrimo,KalubeR,h4rn,REDSTAR",
Stake_Pulse/Beat_I,Stake_Pulse/Beat_I,atpūties,"flag=lv,flag=lv,flag=lv,flag=lv,flag=lv",{{Notes |{{Notes|August 1st - '''[[atpūties]]''' withdraw from the event. }} }}
Stake_Pulse/Beat_I,Stake_Pulse/Beat_I,Betclic Apogee Esports,"Prism,Demho,Qlocuu,Ex1st,fr3nd","{{Notes |{{Notes|July 9th - '''[[Betclic Apogee Esports]]''' bench {{player|Dr3nquu|flag=pl}} and part ways with {{player|hades|flag=pl}}. }} |{{Notes|July 10th - '''[[Betclic Apogee Esports]]''' part ways with {{player|Bogdan|flag=pl}}. }} |{{Notes|July 22nd - '''[[Betclic Apogee Esports]]''' sign {{player|Qlocuu|flag=pl}}, {{player|Ex1st|flag=pl}} and {{player|SZPERO|flag=pl}}, the latter as the team's coach. }} }}"
Stake_Pulse/Beat_I,Stake_Pulse/Beat_I,BRUTE,"hfah,nbqq,majky,aidKiT,ZEDKO",{{Notes |{{Notes|July 9th - '''[[BRUTE]]''' bench {{player|realzen|flag=sk}}. }} |{{Notes|July 16th - '''[[BRUTE]]''' sign {{player|ZEDKO|flag=cz}}. }} }}
Stake_Pulse/Beat_I,Stake_Pulse/Beat_I,Fnatic,"fear,jambo,jackasmo,cairne,flag=ua",{{Notes |{{Notes|July 1st - '''[[Fnatic]]''' acquire {{player|cairne|flag=ua}} from '''[[Ninjas in Pyjamas]]'''. }} |{{Notes|July 9th - '''[[Fnatic]]''' bench {{Player|Br4tkO|flag=ua}} and acquire {{player|mazay|flag=ua}} from '''[[Team Spirit Academy]]'''. }} }}
Stake_Pulse/Beat_I,Stake_Pulse/Beat_I,G2 Ares,"tAk,hitori,Junyme,flag=fi,SHiNE",
Stake_Pulse/Beat_I,Stake_Pulse/Beat_I,Johnny Speeds,"link=draken (William Sundin),hampus,Rack,bsover,Svedjehed","{{Notes |{{Notes|June 30th - '''[[Johnny Speeds]]''' part ways with {{player|Sapec|flag=se}}. }} |{{Notes|July 7th - '''[[Johnny Speeds]]''' bench {{player|Lekr0|flag=se}}, {{player|nawwk|flag=se}} and {{player|friberg|flag=se}}. }} |{{Notes|July 10th - '''[[Johnny Speeds]]''' reinstate {{player|draken|flag=se|link=Draken_(William_Sundin)}} to the starting lineup. }} |{{Notes|July 11th - '''[[Johnny Speeds]]''' sign {{player|hampus|flag=se}}. }} |{{Notes|July 16th - {{player|jocab|flag=se}} is a"
Stake_Pulse/Beat_I,Stake_Pulse/Beat_I,Lilmix,"quix,Wonder,Jackinho,b0denmaster,dezt",
Stake_Pulse/Beat_I,Stake_Pulse/Beat_I,Metizport,"Plopski,MaiL09,forsyy,stanislaw,F1KU",{{Notes |{{Notes|July 1st - '''[[Metizport]]''' part ways with {{player|isak|flag=se}} following the expiration of his contract. }} |{{Notes|July 10th - '''[[Metizport]]''' reinstate {{player|MaiL09|flag=se}} into the starting lineup. }} }}
Stake_Pulse/Beat_I,Stake_Pulse/Beat_I,Team Liquid,"NAF,EliGE,malbsMd,Jorko,JT",{{Notes |{{Notes|July 9th - '''[[Team Liquid]]''' bench {{player|ultimate|flag=pl}} and acquire {{player|Jorko|flag=bg}} from '''[[FOKUS]]''' as his replacement. }} |{{Notes|July 21st - '''[[Team Liquid]]''' bench {{player|siuhy|flag=pl}}. }} |{{Notes|July 22nd - '''[[Team Liquid]]''' acquire {{player|JT|flag=za}} from '''[[Passion UA]]'''. }} }}
Stake_Pulse/Beat_I,Stake_Pulse/Beat_I,The Last Resort,"arTisT,Extinct,Vacancy,bevve,Girafffe",
Stake_Pulse/Beat_I,Stake_Pulse/Beat_I,XCLAN,"flag=se,flag=se,flag=se,flag=se,flag=se",
Stake_Pulse/Beat_I,Stake_Pulse/Beat_I,HOTU,"link=mizu (Russian player),kade0,frontales,n0rb3r7,dwushka",
Stake_Pulse/Beat_I,Stake_Pulse/Beat_I,Esport Academy Copenhagen,"bekker,n1Xen,sSen,anber,Fessor",{{Notes |{{Notes|June 30th - '''[[Esport Academy Copenhagen]]''' part ways with {{player|sh1Fu|flag=dk}}. }} |{{Notes|July 18th - '''[[Esport Academy Copenhagen]]''' sign {{player|Fessor|flag=dk}}. }} }}
Thunderpick/World_Championship/2026/Europe/2,Thunderpick/World_Championship/2026/Europe/2,JiJieHao,"m1N1,bibu,0SAMAS,sinnopsyy,CacaNito",
Thunderpick/World_Championship/2026/Europe/2,Thunderpick/World_Championship/2026/Europe/2,Walczaki,"bajmi,SaMey,olimp,moonwalk,reiko",{{Notes |{{Notes|July 26th - '''[[Walczaki]]''' replace {{player|sk1tt|flag=pl}} with {{player|reiko|flag=pl}}. }} }}
Thunderpick/World_Championship/2026/Europe/2,Thunderpick/World_Championship/2026/Europe/2,ex-1w Team,"lattykk,oz1k,cronuss,Qikert,reyoz",{{Notes |{{Notes|July 31st - '''[[1w Team]]''' bench their lineup. }} }}
Thunderpick/World_Championship/2026/Europe/2,Thunderpick/World_Championship/2026/Europe/2,CYBERSHOKE Esports,"bl1x1,glowiing,alpha,Mokuj1n,Alkaren",
Thunderpick/World_Championship/2026/Europe/2,Thunderpick/World_Championship/2026/Europe/2,lavked,"sol,1NVISIBLEE,xm1nd,KENSi,7tetsu",
Thunderpick/World_Championship/2026/Europe/2,Thunderpick/World_Championship/2026/Europe/2,INOX Division,"k1slll,k0s,finW,FenomeN,notineki",
Thunderpick/World_Championship/2026/Europe/2,Thunderpick/World_Championship/2026/Europe/2,BASEMENT BOYS,"Tr0ublE,OWNER,fakerealityy,maggent,kr1vda",
Thunderpick/World_Championship/2026/Europe/2,Thunderpick/World_Championship/2026/Europe/2,GenOne,"Chuckyy,Brooxsy,Djoko,Keoz,flag=fr",{{Notes |{{Notes|July 22nd - '''[[GenOne]]''' sign {{player|Keoz|flag=be}} and {{player|bL4SEZ|flag=fr}}. }} }}
Thunderpick/World_Championship/2026/Europe/2,Thunderpick/World_Championship/2026/Europe/2,WOPA Esport,"Zanto,Patti,kwezz,sL1m3,Queenix",{{Notes |{{Notes|July 21st - '''[[WOPA Esport]]''' sign {{player|Queenix|flag=dk}}. }} }}
Thunderpick/World_Championship/2026/Europe/2,Thunderpick/World_Championship/2026/Europe/2,Black Phoenix,"4X1s,link=Salazar (Russian player),karnez,topo-,team=baks",
Thunderpick/World_Championship/2026/Europe/2,Thunderpick/World_Championship/2026/Europe/2,ex-RUSTEC,"Brilliance,jakekeS,youka,team=sangal,team=team nemesis",
Thunderpick/World_Championship/2026/Europe/2,Thunderpick/World_Championship/2026/Europe/2,los kogutos,"AdrieN,maaryy,Markoś,tomiko,hotd0g,status=sub,status=sub",
Thunderpick/World_Championship/2026/Europe/2,Thunderpick/World_Championship/2026/Europe/2,ex-MANA eSports,"ammar,BledarD,cerber,team=biga,vAloN",
Thunderpick/World_Championship/2026/Europe/2,Thunderpick/World_Championship/2026/Europe/2,UNiTY esports,"M1key,KWERTZZ,2high,fnl,Sn0w",
Thunderpick/World_Championship/2026/Europe/2,Thunderpick/World_Championship/2026/Europe/2,Bebop,"faydett,iDISBALANCE,lov1kus,flag=ru,flag=ru,flag=ru",
Thunderpick/World_Championship/2026/Europe/2,Thunderpick/World_Championship/2026/Europe/2,Lazer Cats,"link=Magic (Ukrainian player),nikitea,flag=ua,tripex17,Polbandana",
Thunderpick/World_Championship/2026/Europe/2,Thunderpick/World_Championship/2026/Europe/2,IC Academy,"3ippoch,NaYz,flag=ua,flag=ua,flag=ua",
Thunderpick/World_Championship/2026/Europe/2,Thunderpick/World_Championship/2026/Europe/2,Falcons Force,"flag=rs,flag=ro,Nucleonz,Tapewaare,NaToSaphiX",
Thunderpick/World_Championship/2026/Europe/2,Thunderpick/World_Championship/2026/Europe/2,Mai tai,"chudy,link=Nami (Polish player),darchevile,flag=pl,flag=pl",
Thunderpick/World_Championship/2026/Europe/2,Thunderpick/World_Championship/2026/Europe/2,megoshort,"Twinkey,robiin,zen,team=alliance,team=alliance,status=sub,status=sub",
Thunderpick/World_Championship/2026/Europe/2,Thunderpick/World_Championship/2026/Europe/2,NEW VISION,"fen2k,flag=md,flag=ru,flag=ru,flag=ru",
Thunderpick/World_Championship/2026/Europe/2,Thunderpick/World_Championship/2026/Europe/2,Entropy Gaming,"flag=se,dottie,flaw,L00m1,delle",
Thunderpick/World_Championship/2026/Europe/2,Thunderpick/World_Championship/2026/Europe/2,Misa Esports,"Zuedsta,Ckanic,flag=tr,EMSTAR,flag=tr",
Thunderpick/World_Championship/2026/Europe/2,Thunderpick/World_Championship/2026/Europe/2,Fortress Esport,"flag=dk,flag=dk,flag=dk,flag=dk,flag=dk",
CCT/2026/South_America/Series_4,CCT/2026/South_America/Series_4,ex-kru,,
CCT/2026/South_America/Series_4,CCT/2026/South_America/Series_4,vasco,,
GGMEDIA/Challenger_Series/Season_1,GGMEDIA/Challenger_Series/Season_1,TYLOO,"JamYoung,Moseyuh,Mercury,Jee,link=Zero (Su Jingshen)",
GGMEDIA/Challenger_Series/Season_1,GGMEDIA/Challenger_Series/Season_1,Lynn Vision Gaming,"westmelon,z4kr,EmiliaQAQ,Starry,C4LLM3SU3",
GGMEDIA/Challenger_Series/Season_1,GGMEDIA/Challenger_Series/Season_1,5star eSports,"hoolig4n,clouden,ariucle,NEUZ,rate",
GGMEDIA/Challenger_Series/Season_1,GGMEDIA/Challenger_Series/Season_1,The Huns Esports,"nin9,Bart4k,controlez,ANNIHILATION,flag=mn",
GGMEDIA/Challenger_Series/Season_1,GGMEDIA/Challenger_Series/Season_1,Kaleido Gaming,"SPine,link=rage (Chinese player),suki,SasiKi,chuzhongT",
GGMEDIA/Challenger_Series/Season_1,GGMEDIA/Challenger_Series/Season_1,The MongolZ Academy,"flag=mn,flag=mn,flag=mn,flag=mn,flag=mn",
GGMEDIA/Challenger_Series/Season_1,GGMEDIA/Challenger_Series/Season_1,Alter Ego,"BnTeT,Gratisfaction,team=Legion (Pakistani team),laxiee,adeX",
GGMEDIA/Challenger_Series/Season_1,GGMEDIA/Challenger_Series/Season_1,Ground Zero Gaming,"apocdud,Omichella,HaZR,sliimey,tucks",
Thunderpick/World_Championship/2026/South_America/2,Thunderpick/World_Championship/2026/South_America/2,BESTIA,"tomaszin,cass1n,timo,buda,nacho",
Thunderpick/World_Championship/2026/South_America/2,Thunderpick/World_Championship/2026/South_America/2,LargadosyPelados,"happ,zmb,Leomonster,link=divine (Brazilian player),Alisson",
Thunderpick/World_Championship/2026/South_America/2,Thunderpick/World_Championship/2026/South_America/2,Imperial Esports,"VINI,noway,chelo,decenty,saadzin",{{Notes |{{Notes|July 7th - '''[[Imperial Esports]]''' bench {{player|levi|link=levi (Brazilian player)|flag=br}}. }} |{{Notes|July 10th - '''[[Imperial Esports]]''' acquire {{player|saadzin|flag=br}} from '''[[Legacy]]'''. }} }}
Thunderpick/World_Championship/2026/South_America/2,Thunderpick/World_Championship/2026/South_America/2,Bounty Hunters Esports,"KAISER,link=zock (Uruguayan player),fREQ,ponter,pepe",
Thunderpick/World_Championship/2026/South_America/2,Thunderpick/World_Championship/2026/South_America/2,Fake do Biru,"hardzao,PKL,detr0ittJ,pesadelo,b4rtiN",
Thunderpick/World_Championship/2026/South_America/2,Thunderpick/World_Championship/2026/South_America/2,Yawara E-Sports,"j0w,tele,deemO,r3kt,edv",
Thunderpick/World_Championship/2026/South_America/2,Thunderpick/World_Championship/2026/South_America/2,Keyd Stars,"lash,matios,xureba,zede,ckzao",
Thunderpick/World_Championship/2026/South_America/2,Thunderpick/World_Championship/2026/South_America/2,Isurus,"deco,atarax1a,Hezz,dott1,rzk",
Thunderpick/World_Championship/2026/South_America/2,Thunderpick/World_Championship/2026/South_America/2,UNO MILLE,"cLd,rem1x,ALLE,drg,pancc",
Thunderpick/World_Championship/2026/South_America/2,Thunderpick/World_Championship/2026/South_America/2,MIBR Academy,"stormzyn,flag=br,flag=br,flag=br,flag=br",
Thunderpick/World_Championship/2026/South_America/2,Thunderpick/World_Championship/2026/South_America/2,Metanoia Wolves,"spinnie,flag=br,flag=br,flag=br,flag=br",
Thunderpick/World_Championship/2026/South_America/2,Thunderpick/World_Championship/2026/South_America/2,paiN Gaming Academy,"flag=br,flag=br,flag=br,flag=br,Misfit",
RLG/RES/Showdown/2026/Fall/South_America,RLG/RES/Showdown/2026/Fall/South_America,paiN Gaming,"biguzera,snow,piriajr,v$m,saffee",
RLG/RES/Showdown/2026/Fall/South_America,RLG/RES/Showdown/2026/Fall/South_America,Sharks Esports,"gafolo,rdnzao,doc,koala,maxxkor",
RLG/RES/Showdown/2026/Fall/South_America,RLG/RES/Showdown/2026/Fall/South_America,BESTIA,"tomaszin,cass1n,timo,buda,nacho",
RLG/RES/Showdown/2026/Fall/South_America,RLG/RES/Showdown/2026/Fall/South_America,Fluxo W7M,"zevy,kye,exit,dav1deuS,ltz",
RLG/RES/Showdown/2026/Fall/South_America,RLG/RES/Showdown/2026/Fall/South_America,LargadosyPelados,"happ,zmb,Leomonster,link=divine (Brazilian player),Alisson",
RLG/RES/Showdown/2026/Fall/South_America,RLG/RES/Showdown/2026/Fall/South_America,ShindeN,"abizz,ivz,naz,tom1jed,guty",
RLG/RES/Showdown/2026/Fall/South_America,RLG/RES/Showdown/2026/Fall/South_America,Yawara E-Sports,"j0w,tele,deemO,r3kt,edv",
RLG/RES/Showdown/2026/Fall/South_America,RLG/RES/Showdown/2026/Fall/South_America,Metanoia Wolves,"spinnie,flag=br,flag=br,flag=br,flag=br",
CCT/2026/South_America/Series_3,CCT/2026/South_America/Series_3,ex-kru,,
CCT/2026/South_America/Series_3,CCT/2026/South_America/Series_3,vasco,,
CCT/2026/Europe/Series_4,CCT/2026/Europe/Series_4,dragonclaw,,
Thunderpick/World_Championship/2026/Europe/1,Thunderpick/World_Championship/2026/Europe/1,TDK,"nafany,Ax1Le,sugaR,Xant3r,team=betboom",
Thunderpick/World_Championship/2026/Europe/1,Thunderpick/World_Championship/2026/Europe/1,Betclic Apogee Esports,"Prism,demho,eskyy,flag=pl,POLO",
Thunderpick/World_Championship/2026/Europe/1,Thunderpick/World_Championship/2026/Europe/1,Johnny Speeds,"Lekr0,HEAP,jocab,nawwk,titulus",
Thunderpick/World_Championship/2026/Europe/1,Thunderpick/World_Championship/2026/Europe/1,OG,"spooke,adamb,cadiaN,bodyy,pr1metapz",{{Notes |{{Notes|May 19th - '''[[OG]]''' bench {{player|arrozdoce|flag=pt}}. }} |{{Notes|May 20th - '''[[OG]]''' acquire {{player|pr1metapz|flag=de}} on loan from '''[[Sangal Esports]]'''. }} }}
Thunderpick/World_Championship/2026/Europe/1,Thunderpick/World_Championship/2026/Europe/1,Acend,"SPELLAN,Skrimo,KalubeR,h4rn,REDSTAR",
Thunderpick/World_Championship/2026/Europe/1,Thunderpick/World_Championship/2026/Europe/1,CYBERSHOKE Esports,"bl1x1,glowiing,alpha,Mokuj1n,fluffy",
Thunderpick/World_Championship/2026/Europe/1,Thunderpick/World_Championship/2026/Europe/1,KOLESIE,"innocent,Qlocuu,b1elany,fr3nd,Ex1st",
Thunderpick/World_Championship/2026/Europe/1,Thunderpick/World_Championship/2026/Europe/1,ex-RUBY,"H4SAN4TOR,sh1nejezzz,YumsaN,relaxxie,robo",
Thunderpick/World_Championship/2026/Europe/1,Thunderpick/World_Championship/2026/Europe/1,Esport Academy Copenhagen,"bekker,Maze,n1Xen,sSen,anber",
Thunderpick/World_Championship/2026/Europe/1,Thunderpick/World_Championship/2026/Europe/1,DragonClaw,"suonko,fanatyk,AntyVirus,flag=pl,PeTeRoOo",{{Notes |{{Notes|May 30th - '''[[VRSDelivery]]''' rename to '''[[DragonClaw]]'''. }} }}
Thunderpick/World_Championship/2026/Europe/1,Thunderpick/World_Championship/2026/Europe/1,ALGO Esports,"nukkye,szejn,aNdu,Bambosh,adeX",
Thunderpick/World_Championship/2026/Europe/1,Thunderpick/World_Championship/2026/Europe/1,Lazer Cats,"yab0ku-,link=Magic (Ukrainian player),nikitea,flag=ua,flag=ua",
Thunderpick/World_Championship/2026/Europe/1,Thunderpick/World_Championship/2026/Europe/1,TNC Esport,"AdrieN,maaryy,yvro,Melavi,tomiko",
Thunderpick/World_Championship/2026/Europe/1,Thunderpick/World_Championship/2026/Europe/1,OMEGA,"dan4o,Botpa1,adai,Aldikon,def1zer",
Thunderpick/World_Championship/2026/Europe/1,Thunderpick/World_Championship/2026/Europe/1,GenOne,"Chuckyy,Brooxsy,Djoko,Keoz,flag=fr",
Thunderpick/World_Championship/2026/Europe/1,Thunderpick/World_Championship/2026/Europe/1,HYPERSPIRIT,"Ciocardau,flag=ro,ADRON,flag=ro,ragga",{{Notes |{{Notes|May 19th - '''[[HYPERSPIRIT]]''' re-sign {{player|ragga|flag=ro}}. }} }}
Thunderpick/World_Championship/2026/Europe/1,Thunderpick/World_Championship/2026/Europe/1,MANA eSports,"ammar,BledarD,cerber,team=biga,deb0",
Thunderpick/World_Championship/2026/Europe/1,Thunderpick/World_Championship/2026/Europe/1,Bebop,"team=insilio,h1kaN,iDISBALANCE,team=cybershoke,team=sangal",
Thunderpick/World_Championship/2026/Europe/1,Thunderpick/World_Championship/2026/Europe/1,ASTRAL Esports,"flag=lv,flag=ee,flag=lt,gxx-,swiz",
Thunderpick/World_Championship/2026/Europe/1,Thunderpick/World_Championship/2026/Europe/1,ex-Zero Tenacity,"brutmonster,Cjoffo,aVN,Kind0,team=metizport",
Thunderpick/World_Championship/2026/Europe/1,Thunderpick/World_Championship/2026/Europe/1,2007,"link=spirit (Russian player),Something,sstiNiX,flag=ru,h1te",
Thunderpick/World_Championship/2026/Europe/1,Thunderpick/World_Championship/2026/Europe/1,Rune Eaters Esports,"forkyz,her1tage,kumao,noni,demente",
Thunderpick/World_Championship/2026/Europe/1,Thunderpick/World_Championship/2026/Europe/1,Hashiras,"Burmylov,birdfromsky,JACKZ,Queenix,team=Partizan Esports",
Thunderpick/World_Championship/2026/Europe/1,Thunderpick/World_Championship/2026/Europe/1,megoshort,,
BC.Game_Masters/Season_2/Europe/Series_2,BC.Game_Masters/Season_2/Europe/Series_2,Gentle Mates,"mopoz,dav1g,sausol,link=alex (Spanish player),Martinez",
BC.Game_Masters/Season_2/Europe/Series_2,BC.Game_Masters/Season_2/Europe/Series_2,Nemiga Gaming,"1eeR,khaN,Sowalio,SYPH0,KaiR0N-",
BC.Game_Masters/Season_2/Europe/Series_2,BC.Game_Masters/Season_2/Europe/Series_2,illwill,"hAdji,7kick,maden,team=sangal,VLDN",
BC.Game_Masters/Season_2/Europe/Series_2,BC.Game_Masters/Season_2/Europe/Series_2,Team Nemesis,"SELLTER,Sdaim,tex1y,mag1k3Y,r3salt",
BC.Game_Masters/Season_2/Europe/Series_2,BC.Game_Masters/Season_2/Europe/Series_2,100 Thieves,"rain,poiii,sirah,Ag1l,dev1ce",
BC.Game_Masters/Season_2/Europe/Series_2,BC.Game_Masters/Season_2/Europe/Series_2,FOKUS,"volt,Matheos,Banjo,ztr,Jorko",
BC.Game_Masters/Season_2/Europe/Series_2,BC.Game_Masters/Season_2/Europe/Series_2,Tricked Esport,"Leakz,salazar,NickyB,IceBerg,Boye",
BC.Game_Masters/Season_2/Europe/Series_2,BC.Game_Masters/Season_2/Europe/Series_2,Betclic Apogee Esports,"Prism,demho,eskyy,flag=pl,POLO",
BC.Game_Masters/Season_2/Europe/Series_2,BC.Game_Masters/Season_2/Europe/Series_2,Eternal Fire,"rigoN,DemQQ,jottAAA,regali,MisteM",
BC.Game_Masters/Season_2/Europe/Series_2,BC.Game_Masters/Season_2/Europe/Series_2,AM Gaming,"k1to,Altekz,L00m1,myltsi,team=FAVBET Team",
BC.Game_Masters/Season_2/Europe/Series_2,BC.Game_Masters/Season_2/Europe/Series_2,Fnatic,"KRIMZ,fear,jambo,jackasmo,flag=ua",
BC.Game_Masters/Season_2/Europe/Series_2,BC.Game_Masters/Season_2/Europe/Series_2,ex-RUBY,"H4SAN4TOR,sh1nejezzz,YumsaN,relaxxie,robo",
BC.Game_Masters/Season_2/Europe/Series_2,BC.Game_Masters/Season_2/Europe/Series_2,EA Copenhagen,"bekker,Maze,n1Xen,sSen,anber",
BC.Game_Masters/Season_2/Europe/Series_2,BC.Game_Masters/Season_2/Europe/Series_2,PsychoFace,"slaxejezzz,eightz,PsychoDoctor,facecrack,abiraju",
BC.Game_Masters/Season_2/Europe/Series_2,BC.Game_Masters/Season_2/Europe/Series_2,Ursa,"4X1s,link=Salazar (Russian player),Alv,karnez,Krad",
BC.Game_Masters/Season_2/Europe/Series_2,BC.Game_Masters/Season_2/Europe/Series_2,VRSDelivery,"suonko,fanatyk,AntyVirus,flag=pl,PeTeRoOo,status=sub",
BC.Game_Masters/Season_2/Europe/Series_2,BC.Game_Masters/Season_2/Europe/Series_2,lavked,"Djon8,sol,k4nfuz,1NVISIBLEE,xm1nd",
BC.Game_Masters/Season_2/Europe/Series_2,BC.Game_Masters/Season_2/Europe/Series_2,ALGO Esports,"nukkye,szejn,aNdu,Bambosh,adeX",
BC.Game_Masters/Season_2/Europe/Series_2,BC.Game_Masters/Season_2/Europe/Series_2,HEROIC Academy,"St0m4k,flag=ro,flag=ro,flag=sk,flag=pl",
BC.Game_Masters/Season_2/Europe/Series_2,BC.Game_Masters/Season_2/Europe/Series_2,GenOne,"Chuckyy,Brooxsy,Djoko,Keoz,flag=fr",
BC.Game_Masters/Season_2/Europe/Series_2,BC.Game_Masters/Season_2/Europe/Series_2,ASTRAL Esports,"flag=lv,flag=ee,flag=lt,gxx-,swiz",
BC.Game_Masters/Season_2/Europe/Series_2,BC.Game_Masters/Season_2/Europe/Series_2,ex-Zero Tenacity,"brutmonster,Cjoffo,aVN,emi,Kind0,status=sub",
BC.Game_Masters/Season_2/Europe/Series_2,BC.Game_Masters/Season_2/Europe/Series_2,megoshort,"Twinkey,robiin,mogv,zen,virree",
BC.Game_Masters/Season_2/Europe/Series_2,BC.Game_Masters/Season_2/Europe/Series_2,Rune Eaters Esports,"forkyz,her1tage,kumao,noni,demente",
ESL/Challenger_League/Season_51/South_America,ESL/Challenger_League/Season_51/South_America,blitzkrieg (mexican team),,
ESL/Challenger_League/Season_51/South_America,ESL/Challenger_League/Season_51/South_America,game hunters,,
ESL/Challenger_League/Season_51/South_America,ESL/Challenger_League/Season_51/South_America,magicos,,
ESL/Challenger_League/Season_51/South_America,ESL/Challenger_League/Season_51/South_America,bestia academy,,
ESL/Challenger_League/Season_51/South_America,ESL/Challenger_League/Season_51/South_America,charrados fc,,
ESL/Challenger_League/Season_51/South_America,ESL/Challenger_League/Season_51/South_America,folha amarela,,
ESL/Challenger_League/Season_51/South_America,ESL/Challenger_League/Season_51/South_America,herewegoagain,,
ESL/Challenger_League/Season_51/South_America,ESL/Challenger_League/Season_51/South_America,desemplehadas,,
ESL/Challenger_League/Season_51/South_America,ESL/Challenger_League/Season_51/South_America,ex-red canids,,
ESL/Challenger_League/Season_51/North_America,ESL/Challenger_League/Season_51/North_America,straight2killin,,
ESL/Challenger_League/Season_51/North_America,ESL/Challenger_League/Season_51/North_America,reign above,,
ESL/Challenger_League/Season_51/North_America,ESL/Challenger_League/Season_51/North_America,ex-outfit 49,,
ESL/Challenger_League/Season_51/North_America,ESL/Challenger_League/Season_51/North_America,shimmer,,
ESL/Challenger_League/Season_51/North_America,ESL/Challenger_League/Season_51/North_America,flyquest red,,
ESL/Challenger_League/Season_51/North_America,ESL/Challenger_League/Season_51/North_America,overknight,,
ESL/Challenger_League/Season_51/North_America,ESL/Challenger_League/Season_51/North_America,ex-marsborne,,
ESL/Challenger_League/Season_51/North_America,ESL/Challenger_League/Season_51/North_America,boss,,
ESL/Challenger_League/Season_51/North_America,ESL/Challenger_League/Season_51/North_America,ex-sportsbetexpert,,
ESL/Challenger_League/Season_51/Europe,ESL/Challenger_League/Season_51/Europe,dziuseppe,,
ESL/Challenger_League/Season_51/Europe,ESL/Challenger_League/Season_51/Europe,leo team,,
ESL/Challenger_League/Season_51/Europe,ESL/Challenger_League/Season_51/Europe,sinqu,,
ESL/Challenger_League/Season_51/Europe,ESL/Challenger_League/Season_51/Europe,biga,,
ESL/Challenger_League/Season_51/Europe,ESL/Challenger_League/Season_51/Europe,bw,,
ESL/Challenger_League/Season_51/Europe,ESL/Challenger_League/Season_51/Europe,aimclub.ro,,
ESL/Challenger_League/Season_51/Europe,ESL/Challenger_League/Season_51/Europe,heroic academy,,
ESL/Challenger_League/Season_51/Europe,ESL/Challenger_League/Season_51/Europe,hindsight,,
ESL/Challenger_League/Season_51/Europe,ESL/Challenger_League/Season_51/Europe,ec banga,,
ESL/Challenger_League/Season_51/Europe,ESL/Challenger_League/Season_51/Europe,whitebird,,
ESL/Challenger_League/Season_51/Europe,ESL/Challenger_League/Season_51/Europe,qwentry,,
ESL/Challenger_League/Season_51/Europe,ESL/Challenger_League/Season_51/Europe,overpeek,,
ESL/Challenger_League/Season_51/Europe,ESL/Challenger_League/Season_51/Europe,forze reload,,
ESL/Challenger_League/Season_51/Europe,ESL/Challenger_League/Season_51/Europe,team pigeons,,
ESL/Challenger_League/Season_51/Europe,ESL/Challenger_League/Season_51/Europe,genone,,
ESL/Challenger_League/Season_51/Europe,ESL/Challenger_League/Season_51/Europe,airlya,,
ESL/Challenger_League/Season_51/Europe,ESL/Challenger_League/Season_51/Europe,khan,,
ESL/Challenger_League/Season_51/Europe,ESL/Challenger_League/Season_51/Europe,donstu,,
ESL/Challenger_League/Season_51/Europe,ESL/Challenger_League/Season_51/Europe,tnt,,
ESL/Challenger_League/Season_51/Europe,ESL/Challenger_League/Season_51/Europe,8sins,,
ESL/Challenger_League/Season_51/Europe,ESL/Challenger_League/Season_51/Europe,grindas,,
ESL/Challenger_League/Season_51/Europe,ESL/Challenger_League/Season_51/Europe,csdiilit,,
ESL/Challenger_League/Season_51/Europe,ESL/Challenger_League/Season_51/Europe,lavked,,
ESL/Challenger_League/Season_51/Europe,ESL/Challenger_League/Season_51/Europe,tlr,,
ESL/Challenger_League/Season_51/Europe,ESL/Challenger_League/Season_51/Europe,ursa,,
ESL/Challenger_League/Season_51/Europe,ESL/Challenger_League/Season_51/Europe,clutchain female,,
ESL/Challenger_League/Season_51/Europe,ESL/Challenger_League/Season_51/Europe,lilmix,,
ESL/Challenger_League/Season_51/Europe,ESL/Challenger_League/Season_51/Europe,nigel mirage,,
ESL/Challenger_League/Season_51/Europe,ESL/Challenger_League/Season_51/Europe,big equipa,,
ESL/Challenger_League/Season_51/Europe,ESL/Challenger_League/Season_51/Europe,m1x.ks,,
ESL/Challenger_League/Season_51/Europe,ESL/Challenger_League/Season_51/Europe,rune eaters,,
ESL/Challenger_League/Season_51/Europe,ESL/Challenger_League/Season_51/Europe,kajo,,
ESL/Challenger_League/Season_51/Europe,ESL/Challenger_League/Season_51/Europe,idopieca,,
ESL/Challenger_League/Season_51/Europe,ESL/Challenger_League/Season_51/Europe,exsad,,
ESL/Challenger_League/Season_51/Europe,ESL/Challenger_League/Season_51/Europe,omega,,
ESL/Challenger_League/Season_51/Europe,ESL/Challenger_League/Season_51/Europe,hypewrld,,
ESL/Challenger_League/Season_51/Europe,ESL/Challenger_League/Season_51/Europe,rethink,,
ESL/Challenger_League/Season_51/Europe,ESL/Challenger_League/Season_51/Europe,fisher college,,
ESL/Challenger_League/Season_51/Europe,ESL/Challenger_League/Season_51/Europe,ne4store,,
ESL/Challenger_League/Season_51/Europe,ESL/Challenger_League/Season_51/Europe,bibimbap,,
ESL/Challenger_League/Season_51/Europe,ESL/Challenger_League/Season_51/Europe,supernova (danish team),,
ESL/Challenger_League/Season_51/Europe,ESL/Challenger_League/Season_51/Europe,the glecs,,
ESL/Challenger_League/Season_51/Europe,ESL/Challenger_League/Season_51/Europe,rottweilers,,
ESL/Challenger_League/Season_51/Europe,ESL/Challenger_League/Season_51/Europe,walczaki,,
ESL/Challenger_League/Season_51/Europe,ESL/Challenger_League/Season_51/Europe,playersclub,,
ESL/Challenger_League/Season_51/Europe,ESL/Challenger_League/Season_51/Europe,misa,,
ESL/Challenger_League/Season_51/Europe,ESL/Challenger_League/Season_51/Europe,masonic,,
ESL/Challenger_League/Season_51/Europe,ESL/Challenger_League/Season_51/Europe,atreides,,
ESL/Challenger_League/Season_51/Europe,ESL/Challenger_League/Season_51/Europe,brazylijski luz,,
ESL/Challenger_League/Season_51/Europe,ESL/Challenger_League/Season_51/Europe,tnc esport,,
ESL/Challenger_League/Season_51/Europe,ESL/Challenger_League/Season_51/Europe,project 91,,
ESL/Challenger_League/Season_51/Europe,ESL/Challenger_League/Season_51/Europe,yngods,,
ESL/Challenger_League/Season_51/Europe,ESL/Challenger_League/Season_51/Europe,ex-z10,,
ESL/Challenger_League/Season_51/Europe,ESL/Challenger_League/Season_51/Europe,subtop de france,,
ESL/Challenger_League/Season_51/Europe,ESL/Challenger_League/Season_51/Europe,megoshort,,
ESL/Challenger_League/Season_51/Europe,ESL/Challenger_League/Season_51/Europe,ex-csdiilit,,
ESL/Challenger_League/Season_51/Europe,ESL/Challenger_League/Season_51/Europe,zajezdzacze,,
ESL/Challenger_League/Season_51/Europe,ESL/Challenger_League/Season_51/Europe,aurora yb,,
ESL/Challenger_League/Season_51/Europe,ESL/Challenger_League/Season_51/Europe,endless journey,,
ESL/Challenger_League/Season_51/Asia-Pacific,ESL/Challenger_League/Season_51/Asia-Pacific,THUNDERdOWNUNDER,"asap,TjP,aliStair,dexter,Liazz",
ESL/Challenger_League/Season_51/Asia-Pacific,ESL/Challenger_League/Season_51/Asia-Pacific,SemperFi Esports,"SaVage,keen,shadiy,HaZR,sliimey",{{Notes |{{Notes|May 6th - '''[[SemperFi Esports]]''' part ways with {{player|ADDICT|flag=au}} and acquire {{player|sliimey|flag=au}} from '''[[Ground Zero Gaming]]''' as his replacement. }} }}
ESL/Challenger_League/Season_51/Asia-Pacific,ESL/Challenger_League/Season_51/Asia-Pacific,Ground Zero,"apocdud,pz,vision,Omichella,tucks",{{Notes |{{Notes|May 6th - {{player|sliimey|flag=au}} is acquired by '''[[SemperFi Esports]]'''. }} }}
ESL/Challenger_League/Season_51/Asia-Pacific,ESL/Challenger_League/Season_51/Asia-Pacific,Kaleido Gaming,"SPine,link=rage (Chinese player),suki,SasiKi,chuzhongT",{{Notes |{{Notes|March 8th - '''[[Morningstar]]''' sign {{player|zeroX1n|flag=cn}}. }} }}
ESL/Challenger_League/Season_51/Asia-Pacific,ESL/Challenger_League/Season_51/Asia-Pacific,TYLOO,"JamYoung,Moseyuh,Mercury,Jee,link=zero (Su Jingshen)",
ESL/Challenger_League/Season_51/Asia-Pacific,ESL/Challenger_League/Season_51/Asia-Pacific,FengDa Gaming,,"{{Notes |{{Notes|May 9th - {{player|Trash|flag=cn}}, {{Player|3gl|flag=cn}}, and {{player|Marek|flag=tw}} are acquired by '''[[Rare Atom]]'''. }} }}"
PLAYzone/Conquest_of_Prague/2026,PLAYzone/Conquest_of_Prague/2026,ecstatic,,
BC.Game_Masters_Championship/2,BC.Game_Masters_Championship/2,chaos (norwegian team),,
BC.Game_Masters_Championship/2,BC.Game_Masters_Championship/2,passion ua,,
CCT/2026/South_America/Series_2,CCT/2026/South_America/Series_2,crashers,,
CCT/2026/South_America/Series_2,CCT/2026/South_America/Series_2,players.br,,
CCT/2026/South_America/Series_1,CCT/2026/South_America/Series_1,game hunters,,
CCT/2026/South_America/Series_1,CCT/2026/South_America/Series_1,herewegoagain,,
Thunderpick/World_Championship/2026/North_America,Thunderpick/World_Championship/2026/North_America,insane players,,
ESL/Challenger_League/Season_51/North_America/Cup_4,ESL/Challenger_League/Season_51/North_America/Cup_4,ex-marsborne,,
ESL/Challenger_League/Season_51/North_America/Cup_4,ESL/Challenger_League/Season_51/North_America/Cup_4,boss,,
ESL/Challenger_League/Season_51/North_America/Cup_4,ESL/Challenger_League/Season_51/North_America/Cup_4,ex-sportsbetexpert,,
ESL/Challenger_League/Season_51/South_America/Cup_4,ESL/Challenger_League/Season_51/South_America/Cup_4,ex-red canids,,
ESL/Challenger_League/Season_51/Europe/Cup_4,ESL/Challenger_League/Season_51/Europe/Cup_4,walczaki,,
ESL/Challenger_League/Season_51/Europe/Cup_4,ESL/Challenger_League/Season_51/Europe/Cup_4,playersclub,,
ESL/Challenger_League/Season_51/Europe/Cup_4,ESL/Challenger_League/Season_51/Europe/Cup_4,misa,,
ESL/Challenger_League/Season_51/Europe/Cup_4,ESL/Challenger_League/Season_51/Europe/Cup_4,masonic,,
ESL/Challenger_League/Season_51/Europe/Cup_4,ESL/Challenger_League/Season_51/Europe/Cup_4,atreides,,
ESL/Challenger_League/Season_51/Europe/Cup_4,ESL/Challenger_League/Season_51/Europe/Cup_4,brazylijski luz,,
ESL/Challenger_League/Season_51/Europe/Cup_4,ESL/Challenger_League/Season_51/Europe/Cup_4,tnc esport,,
ESL/Challenger_League/Season_51/Europe/Cup_4,ESL/Challenger_League/Season_51/Europe/Cup_4,project 91,,
ESL/Challenger_League/Season_51/Europe/Cup_4,ESL/Challenger_League/Season_51/Europe/Cup_4,yngods,,
ESL/Challenger_League/Season_51/Europe/Cup_4,ESL/Challenger_League/Season_51/Europe/Cup_4,ex-z10,,
ESL/Challenger_League/Season_51/Europe/Cup_4,ESL/Challenger_League/Season_51/Europe/Cup_4,subtop de france,,
ESL/Challenger_League/Season_51/Europe/Cup_4,ESL/Challenger_League/Season_51/Europe/Cup_4,megoshort,,
ESL/Challenger_League/Season_51/Europe/Cup_4,ESL/Challenger_League/Season_51/Europe/Cup_4,ex-csdiilit,,
ESL/Challenger_League/Season_51/Europe/Cup_4,ESL/Challenger_League/Season_51/Europe/Cup_4,zajezdzacze,,
ESL/Challenger_League/Season_51/Europe/Cup_4,ESL/Challenger_League/Season_51/Europe/Cup_4,aurora yb,,
ESL/Challenger_League/Season_51/Europe/Cup_4,ESL/Challenger_League/Season_51/Europe/Cup_4,endless journey,,
CCT/Season_3/Global_Finals,CCT/Season_3/Global_Finals,illwill,,
Esports World Cup 2026,Esports World Cup/2026,donk,,
Esports World Cup 2026,Esports World Cup/2026,Legacy,"latto,dumau,n1ssim,arT,try",{{Notes |{{Notes|June 15th - '''[[Legacy]]''' bench {{player|n1ssim|flag=br}}. }} |{{Notes|July 9th - '''[[Legacy]]''' reinstate {{player|n1ssim|flag=br}} to the statring lineup. }} |{{Notes|July 10th - {{player|saadzin|flag=br}} is acquired by '''[[Imperial Esports]]'''. }} |{{Notes|July 11th - '''[[Legacy]]''' acquire {{player|try|flag=ar}} from '''[[Imperial Esports]]'''. }} }}
Esports World Cup 2026,Esports World Cup/2026,FURIA,"yuurih,KSCERATO,FalleN,molodoy,YEKINDAR",
Esports World Cup 2026,Esports World Cup/2026,The MongolZ,"bLitz,Techno4K,910,tikuak,flag=mn","{{Notes |{{Notes|July 9th - {{player|mzinho|flag=mn}} is acquired by '''[[BC.Game Esports]]'''. }} |{{Notes|July 12th - '''[[The MongolZ]]''' bench {{player|cobrazera|flag=mn}}, acquire {{player|tikuak|flag=mn}} from '''[[Chinggis Warriors]]''', and promote {{player|DarkMeister|flag=mn}} from '''[[The MongolZ Academy|academy team]]'''. }} |{{Notes|July 28th - {{player|maaRaa|flag=mn}} misses the event due to unspecified reasons. }} }}"
Esports World Cup 2026,Esports World Cup/2026,Team Vitality,"apEX,ZywOo,flameZ,mezii,ropz",
Esports World Cup 2026,Esports World Cup/2026,Team Spirit,"magixx,zont1x,donk,sh1ro,tN1R",
Esports World Cup 2026,Esports World Cup/2026,Team Falcons,"NiKo,TeSeS,m0NESY,kyousuke,karrigan",
Esports World Cup 2026,Esports World Cup/2026,Natus Vincere,"b1t,Aleksib,iM,w0nderful,makazze",
Esports World Cup 2026,Esports World Cup/2026,MOUZ,"torzsi,xertioN,Spinx,xelex,PR",{{Notes |{{Notes|July 14th - '''[[MOUZ]]''' acquire {{player|PR|flag=cz}} from '''[[GamerLegion]]''' to complete their roster. }} }}
Esports World Cup 2026,Esports World Cup/2026,Aurora Gaming,"XANTARES,Wicadia,woxic,Jimpphat,kyxsan","{{Notes |{{Notes|June 29th - '''[[Aurora Gaming]]''' bench {{player|Fabre|flag=tr}}. }} |{{Notes|July 2nd - '''[[Aurora Gaming]]''' bench {{player|MAJ3R|flag=tr}} and {{player|soulfly|flag=tr}}. }} |{{Notes|July 3rd - '''[[Aurora Gaming]]''' sign {{player|Jimpphat|flag=fi}} and {{player|ashhh|flag=uk}}, the latter as the team's coach. }} |{{Notes|July 8th - '''[[Aurora Gaming]]''' acquire {{player|kyxsan|flag=mk}} from '''[[Team Falcons]]''' to complete their roster. }} }}"
Esports World Cup 2026,Esports World Cup/2026,GamerLegion,"Tauson,REZ,hypex,Snax,FL4MUS",{{Notes |{{Notes|July 14th - {{player|PR|flag=cz}} is acquired by '''[[MOUZ]]'''. }} |{{Notes|July 17th - '''[[GamerLegion]]''' acquire {{player|FL4MUS|flag=ru}} from '''[[Virtus.pro]]'''. }} }}
Esports World Cup 2026,Esports World Cup/2026,Astralis,"Staehr,jabbi,HooXi,phzy,link=ryu (Lithuanian player)",{{Notes |{{Notes|June 15th - '''[[Astralis]]''' part ways with {{player|ruggah|flag=dk}}. }} |{{Notes|July 16th - '''[[Astralis]]''' sign {{player|NEO|flag=pl}} as the team's coach. }} }}
Esports World Cup 2026,Esports World Cup/2026,FUT Esports,"dem0n,Krabeni,cmtry,dziugss,xfl0ud",{{Notes |{{Notes|July 7th - '''[[FUT Esports]]''' bench {{player|lauNX|flag=ro}} and acquire {{player|xfl0ud|flag=tr}} from '''[[HEROIC]]''' as his replacement. }} }}
Esports World Cup 2026,Esports World Cup/2026,G2 Esports,"huNter-,HeavyGod,matys,NertZ,r1nkle",{{Notes |{{Notes|June 25th - '''[[G2 Esports]]''' bench {{player|SunPayus|flag=es}} and acquire {{player|r1nkle|flag=ua}} from '''[[Ninjas in Pyjamas]]''' as his replacement. }} }}
Esports World Cup 2026,Esports World Cup/2026,B8,"npl,esenthial,alex666,kensizor,s1zzi",
Esports World Cup 2026,Esports World Cup/2026,magic,"MaSvAl,tenzy,sFade8,AW,mo0N",{{Notes |{{Notes|June 9th - '''[[magic]]''' part ways with {{player|bullet|link=bullet (Russian player)|flag=ru}}. }} }}
Esports World Cup 2026,Esports World Cup/2026,FaZe Clan,"frozen,jcobbb,Twistzz,JBOEN,Neityu",{{Notes |{{Notes|June 25th - '''[[FaZe Clan]]''' bench {{player|broky|flag=lv}} and acquire {{player|JBOEN|flag=dk}} on loan from '''[[BIG Academy]]''' until the end of the season as his replacement. }} |{{Notes|August 11th - '''[[FaZe Clan]]''' acquire {{player|Neityu|flag=fr}} from '''[[ENCE]]'''. }} }}
Esports World Cup 2026,Esports World Cup/2026,Wildcard,"reck,mhL,HexT,nEMANHA,Cxzi",
Esports World Cup 2026,Esports World Cup/2026,M80,"Swisher,slaxz-,s1n,Lake,JBa",
Esports World Cup 2026,Esports World Cup/2026,TYLOO,"JamYoung,Moseyuh,Mercury,Jee,link=Zero (Su Jingshen)",
Esports World Cup 2026,Esports World Cup/2026,PARIVISION,"Jame,xiELO,zweih,slaxejezzz,FL1T",{{Notes |{{Notes|June 17th - '''[[PARIVISION]]''' bench and transfer-list {{player|BELCHONOKK|flag=ru}} and add {{player|HObbit|flag=kz}} as a stand-in. }} |{{Notes|June 19th - '''[[PARIVISION]]''' bench and transfer-list {{player|nota|flag=ru}} and sign {{player|slaxejezzz|flag=ru}} as his replacement. }} |{{Notes|July 29th - '''[[PARIVISION]]''' part ways with {{player|HObbit|flag=kz}} and acquire {{player|FL1T|flag=ru}} from '''[[Virtus.pro]]''' as his replacement. }} }}
Esports World Cup 2026,Esports World Cup/2026,9z Team,"max,HUASOPEEK,luchov,meyern,dgt",
Esports World Cup 2026,Esports World Cup/2026,BetBoom Team,"s1ren,zorte,Magnojez,Boombl4,d1Ledez",{{Notes |{{Notes|July 2nd - '''[[BetBoom Team]]''' part ways with {{player|FL4MUS|flag=ru}} upon the expiration of his loan. }} }}
Esports World Cup 2026,Esports World Cup/2026,paiN Gaming,"biguzera,snow,piriajr,v$m,saffee",
Esports World Cup 2026,Esports World Cup/2026,MIBR <!--Do not change the team name-->,"brnz4n,insani,LNZ,venomzera,nqz",{{Notes |{{Notes|June 26th - '''[[MIBR]]''' acquire {{player|nqz|flag=br}} from '''[[paiN Gaming]]''' as {{player|kl1m|flag=ru}}'s loan ends and he returns to '''[[G2 Ares]]'''. }} }}
Esports World Cup 2026,Esports World Cup/2026,Luminosity Gaming,"afro,AZUWU,Bymas,Rainwaker,lux","{{Notes |{{Notes|July 1st - '''[[Luminosity Gaming]]''' announce their entry into ''[[Counter-Strike 2]]'' by acquiring {{player|Rainwaker|flag=bg}} from '''[[Monte]]''' and signing {{player|afro|flag=fr}}, {{player|AZUWU|flag=uk}}, {{player|Bymas|flag=lt}}, and {{player|lux|flag=br}}. }} }}"
Esports World Cup 2026,Esports World Cup/2026,Ninjas in Pyjamas,"sjuush,Snappi,xKacpersky,stavn,n0te",{{Notes |{{Notes|June 13th - '''[[Ninjas in Pyjamas]]''' bench {{player|cairne|flag=ua}}. }} |{{Notes|June 22nd - '''[[Ninjas in Pyjamas]]''' promote {{Player|n0te|flag=be}} from the '''[[Young Ninjas]]''' as a stand-in. }} }}
Esports World Cup 2026,Esports World Cup/2026,3DMAX,"link=Lucky (French player),Maka,Graviti,misutaaa,Kursy",{{Notes |{{Notes|June 24th - '''[[3DMAX]]''' bench {{player|Ex3rcice|flag=fr}} and sign {{player|Kursy|flag=fr}} as his replacement. }} }}
Esports World Cup 2026,Esports World Cup/2026,Lynn Vision Gaming,"westmelon,z4kr,EmiliaQAQ,Starry,C4LLM3SU3",
Esports World Cup 2026,Esports World Cup/2026,100t,"rain,poiii,sirah,dev1ce,Gizmy",
Esports World Cup 2026,Esports World Cup/2026,100 Thieves,"rain,poiii,sirah,dev1ce,Gizmy",
Esports World Cup 2026,Esports World Cup/2026,1w Team,"nafany,Ax1Le,ArtFr0st,fame,BELCHONOKK",
Esports World Cup 2026,Esports World Cup/2026,Acend,"SPELLAN,Skrimo,KalubeR,h4rn,REDSTAR",
Esports World Cup 2026,Esports World Cup/2026,BC.Game Esports,"s1mple,electroNic,Senzu,Magisk,mzinho",
Esports World Cup 2026,Esports World Cup/2026,Betclic Apogee Esports,"Prism,Demho,Qlocuu,Ex1st,fr3nd",
Esports World Cup 2026,Esports World Cup/2026,BIG,"tabseN,JDC,gr1ks,blameF,faveN",
Esports World Cup 2026,Esports World Cup/2026,EYEBALLERS,"JW,dex,Ro1f,maxster,KRIMZ",
Esports World Cup 2026,Esports World Cup/2026,Fnatic,"fear,jambo,jackasmo,cairne,mazay",
Esports World Cup 2026,Esports World Cup/2026,GenOne,"Chuckyy,Brooxsy,Djoko,Keoz,flag=fr",
Esports World Cup 2026,Esports World Cup/2026,HEROIC,"nilo,Chr1zN,susp,Martinez,Brollan",
Esports World Cup 2026,Esports World Cup/2026,HOTU,"link=mizu (Russian player),kade0,frontales,n0rb3r7,dwushka",
Esports World Cup 2026,Esports World Cup/2026,IC Esports,"onic,Dawy,zeRRoFIX,cptkurtka023,headtr1ck",
Esports World Cup 2026,Esports World Cup/2026,JiJieHao,"m1N1,bibu,0SAMAS,sinnopsyy,CacaNito",
Esports World Cup 2026,Esports World Cup/2026,K27,"kashl1d,xeedo,qw1nk1,X5G7V,clax",
Esports World Cup 2026,Esports World Cup/2026,Phantom Esports,"Kylar,KEi,TMB,nicoodoz,cej0t",
Esports World Cup 2026,Esports World Cup/2026,Sashi Esport,"Cabbi,Zyphon,MistR,acoR,Anlelele",
Esports World Cup 2026,Esports World Cup/2026,9INE,"raalz,kraghen,Flayy,b1elany,St0m4k",
Esports World Cup 2026,Esports World Cup/2026,ASTRAL Esports,"flag=lv,flag=ee,RaY5ive,gxx-,swiz",
Esports World Cup 2026,Esports World Cup/2026,DENDELE CS,"gafolo,rdnzao,doc,koala,maxxkor",
Esports World Cup 2026,Esports World Cup/2026,Echo,"Leakz,salazar,NickyB,IceBerg,Boye",
Esports World Cup 2026,Esports World Cup/2026,Eternal Fire,"jottAAA,regali,MisteM,Kvem,br0",
Esports World Cup 2026,Esports World Cup/2026,Fluxo W7M,"zevy,kye,exit,dav1deuS,ltz",
Esports World Cup 2026,Esports World Cup/2026,FOKUS,"Matheos,Banjo,ztr,podi,jocab",
Esports World Cup 2026,Esports World Cup/2026,Iberian Soul,"mopoz,dav1g,sausol,link=alex (Spanish player),CRUC1AL",{{Notes |{{Notes|August 7 - '''[[Iberian Soul]]''' reforms after '''[[Gentle Mates]]''' part ways with their lineup. }} }}
Esports World Cup 2026,Esports World Cup/2026,INFINITE,"kreaz,Dytor,sl3nd,Blytz,volt",
Esports World Cup 2026,Esports World Cup/2026,NRG,"nitr0,link=Sonic (South African player),Grim,Jeorge,hallzerk",
Esports World Cup 2026,Esports World Cup/2026,OG,"spooke,adamb,cadiaN,bodyy,pr1metapz",
Esports World Cup 2026,Esports World Cup/2026,Prestige Esport,"fejtZ,qx,flag=dk,jelo,oopee",{{Notes |{{Notes|August 6th - '''[[Prestige Esport]]''' bench {{player|Folke|flag=dk}} and sign {{player|oopee|flag=fi}}. }} |{{Notes|August 7th - '''[[Prestige Esport]]''' sign {{player|ko5te|flag=dk}} as the team's coach. }} }}
Esports World Cup 2026,Esports World Cup/2026,SAW,"ewjerkz,NOPEEj,MUTiRiS,krazy,story",
Esports World Cup 2026,Esports World Cup/2026,SINNERS Esports,"beastik,SHOCK,kisserek,stressarN,MoDo",
Esports World Cup 2026,Esports World Cup/2026,Team Liquid,"NAF,EliGE,malbsMd,Jorko,JT",
Esports World Cup 2026,Esports World Cup/2026,Virtus.pro,"tO0RO,b1st,mir,AquaRS,F0R3VER",
Esports World Cup 2026,Esports World Cup/2026,6666 Esports,"flag=ua,flag=md,rendysky,amster,kL1o",
Esports World Cup 2026,Esports World Cup/2026,ABT Esports,"flag=pt,flag=pt,flag=pt,flag=pt,link=blaze (Portuguese player)",
Esports World Cup 2026,Esports World Cup/2026,Aogiri,"flag=fr,flag=fr,flag=fr,flag=fr,flag=fr",
Esports World Cup 2026,Esports World Cup/2026,BASEMENT BOYS,"Tr0ublE,OWNER,fakerealityy,maggent,kr1vda",
Esports World Cup 2026,Esports World Cup/2026,Citron Esport,"Zeusa,flag=fr,flag=fr,link=Ethan (French player),flag=fr",
Esports World Cup 2026,Esports World Cup/2026,Dark Tigre,"flag=fr,flag=fr,flag=fr,flag=fr,flag=ua",
Esports World Cup 2026,Esports World Cup/2026,Dhala Esport,"flag=fr,flag=fr,flag=fr,AZIDOT,flag=fr",
Esports World Cup 2026,Esports World Cup/2026,DUSTY,"flag=is,flag=is,flag=is,peterr,link=Tony (Icelandic player)",
Esports World Cup 2026,Esports World Cup/2026,Esport Academy Copenhagen,"bekker,n1Xen,sSen,anber,Fessor",
Esports World Cup 2026,Esports World Cup/2026,FKOMAR_FPL-C,"flag=ua,flag=ua,flag=ua,flag=ua,flag=ua",
Esports World Cup 2026,Esports World Cup/2026,Galactik Rebels 501st,"flag=fr,flag=fr,flag=fr,flag=fr,flag=fr",
Esports World Cup 2026,Esports World Cup/2026,Giant Pandas,"flag=ua,flag=ua,flag=ua,flag=ua,flag=ua",
Esports World Cup 2026,Esports World Cup/2026,lafox,"flag=fr,link=Matt (French player),flag=fr,flag=fr,flag=be",
Esports World Cup 2026,Esports World Cup/2026,levelONE esports,"flag=al,flag=al,flag=mk,tonzah,flag=xk",
Esports World Cup 2026,Esports World Cup/2026,MANGANESE,"flag=fr,flag=fr,flag=fr,flag=be,flag=fr",
Esports World Cup 2026,Esports World Cup/2026,Metizport,"Plopski,MaiL09,forsyy,stanislaw,F1KU",
Esports World Cup 2026,Esports World Cup/2026,Nade Gaming,"flag=al,flag=al,flag=al,flag=al,flag=al",
Esports World Cup 2026,Esports World Cup/2026,NIO Esports,"flag=fr,flag=fr,flag=fr,flag=fr,flag=fr",
Esports World Cup 2026,Esports World Cup/2026,Orion Wanderers,"flag=br,flag=hu,flag=fr,flag=pl,flag=hr",
Esports World Cup 2026,Esports World Cup/2026,Partizan Esports,"flag=ba,flag=rs,flag=rs,flag=ba,flag=hr",
Esports World Cup 2026,Esports World Cup/2026,PASSION CHICHA,"flag=fr,flag=fr,flag=fr,flag=fr,flag=fr",
Esports World Cup 2026,Esports World Cup/2026,QueenConso,"flag=fr,XpG,nonick,link=FARIS (French player),Kan4",
Esports World Cup 2026,Esports World Cup/2026,REM,"flag=cz,flag=cz,flag=cz,flag=cz,flag=cz",
Esports World Cup 2026,Esports World Cup/2026,REVENIX,"flag=ua,flag=ua,flag=ua,flag=ua,flag=ua",
Esports World Cup 2026,Esports World Cup/2026,SadFamous,"flag=ua,flag=ua,flag=ua,flag=ua,flag=ua",
Esports World Cup 2026,Esports World Cup/2026,Sangal Esports,"flag=tr,Joey,puuha,adamS,bnox",
Esports World Cup 2026,Esports World Cup/2026,Spirit Esports,"flag=hu,flag=hu,flag=hu,flag=hu,flag=hu",
Esports World Cup 2026,Esports World Cup/2026,team_Kreazion,"flag=fr,flag=fr,flag=fr,flag=fr,flag=fr",
Esports World Cup 2026,Esports World Cup/2026,Vael,"flag=mk,flag=mk,flag=mk,flag=mk,flag=ee",
Esports World Cup 2026,Esports World Cup/2026,Vandulken,"flag=ua,flag=ua,flag=ua,flag=ua,flag=ua",
Esports World Cup 2026,Esports World Cup/2026,z to forward,"AMANEK,flag=fr,flag=fr,flag=fr,flag=fr",
Esports World Cup 2026,Esports World Cup/2026,Zeste Esport,"flag=fr,flag=fr,flag=fr,flag=fr,flag=fr",
BLAST Bounty Summer 2026,BLAST/Bounty/2026/Summer,usdprize=68125,,
BLAST Bounty Summer 2026,BLAST/Bounty/2026/Summer,usdprize=63125,,
BLAST Bounty Summer 2026,BLAST/Bounty/2026/Summer,usdprize=81250,,
BLAST Bounty Summer 2026,BLAST/Bounty/2026/Summer,usdprize=61250,,
BLAST Bounty Summer 2026,BLAST/Bounty/2026/Summer,usdprize=51250,,
BLAST Bounty Summer 2026,BLAST/Bounty/2026/Summer,usdprize=56250,,
BLAST Bounty Summer 2026,BLAST/Bounty/2026/Summer,usdprize=41250,,
BLAST Bounty Summer 2026,BLAST/Bounty/2026/Summer,usdprize=28750,,
BLAST Bounty Summer 2026,BLAST/Bounty/2026/Summer,usdprize=36250,,
BLAST Bounty Summer 2026,BLAST/Bounty/2026/Summer,Team Vitality,"apEX,ZywOo,flameZ,mezii,ropz","{{Notes|{{Notes|$60,000 Bounty|highlighted=true}}}}"
BLAST Bounty Summer 2026,BLAST/Bounty/2026/Summer,Team Spirit,"magixx,zont1x,donk,sh1ro,tN1R","{{Notes|{{Notes|$60,000 Bounty|highlighted=true}}}}"
BLAST Bounty Summer 2026,BLAST/Bounty/2026/Summer,Team Falcons,"NiKo,TeSeS,m0NESY,kyousuke,karrigan","{{Notes|{{Notes|$60,000 Bounty|highlighted=true}}}}"
BLAST Bounty Summer 2026,BLAST/Bounty/2026/Summer,MOUZ,"torzsi,xertioN,Spinx,xelex,PR","{{Notes|{{Notes|$60,000 Bounty|highlighted=true}} |{{Notes|July 14th - '''[[MOUZ]]''' acquire {{player|PR|flag=cz}} from '''[[GamerLegion]]''' to complete their roster. }} }}"
BLAST Bounty Summer 2026,BLAST/Bounty/2026/Summer,The MongolZ,"bLitz,Techno4K,910,tikuak,flag=mn","{{Notes|{{Notes|$30,000 Bounty|highlighted=true}} |{{Notes|July 9th - {{player|mzinho|flag=mn}} is acquired by '''[[BC.Game Esports]]'''. }} |{{Notes|July 12th - '''[[The MongolZ]]''' bench {{player|cobrazera|flag=mn}}, acquire {{player|tikuak|flag=mn}} from '''[[Chinggis Warriors]]''', and promote {{player|DarkMeister|flag=mn}} from '''[[The MongolZ Academy|academy team]]'''. }} }}"
BLAST Bounty Summer 2026,BLAST/Bounty/2026/Summer,Aurora Gaming,"XANTARES,Wicadia,woxic,Jimpphat,kyxsan","{{Notes|{{Notes|$30,000 Bounty|highlighted=true}} |{{Notes|June 29th - '''[[Aurora Gaming]]''' bench {{player|Fabre|flag=tr}}. }} |{{Notes|July 2nd - '''[[Aurora Gaming]]''' bench {{player|MAJ3R|flag=tr}} and {{player|soulfly|flag=tr}}. }} |{{Notes|July 3rd - '''[[Aurora Gaming]]''' sign {{player|Jimpphat|flag=fi}} and {{player|ashhh|flag=uk}}, the latter as the team's coach. }} |{{Notes|July 8th - '''[[Aurora Gaming]]''' acquire {{player|kyxsan|flag=mk}} from '''[[Team Falcons]]''' to complete "
BLAST Bounty Summer 2026,BLAST/Bounty/2026/Summer,GamerLegion,"Tauson,REZ,hypex,Snax,FL4MUS","{{Notes|{{Notes|$30,000 Bounty|highlighted=true}} |{{Notes|July 14th - {{player|PR|flag=cz}} is acquired by '''[[MOUZ]]'''. }} }}"
BLAST Bounty Summer 2026,BLAST/Bounty/2026/Summer,Astralis,"Staehr,jabbi,HooXi,phzy,link=ryu (Lithuanian player)","{{Notes|{{Notes|$30,000 Bounty|highlighted=true}} |{{Notes|July 16th - '''[[Astralis]]''' sign {{player|NEO|flag=pl}} as the team's coach. }} }}"
BLAST Bounty Summer 2026,BLAST/Bounty/2026/Summer,FURIA,"yuurih,KSCERATO,FalleN,molodoy,YEKINDAR","{{Notes|{{Notes|$20,000 Bounty|highlighted=true}}}}"
BLAST Bounty Summer 2026,BLAST/Bounty/2026/Summer,FUT Esports,"dem0n,Krabeni,cmtry,dziugss,xfl0ud","{{Notes|{{Notes|$20,000 Bounty|highlighted=true}} |{{Notes|July 7th - '''[[FUT Esports]]''' bench {{player|lauNX|flag=ro}} and acquire {{player|xfl0ud|flag=tr}} from '''[[HEROIC]]''' as his replacement. }} }}"
BLAST Bounty Summer 2026,BLAST/Bounty/2026/Summer,G2 Esports,"huNter-,HeavyGod,matys,NertZ,r1nkle","{{Notes|{{Notes|$20,000 Bounty|highlighted=true}} |{{Notes|June 25th - '''[[G2 Esports]]''' bench {{player|SunPayus|flag=es}} and acquire {{player|r1nkle|flag=ua}} from '''[[Ninjas in Pyjamas]]''' as his replacement. }} }}"
BLAST Bounty Summer 2026,BLAST/Bounty/2026/Summer,magic,"MaSvAl,tenzy,sFade8,AW,mo0N","{{Notes|{{Notes|$20,000 Bounty|highlighted=true}}}}"
BLAST Bounty Summer 2026,BLAST/Bounty/2026/Summer,paiN Gaming,"biguzera,snow,piriajr,v$m,saffee","{{Notes|{{Notes|$15,000 Bounty|highlighted=true}}}}"
BLAST Bounty Summer 2026,BLAST/Bounty/2026/Summer,FaZe Clan,"frozen,jcobbb,Twistzz,JBOEN,Neityu","{{Notes|{{Notes|$15,000 Bounty|highlighted=true}} |{{Notes|June 25th - '''[[FaZe Clan]]''' bench {{player|broky|flag=lv}} and acquire {{player|JBOEN|flag=dk}} on loan from '''[[BIG Academy]]''' until the end of the season as his replacement. }} }}"
BLAST Bounty Summer 2026,BLAST/Bounty/2026/Summer,Ninjas in Pyjamas,"sjuush,Snappi,xKacpersky,stavn,n0te","{{Notes|{{Notes|$15,000 Bounty|highlighted=true}} |{{Notes|June 22nd - '''[[Ninjas in Pyjamas]]''' promote {{Player|n0te|flag=be}} from the '''[[Young Ninjas]]''' as a stand-in. }} }}"
BLAST Bounty Summer 2026,BLAST/Bounty/2026/Summer,Wildcard,"reck,mhL,HexT,nEMANHA,Cxzi","{{Notes|{{Notes|$15,000 Bounty|highlighted=true}}}}"
BLAST Bounty Summer 2026,BLAST/Bounty/2026/Summer,3DMAX,"link=Lucky (French player),Maka,Graviti,misutaaa,Kursy",{{Notes |{{Notes|June 24th - '''[[3DMAX]]''' bench {{player|Ex3rcice|flag=fr}} and sign {{player|Kursy|flag=fr}} as his replacement. }} }}
BLAST Bounty Summer 2026,BLAST/Bounty/2026/Summer,HEROIC,"nilo,Chr1zN,susp,Martinez,Brollan","{{Notes |{{Notes|July 6th - '''[[HEROIC]]''' part ways with {{player|TOBIZ|flag=dk}} and sign {{player|doto|flag=fi}} as his replacement. }} |{{Notes|July 7th - '''[[HEROIC]]''' bench {{player|yxngstxr|flag=se}}, acquire {{player|Martinez|flag=es}} and {{player|Brollan|flag=se}} from '''[[Gentle Mates]]''' and '''[[MOUZ]]''', respectively, while {{player|xfl0ud|flag=tr}} is acquired by '''[[FUT Esports]]'''. }} }}"
BLAST Bounty Summer 2026,BLAST/Bounty/2026/Summer,Alliance,"avid,twist,upE,eraa,bobeksde",
BLAST Bounty Summer 2026,BLAST/Bounty/2026/Summer,Gentle Mates,"mopoz,dav1g,sausol,link=alex (Spanish player),CRUC1AL",{{Notes |{{Notes|July 7th - {{player|Martinez|flag=es}} is acquired by '''[[HEROIC]]'''. }} }}
BLAST Bounty Summer 2026,BLAST/Bounty/2026/Summer,HOTU,"link=mizu (Russian player),kade0,frontales,n0rb3r7,dwushka",
BLAST Bounty Summer 2026,BLAST/Bounty/2026/Summer,M80,"Swisher,slaxz-,s1n,Lake,JBa",
BLAST Bounty Summer 2026,BLAST/Bounty/2026/Summer,SINNERS Esports,"beastik,SHOCK,kisserek,stressarN,MoDo",
BLAST Bounty Summer 2026,BLAST/Bounty/2026/Summer,Team Nemesis,"SELLTER,Sdaim,tex1y,mag1k3Y,r3salt",
BLAST Bounty Summer 2026,BLAST/Bounty/2026/Summer,FOKUS,"Matheos,Banjo,ztr,podi,jocab",{{Notes |{{Notes|July 9th - {{player|Jorko|flag=bg}} is acquired by '''[[Team Liquid]]'''. }} |{{Notes|July 16th - '''[[FOKUS]]''' acquire {{player|jocab|flag=se}} from '''[[Johnny Speeds]]''' while {{player|volt|flag=ro}} is acquired by '''[[INFINITE]]'''. }} }}
BLAST Bounty Summer 2026,BLAST/Bounty/2026/Summer,DENDELE CS,"gafolo,rdnzao,doc,koala,maxxkor",{{Notes |{{Notes|July 20th - '''[[Sharks Esports]]''' rebrand to '''[[DENDELE CS]]'''. }} }}
BLAST Bounty Summer 2026,BLAST/Bounty/2026/Summer,Nuclear TigeRES,"senka,flouzer,z1k4,m1QUSE,ayuki",
BLAST Bounty Summer 2026,BLAST/Bounty/2026/Summer,Nemiga Gaming,"khaN,Sowalio,SYPH0,KaiR0N-,robo",{{Notes |{{Notes|June 23rd - '''[[9z Team]]''' withdraw from the event; they are replaced by '''[[Nemiga Gaming]]'''. }} |{{Notes|July 17th - '''[[Nemiga Gaming]]''' bench {{player|1eeR|flag=by}} and add {{player|robo|flag=ru}} on a trial basis. }} }}
BLAST Bounty Summer 2026,BLAST/Bounty/2026/Summer,EYEBALLERS,"JW,dex,Ro1f,KRIMZ,team=heroic",{{Notes |{{Notes|June 22nd - '''[[EYEBALLERS]]''' acquire {{player|KRIMZ|flag=se}} from '''[[Fnatic]]'''. }} |{{Notes|July 22nd - {{player|yxngstxr|flag=se}} will stand in for {{player|maxster|flag=se}} who misses the event due to being on vacation. }} }}
BLAST Bounty Summer 2026,BLAST/Bounty/2026/Summer,Team Liquid,"NAF,EliGE,malbsMd,Jorko,JT",{{Notes |{{Notes|July 9th - '''[[Team Liquid]]''' bench {{player|ultimate|flag=pl}} and acquire {{player|Jorko|flag=bg}} from '''[[FOKUS]]''' as his replacement. }} |{{Notes|July 21st - '''[[Team Liquid]]''' bench {{player|siuhy|flag=pl}}. }} |{{Notes|July 22nd - '''[[Team Liquid]]''' acquire {{player|JT|flag=za}} from '''[[Passion UA]]'''. }} }}
BLAST Bounty Summer 2026,BLAST/Bounty/2026/Summer,100 Thieves,"rain,poiii,sirah,dev1ce,Gizmy",{{Notes |{{Notes|June 29th - '''[[100 Thieves]]''' bench {{player|Ag1l|flag=pt}}. }} |{{Notes|July 1st - '''[[100 Thieves]]''' acquire {{player|Gizmy|flag=uk}} from '''[[Monte]]'''. }} }}
BLAST Bounty Summer 2026,BLAST/Bounty/2026/Summer,OG,"spooke,adamb,cadiaN,bodyy,pr1metapz",
BLAST Bounty Summer 2026,BLAST/Bounty/2026/Summer,9z Team,,{{Notes |{{Notes|June 23rd - '''[[9z Team]]''' withdraw from the event; they are replaced by '''[[Nemiga Gaming]]'''. }} }}
IEM Cologne Major 2026,Intel Extreme Masters/2026/Cologne,Team Vitality,"apEX,ZywOo,flameZ,mezii,ropz,played=false",
IEM Cologne Major 2026,Intel Extreme Masters/2026/Cologne,Natus Vincere,"b1t,Aleksib,iM,w0nderful,makazze,played=false",
IEM Cologne Major 2026,Intel Extreme Masters/2026/Cologne,Team Falcons,"NiKo,TeSeS,played=false,m0NESY,kyousuke",
IEM Cologne Major 2026,Intel Extreme Masters/2026/Cologne,The MongolZ,"bLitz,Techno4K,910,mzinho,cobrazera",
IEM Cologne Major 2026,Intel Extreme Masters/2026/Cologne,PARIVISION,"BELCHONOKK,Jame,nota,xiELO,zweih",
IEM Cologne Major 2026,Intel Extreme Masters/2026/Cologne,Aurora Gaming,"XANTARES,MAJ3R,Wicadia,woxic,soulfly,played=false",
IEM Cologne Major 2026,Intel Extreme Masters/2026/Cologne,FURIA,"yuurih,KSCERATO,FalleN,molodoy,YEKINDAR",
IEM Cologne Major 2026,Intel Extreme Masters/2026/Cologne,MOUZ,"torzsi,xertioN,played=false,Brollan,Spinx",
IEM Cologne Major 2026,Intel Extreme Masters/2026/Cologne,FUT Esports,"dem0n,Krabeni,cmtry,dziugss,lauNX",
IEM Cologne Major 2026,Intel Extreme Masters/2026/Cologne,Team Spirit,"magixx,zont1x,donk,sh1ro,tN1R,played=false",{{Notes |{{Notes|June 4th - {{player|hally|flag=ru}} misses the event due to health issues. }} }}
IEM Cologne Major 2026,Intel Extreme Masters/2026/Cologne,Astralis,"Staehr,jabbi,HooXi,phzy,link=ryu (Lithuanian player),played=false",
IEM Cologne Major 2026,Intel Extreme Masters/2026/Cologne,G2 Esports,"huNter-,HeavyGod,SunPayus,matys,NertZ,played=false",
IEM Cologne Major 2026,Intel Extreme Masters/2026/Cologne,Legacy,"latto,dumau,saadzin,n1ssim,arT",{{Notes |{{Notes|June 13th - {{player|adr|flag=br}} is barred from coaching the team for the remainder of the event after multiple communication infractions. }} }}
IEM Cologne Major 2026,Intel Extreme Masters/2026/Cologne,paiN Gaming,"biguzera,played=false,snow,piriajr,v$m",
IEM Cologne Major 2026,Intel Extreme Masters/2026/Cologne,Monte,"Gizmy,afro,AZUWU,Bymas,Rainwaker",
IEM Cologne Major 2026,Intel Extreme Masters/2026/Cologne,9z Team,"max,HUASOPEEK,luchov,meyern,dgt",
IEM Cologne Major 2026,Intel Extreme Masters/2026/Cologne,GamerLegion,"Tauson,PR,REZ,hypex,Snax,played=false",
IEM Cologne Major 2026,Intel Extreme Masters/2026/Cologne,B8,"npl,esenthial,alex666,kensizor,s1zzi,played=false",
IEM Cologne Major 2026,Intel Extreme Masters/2026/Cologne,HEROIC,"yxngstxr,xfl0ud,nilo,Chr1zN,susp,played=false",
IEM Cologne Major 2026,Intel Extreme Masters/2026/Cologne,BetBoom Team,"played=false,zorte,Magnojez,Boombl4,FL4MUS",{{Notes |{{Notes|June 2nd - {{player|s1ren|flag=ru}} misses the event for an unspecified reason. }} }}
IEM Cologne Major 2026,Intel Extreme Masters/2026/Cologne,BIG,"tabseN,JDC,gr1ks,blameF,faveN,played=false",
IEM Cologne Major 2026,Intel Extreme Masters/2026/Cologne,M80,"Swisher,slaxz-,s1n,Lake,JBa,played=false",
IEM Cologne Major 2026,Intel Extreme Masters/2026/Cologne,MIBR,"brnz4n,insani,kl1m,LNZ,venomzera,played=false",
IEM Cologne Major 2026,Intel Extreme Masters/2026/Cologne,SINNERS Esports,"beastik,SHOCK,kisserek,stressarN,MoDo,played=false",
IEM Cologne Major 2026,Intel Extreme Masters/2026/Cologne,NRG,"oSee,nitr0,br0,link=Sonic (South African player),Grim",
IEM Cologne Major 2026,Intel Extreme Masters/2026/Cologne,TYLOO,"JamYoung,Moseyuh,Mercury,Jee,link=Zero (Su Jingshen),played=false",
IEM Cologne Major 2026,Intel Extreme Masters/2026/Cologne,Sharks Esports,"gafolo,rdnzao,doc,koala,maxxkor,played=false",
IEM Cologne Major 2026,Intel Extreme Masters/2026/Cologne,Gaimin Gladiators,"JOTA,NEKIZ,played=false,HEN1,Luken",
IEM Cologne Major 2026,Intel Extreme Masters/2026/Cologne,Team Liquid,"NAF,ultimate,siuhy,EliGE,malbsMd,played=false",
IEM Cologne Major 2026,Intel Extreme Masters/2026/Cologne,Lynn Vision Gaming,"westmelon,z4kr,EmiliaQAQ,Starry,C4LLM3SU3",
IEM Cologne Major 2026,Intel Extreme Masters/2026/Cologne,THUNDERdOWNUNDER,"asap,TjP,aliStair,dexter,Liazz",
IEM Cologne Major 2026,Intel Extreme Masters/2026/Cologne,FlyQuest,"INS,Vexite,nettik,jks,story",
CS Asia Championships 2026,CS Asia Championships/2026,PARIVISION,"BELCHONOKK,Jame,nota,xiELO,zweih",
CS Asia Championships 2026,CS Asia Championships/2026,Team Falcons,"NiKo,TeSeS,m0NESY,kyousuke,karrigan",{{Notes |{{Notes|April 20th - '''[[Team Falcons]]''' bench {{player|kyxsan|flag=mk}} and acquire {{player|karrigan|flag=dk}} from '''[[FaZe Clan]]''' as his replacement. }} }}
CS Asia Championships 2026,CS Asia Championships/2026,MOUZ,"torzsi,xertioN,Spinx,xelex,jL","{{Notes |{{Notes|April 18th - '''[[MOUZ]]''' bench {{player|Jimpphat|flag=fi}} and {{player|Brollan|flag=se}}, promote {{player|xelex|flag=hu}} from '''[[MOUZ NXT]]''', and acquire {{player|jL|flag=lt}} on loan from '''[[Natus Vincere]]''' as their replacements. }} }}"
CS Asia Championships 2026,CS Asia Championships/2026,The MongolZ,"bLitz,Techno4K,910,mzinho,cobrazera",
CS Asia Championships 2026,CS Asia Championships/2026,Team Liquid,"NAF,ultimate,siuhy,EliGE,malbsMd",{{Notes |{{Notes|May 20th - {{player|flashie|flag=hu}} stands in for {{player|malbsMd|flag=gt}} on day 1 of the event due to visa issues. }} }}
CS Asia Championships 2026,CS Asia Championships/2026,B8,"npl,esenthial,alex666,kensizor,flag=ua",
CS Asia Championships 2026,CS Asia Championships/2026,3DMAX,"link=Lucky (French player),Ex3rcice,Maka,Graviti,misutaaa",
CS Asia Championships 2026,CS Asia Championships/2026,Legacy,"latto,dumau,saadzin,n1ssim,arT",{{Notes |{{Notes|April 22nd - {{player|RiVAS|flag=br}} steps down from the active lineup while {{player|adr|flag=br}} takes over as interim coach. }} }}
CS Asia Championships 2026,CS Asia Championships/2026,NRG,"oSee,nitr0,link=Sonic (South African player),Grim,daps",{{Notes |{{Notes|May 20th - {{player|br0|flag=dk}} will miss the event after day one due to a family emergency. {{player|daps|flag=ca}} will stand in for the remainder of the event. }} }}
CS Asia Championships 2026,CS Asia Championships/2026,paiN Gaming,"biguzera,snow,piriajr,v$m,saffee",{{Notes |{{Notes|April 6th - {{player|nqz|flag=br}} temporarily steps down from '''[[paiN Gaming]]'''<nowiki>'s</nowiki> starting lineup for personal reasons. }} |{{Notes|April 9th - '''[[paiN Gaming]]''' acquire {{player|piriajr|flag=br}} from '''[[Bounty Hunters Esports]]''' on a permanent basis. }} |{{Notes|April 22nd - '''[[paiN Gaming]]''' acquire {{player|saffee|flag=br}} from [[MIBR]]. }} }}
CS Asia Championships 2026,CS Asia Championships/2026,M80,"Swisher,slaxz-,s1n,Lake,JBa",
CS Asia Championships 2026,CS Asia Championships/2026,BC.Game Esports,"s1mple,electroNic,krazy,Senzu,ScrunK",{{Notes |{{Notes|April 14th - '''[[BC.Game Esports]]''' bench {{Player|MUTiRiS|flag=pt}} and {{Player|aragornN|flag=pt}}. }} |{{Notes|April 27th - '''[[BC.Game Esports]]''' acquire {{Player|Senzu|flag=mn}} on loan from '''[[The MongolZ]]''' and add {{Player|ScrunK|flag=de}} as a stand-in for the event. }} }}
CS Asia Championships 2026,CS Asia Championships/2026,MIBR,"brnz4n,insani,kl1m,LNZ,venomzera",
CS Asia Championships 2026,CS Asia Championships/2026,Ninjas in Pyjamas,"sjuush,Snappi,xKacpersky,cairne,stavn",{{Notes |{{Notes|April 27th - '''[[Aurora Gaming]]''' withdraw from the event due to visa issues; they are replaced by '''[[Ninjas in Pyjamas]]'''. }} }}
CS Asia Championships 2026,CS Asia Championships/2026,Aurora Gaming,"XANTARES,MAJ3R,Wicadia,woxic,soulfly",{{Notes|{{Notes|April 27th - '''[[Aurora Gaming]]''' withdraw from the event due to visa issues; they are replaced by '''[[Ninjas in Pyjamas]]'''. }}}}
CS Asia Championships 2026,CS Asia Championships/2026,FlyQuest,"INS,Vexite,nettik,jks,story",
CS Asia Championships 2026,CS Asia Championships/2026,Lynn Vision Gaming,"westmelon,z4kr,EmiliaQAQ,Starry,C4LLM3SU3",
CS Asia Championships 2026,CS Asia Championships/2026,Rare Atom,"Summer,L1haNg,TiGeR,chengking,x9",{{Notes |{{Notes|March 8th - '''[[Rare Atom]]''' acquire {{Player|x9|flag=cn}} from '''[[FengDa Gaming]]'''. }} }}
CS Asia Championships 2026,CS Asia Championships/2026,TYLOO,"JamYoung,Moseyuh,Mercury,Jee,link=zero (Su Jingshen)",
CS Asia Championships 2026,CS Asia Championships/2026,Morningstar,"SPine,link=rage (Chinese player),suki,SasiKi,link=rubeN (Chinese player)",{{Notes |{{Notes|March 8th - '''[[Morningstar]]''' sign {{player|zeroX1n|flag=cn}}. }} }}
CS Asia Championships 2026,CS Asia Championships/2026,The Huns Esports,"nin9,Bart4k,xerolte,sk0R,controlez",
CS Asia Championships 2026,CS Asia Championships/2026,FengDa Gaming,"p5p,3gl,Trash,afufu,zy",{{Notes |{{Notes|March 8th - {{Player|x9|flag=cn}} is acquired by '''[[Rare Atom]]'''. }} }}
CS Asia Championships 2026,CS Asia Championships/2026,Chinggis Warriors,"ROUX,efire,cool4st,flag=mn,flag=mn",
CS Asia Championships 2026,CS Asia Championships/2026,Change The Game,"LaiKeXu,957,Hack1ng,VanceKK,ProKiller",
CS Asia Championships 2026,CS Asia Championships/2026,Chaos Gaming General,"flag=cn,flag=cn,flag=cn,flag=cn,flag=cn",
CS Asia Championships 2026,CS Asia Championships/2026,100RA,"link=shinobi (Mongolian player),flag=mn,sideffect,xenization,link=ATTACKER (Mongolian player)",
CS Asia Championships 2026,CS Asia Championships/2026,NEXVOID,"erkaSt,AccuracyTG,Zesta,flag=mn,MiQ",
CS Asia Championships 2026,CS Asia Championships/2026,Blazing Beavers,"flag=uk,flag=au,flag=id,flag=nz,flag=au",
CS Asia Championships 2026,CS Asia Championships/2026,Ground Zero Gaming,"damyo,apocdud,pz,vision,Omichella",
CS Asia Championships 2026,CS Asia Championships/2026,DEPO,"wetfy,flag=uz,flag=uz,buster,team=allinners",
CS Asia Championships 2026,CS Asia Championships/2026,Alter Ego,"BnTeT,Gratisfaction,Polbandana,BOROS,team=legion.pk",{{Notes |{{Notes|March 10th - '''[[Alter Ego]]''' part ways with {{player|rate|flag=mn}} and sign {{player|BOROS|flag=jo}} as his replacement. }} }}
Intel Extreme Masters Atlanta 2026,Intel Extreme Masters/2026/Atlanta,Legacy,"latto,dumau,saadzin,n1ssim,arT",{{Notes |{{Notes|April 22nd - {{player|RiVAS|flag=br}} steps down from the active lineup while {{player|adr|flag=br}} takes over as interim coach. }} }}
Intel Extreme Masters Atlanta 2026,Intel Extreme Masters/2026/Atlanta,NRG,"oSee,nitr0,br0,link=Sonic (South African player),Grim",{{Notes |{{Notes|February 28th - '''[[NRG]]''' bench {{Player|Jeorge|flag=us}} and acquire {{Player|Grim|flag=us}} from '''[[Passion UA]]''' as his replacement. }} }}
Intel Extreme Masters Atlanta 2026,Intel Extreme Masters/2026/Atlanta,Team Vitality,"apEX,ZywOo,flameZ,mezii,ropz",
Intel Extreme Masters Atlanta 2026,Intel Extreme Masters/2026/Atlanta,Natus Vincere,"b1t,Aleksib,iM,w0nderful,makazze",
Intel Extreme Masters Atlanta 2026,Intel Extreme Masters/2026/Atlanta,FaZe Clan,"broky,frozen,jcobbb,Twistzz,team=ence",{{Notes |{{Notes|March 16th - '''[[FaZe Clan]]''' part ways with {{player|NEO|flag=pl}} while {{player|GruBy|flag=pl}} steps in as interim head coach. }} |{{Notes|April 16th - '''[[FaZe Clan]]''' acquire {{player|enkay J|flag=de}} from '''[[ENCE]]''' as coach and move {{player|GruBy|flag=pl}} back to an analyst position. }} |{{Notes|April 20th - {{player|karrigan|flag=dk}} is acquired by '''[[Team Falcons]]'''. }} |{{Notes|April 23rd - '''[[FaZe Clan]]''' add {{player|Neityu|flag=fr}} as a stand
Intel Extreme Masters Atlanta 2026,Intel Extreme Masters/2026/Atlanta,Team Liquid,"NAF,ultimate,siuhy,EliGE,malbsMd",{{Notes |{{Notes|March 13th - '''[[Team Liquid]]''' and '''[[G2 Esports]]''' swap {{player|NertZ|flag=il}} and {{player|malbsMd|flag=gt}}. }} }}
Intel Extreme Masters Atlanta 2026,Intel Extreme Masters/2026/Atlanta,B8,"npl,esenthial,alex666,kensizor,flag=ua",{{Notes |{{Notes|May 10th - {{Player|arch|flag=ua}} will stand in for {{Player|Maddened|flag=xx}} who misses the event due to visa issues. }} }}
Intel Extreme Masters Atlanta 2026,Intel Extreme Masters/2026/Atlanta,Astralis,"Staehr,jabbi,HooXi,phzy,link=ryu (Lithuanian player)",
Intel Extreme Masters Atlanta 2026,Intel Extreme Masters/2026/Atlanta,GamerLegion,"Tauson,PR,REZ,hypex,Snax",
Intel Extreme Masters Atlanta 2026,Intel Extreme Masters/2026/Atlanta,FUT Esports,"dem0n,Krabeni,cmtry,dziugss,lauNX",
Intel Extreme Masters Atlanta 2026,Intel Extreme Masters/2026/Atlanta,paiN Gaming,"biguzera,snow,piriajr,v$m,saffee",{{Notes |{{Notes|April 6th - {{player|nqz|flag=br}} temporarily steps down from '''[[paiN Gaming]]'''<nowiki>'s</nowiki> starting lineup for personal reasons. }} |{{Notes|April 9th - '''[[paiN Gaming]]''' acquire {{player|piriajr|flag=br}} from '''[[Bounty Hunters Esports]]''' on a permanent basis. }} |{{Notes|April 22nd - '''[[paiN Gaming]]''' acquire {{player|saffee|flag=br}} from [[MIBR]]. }} }}
Intel Extreme Masters Atlanta 2026,Intel Extreme Masters/2026/Atlanta,M80,"Swisher,slaxz-,s1n,Lake,JBa",
Intel Extreme Masters Atlanta 2026,Intel Extreme Masters/2026/Atlanta,BC.Game Esports,"s1mple,electroNic,krazy,Senzu,ScrunK",{{Notes |{{Notes|April 14th - '''[[BC.Game Esports]]''' bench {{Player|MUTiRiS|flag=pt}} and {{Player|aragornN|flag=pt}}. }} |{{Notes|April 27th - '''[[BC.Game Esports]]''' acquire {{Player|Senzu|flag=mn}} on loan from '''[[The MongolZ]]''' and add {{Player|ScrunK|flag=de}} as a stand-in for the event. }} }}
Intel Extreme Masters Atlanta 2026,Intel Extreme Masters/2026/Atlanta,BetBoom Team,"s1ren,zorte,Magnojez,Boombl4,FL4MUS",{{Notes |{{Notes|April 9th - '''[[BetBoom Team]]''' bench {{Player|ArtFr0st|flag=ru}} and reinstate {{Player|zorte|flag=ru}} to the starting lineup. }} |{{Notes|April 27th - '''[[BetBoom Team]]''' acquire {{Player|FL4MUS|flag=ru}} on loan from '''[[Virtus.pro]]'''. }} }}
Intel Extreme Masters Atlanta 2026,Intel Extreme Masters/2026/Atlanta,SINNERS Esports,"beastik,SHOCK,kisserek,stressarN,MoDo",{{Notes |{{Notes|March 31st - '''[[33]]''' withdraw from the event due to visa issues; they are replaced by '''[[SINNERS Esports]]'''. }} }}
Intel Extreme Masters Atlanta 2026,Intel Extreme Masters/2026/Atlanta,Passion UA,"Kvem,JT,nicx,try,sdy","{{Notes |{{Notes|February 13th - '''[[Passion UA]]''' acquire {{player|try|flag=ar}} and {{player|Senzu|flag=mn}} from '''[[Imperial Esports]]''' and '''[[The MongolZ]]''', respectively, the latter on loan. }} |{{Notes|February 14th - '''[[Passion UA]]''' bench {{player|hallzerk|flag=no}}. }} |{{Notes|February 26th - '''[[Passion UA]]''' bench {{player|Grim|flag=us}}. }} |{{Notes|April 27th - '''[[Passion UA]]''' part ways with {{Player|Senzu|flag=mn}} upon the expiration of his loan and add {{P"
Intel Extreme Masters Atlanta 2026,Intel Extreme Masters/2026/Atlanta,33,"kinqie,executor,KIRO,z1Nny,bluewh1te",{{Notes |{{Notes|March 31st - '''[[33]]''' withdraw from the event due to visa issues; they are replaced by '''[[SINNERS Esports]]'''. }} }}
PGL Astana 2026,PGL/2026/Astana,FURIA,"yuurih,KSCERATO,FalleN,molodoy,YEKINDAR",
PGL Astana 2026,PGL/2026/Astana,MOUZ,"torzsi,xertioN,Spinx,xelex,jL","{{Notes |{{Notes|April 18th - '''[[MOUZ]]''' bench {{player|Jimpphat|flag=fi}} and {{player|Brollan|flag=se}}, promote {{player|xelex|flag=hu}} from '''[[MOUZ NXT]]''', and acquire {{player|jL|flag=lt}} on loan from '''[[Natus Vincere]]''' as their replacements. }} }}"
PGL Astana 2026,PGL/2026/Astana,PARIVISION,"BELCHONOKK,Jame,nota,xiELO,zweih",
PGL Astana 2026,PGL/2026/Astana,Team Falcons,"NiKo,TeSeS,m0NESY,kyousuke,karrigan",{{Notes |{{Notes|April 20th - '''[[Team Falcons]]''' bench {{player|kyxsan|flag=mk}} and acquire {{player|karrigan|flag=dk}} from '''[[FaZe Clan]]''' as his replacement. }} }}
PGL Astana 2026,PGL/2026/Astana,Team Spirit,"magixx,zont1x,donk,sh1ro,tN1R",{{Notes |{{Notes|April 2nd - {{player|S0tF1k|flag=ru}} will stand in for {{player|hally|flag=ru}} who misses the event due to health issues. }} }}
PGL Astana 2026,PGL/2026/Astana,Aurora Gaming,"XANTARES,MAJ3R,Wicadia,woxic,soulfly",
PGL Astana 2026,PGL/2026/Astana,The MongolZ,"bLitz,Techno4K,910,mzinho,cobrazera",
PGL Astana 2026,PGL/2026/Astana,G2 Esports,"huNter-,HeavyGod,SunPayus,matys,NertZ",{{Notes |{{Notes|March 13th - '''[[G2 Esports]]''' and '''[[Team Liquid]]''' swap {{player|malbsMd|flag=gt}} and {{player|NertZ|flag=il}}. }} }}
PGL Astana 2026,PGL/2026/Astana,Gentle Mates,"mopoz,dav1g,sausol,link=alex (Spanish player),Martinez",{{Notes |{{Notes|April 21st - '''[[Gentle Mates]]''' bench {{player|deLonge|flag=es}}. }} }}
PGL Astana 2026,PGL/2026/Astana,HEROIC,"yxngstxr,xfl0ud,nilo,Chr1zN,susp",
PGL Astana 2026,PGL/2026/Astana,Monte,"Gizmy,afro,AZUWU,Bymas,Rainwaker",
PGL Astana 2026,PGL/2026/Astana,magic,"MaSvAl,tenzy,sFade8,AW,mo0N",{{Notes |{{Notes|April 30th - {{player|eksiver|flag=ru}} will stand in for {{player|bullet|link=bullet (Russian player)|flag=ru}} who misses the event due to personal reasons. }} }}
PGL Astana 2026,PGL/2026/Astana,K27,"kashl1d,xeedo,qw1nk1,X5G7V,fame",{{Notes |{{Notes|April 4th - '''[[FUT Esports]]''' withdraw from the event; they are replaced by '''[[K27]]'''. }} |{{Notes|April 22nd - '''[[K27]]''' bench {{player|relaxxie|flag=ru}} and add {{player|fame|flag=ru}} on loan from '''[[Virtus.pro]]''' for the event. }} }}
PGL Astana 2026,PGL/2026/Astana,Fisher College,"AlekS,CrePoW,corn,TH0R,team=novaq",{{Notes |{{Notes|April 7th - {{player|ReFuZR|flag=nl}} misses the event due to personal reasons. }} |{{Notes|April 11th - '''[[Fisher College]]''' add {{player|neaLaN|flag=kz}} as a stand-in for the event. }} }}
PGL Astana 2026,PGL/2026/Astana,9z Team,"max,HUASOPEEK,luchov,meyern,dgt",
PGL Astana 2026,PGL/2026/Astana,The Huns Esports,"nin9,Bart4k,xerolte,sk0R,controlez",
PGL Astana 2026,PGL/2026/Astana,FUT Esports,,{{Notes|{{Notes|April 4th - '''[[FUT Esports]]''' withdraw from the event; they are replaced by '''[[K27]]'''. }} }}
BLAST Rivals Spring 2026,BLAST/Rivals/2026/Spring,Team Vitality,"apEX,ZywOo,flameZ,mezii,ropz",
BLAST Rivals Spring 2026,BLAST/Rivals/2026/Spring,FURIA,"yuurih,KSCERATO,FalleN,molodoy,YEKINDAR",
BLAST Rivals Spring 2026,BLAST/Rivals/2026/Spring,Natus Vincere,"b1t,Aleksib,iM,w0nderful,makazze",
BLAST Rivals Spring 2026,BLAST/Rivals/2026/Spring,Astralis,"Staehr,jabbi,HooXi,phzy,link=ryu (Lithuanian player)",
BLAST Rivals Spring 2026,BLAST/Rivals/2026/Spring,G2 Esports,"huNter-,HeavyGod,SunPayus,matys,NertZ",{{Notes |{{Notes|March 13th - '''[[G2 Esports]]''' and '''[[Team Liquid]]''' swap {{player|malbsMd|flag=gt}} and {{player|NertZ|flag=il}}. }} }}
BLAST Rivals Spring 2026,BLAST/Rivals/2026/Spring,FaZe Clan,"broky,frozen,jcobbb,Twistzz,team=ence",{{Notes |{{Notes|March 16th - '''[[FaZe Clan]]''' part ways with {{player|NEO|flag=pl}} while {{player|GruBy|flag=pl}} steps in as interim head coach. }} |{{Notes|April 16th - '''[[FaZe Clan]]''' acquire {{player|enkay J|flag=de}} from '''[[ENCE]]''' as coach and move {{player|GruBy|flag=pl}} back to an analyst position. }} |{{Notes|April 20th - {{player|karrigan|flag=dk}} is acquired by '''[[Team Falcons]]'''. }} |{{Notes|April 23rd - '''[[FaZe Clan]]''' add {{player|Neityu|flag=fr}} as a stand
BLAST Rivals Spring 2026,BLAST/Rivals/2026/Spring,GamerLegion,"Tauson,PR,REZ,hypex,Snax",
BLAST Rivals Spring 2026,BLAST/Rivals/2026/Spring,FUT Esports,"dem0n,Krabeni,cmtry,dziugss,coolio",{{Notes |{{Notes|April 27th - {{player|coolio|flag=hu}} will stand in for {{player|lauNX|flag=ro}} who misses the event due to health issues. }} }}
Intel Extreme Masters Rio 2026,Intel Extreme Masters/2026/Rio,FURIA,"yuurih,KSCERATO,FalleN,molodoy,YEKINDAR",
Intel Extreme Masters Rio 2026,Intel Extreme Masters/2026/Rio,Passion UA,"Kvem,JT,nicx,try,FaNg","{{Notes |{{Notes|February 13th - '''[[Passion UA]]''' acquire {{player|try|flag=ar}} and {{player|Senzu|flag=mn}} from '''[[Imperial Esports]]''' and '''[[The MongolZ]]''', respectively, the latter on loan. }} |{{Notes|February 14th - '''[[Passion UA]]''' bench {{player|hallzerk|flag=no}}. }} |{{Notes|February 26th - '''[[Passion UA]]''' bench {{player|Grim|flag=us}}. }} |{{Notes|March 28th - {{Player|FaNg|flag=ca}} will stand in for {{Player|Senzu|flag=mn}} who misses the event due to [[ESL]] r"
Intel Extreme Masters Rio 2026,Intel Extreme Masters/2026/Rio,Team Vitality,"apEX,ZywOo,flameZ,mezii,ropz",
Intel Extreme Masters Rio 2026,Intel Extreme Masters/2026/Rio,Team Falcons,"NiKo,TeSeS,kyxsan,m0NESY,kyousuke",
Intel Extreme Masters Rio 2026,Intel Extreme Masters/2026/Rio,Team Spirit,"magixx,zont1x,donk,sh1ro,tN1R",{{Notes |{{Notes|April 2nd - {{player|S0tF1k|flag=ru}} will stand in for {{player|hally|flag=ru}} who misses the event due to health issues. }} }}
Intel Extreme Masters Rio 2026,Intel Extreme Masters/2026/Rio,Natus Vincere,"b1t,Aleksib,iM,w0nderful,makazze",
Intel Extreme Masters Rio 2026,Intel Extreme Masters/2026/Rio,MOUZ,"torzsi,xertioN,Jimpphat,Brollan,Spinx",
Intel Extreme Masters Rio 2026,Intel Extreme Masters/2026/Rio,Aurora Gaming,"XANTARES,MAJ3R,Wicadia,woxic,soulfly",
Intel Extreme Masters Rio 2026,Intel Extreme Masters/2026/Rio,B8,"npl,esenthial,alex666,kensizor,flag=ua",{{Notes |{{Notes|January 16th - '''[[B8]]''' bench and transfer-list {{Player|headtr1ck|flag=ua}}. }} |{{Notes|February 1st - '''[[B8]]''' acquire {{Player|s1zzi|flag=ua}} on loan from '''[[Team Spirit Academy Black]]'''. }} }}
Intel Extreme Masters Rio 2026,Intel Extreme Masters/2026/Rio,Legacy,"latto,dumau,saadzin,n1ssim,arT",{{Notes |{{Notes|February 2nd - '''[[Legacy]]''' bench {{Player|lux|flag=br}}. }} |{{Notes|February 3rd - '''[[Legacy]]''' acquire {{player|arT|flag=br}} from '''[[Fluxo W7M]]'''. }} |{{Notes|April 13th - {{Player|RiVAS|flag=br}} misses the day 1 of the event due to health issues. }} }}
Intel Extreme Masters Rio 2026,Intel Extreme Masters/2026/Rio,G2 Esports,"HeavyGod,SunPayus,matys,NertZ,team=g2 ares",{{Notes |{{Notes|March 13th - '''[[G2 Esports]]''' and '''[[Team Liquid]]''' swap {{player|malbsMd|flag=gt}} and {{player|NertZ|flag=il}}. }} |{{Notes|April 8th - {{Player|tAk|flag=lt}} will stand in for {{Player|huNter-|flag=ba}} who misses the event due to an injury. }} }}
Intel Extreme Masters Rio 2026,Intel Extreme Masters/2026/Rio,Team Liquid,"NAF,ultimate,siuhy,EliGE,malbsMd",{{Notes |{{Notes|March 13th - '''[[Team Liquid]]''' and '''[[G2 Esports]]''' swap {{player|NertZ|flag=il}} and {{player|malbsMd|flag=gt}}. }} }}
Intel Extreme Masters Rio 2026,Intel Extreme Masters/2026/Rio,3DMAX,"link=Lucky (French player),Ex3rcice,Maka,Graviti,misutaaa","{{Notes |{{Notes|February 24th - '''[[3DMAX]]''' part ways with {{Player|bodyy|flag=fr}} and {{Player|YouKnow|flag=fr}} and acquire {{Player|misutaaa|flag=fr}} and {{Player|wasiNk|flag=fr}} from '''[[GenOne]]''', the latter as coach. }} }}"
Intel Extreme Masters Rio 2026,Intel Extreme Masters/2026/Rio,HOTU,"link=mizu (Russian player),dukefissura,frontales,n0rb3r7,kAlash",
Intel Extreme Masters Rio 2026,Intel Extreme Masters/2026/Rio,Gentle Mates,"mopoz,dav1g,sausol,link=alex (Spanish player),Martinez",
Intel Extreme Masters Rio 2026,Intel Extreme Masters/2026/Rio,RED Canids,"drop,kauez,chayJESUS,dav1deuS,flag=br",{{Notes |{{Notes|March 30th - '''[[RED Canids]]''' part ways with {{player|history|flag=br}}. }} |{{Notes|April 1st - '''[[RED Canids]]''' promote {{player|reNTU|flag=br}} from their '''[[RED Canids Academy|academy team]]'''. }} }}
Stake Ranked Episode 3,Stake Ranked/Episode 3,paiN Gaming,"biguzera,snow,piriajr,v$m,saffee",
Stake Ranked Episode 3,Stake Ranked/Episode 3,Ninjas in Pyjamas,"sjuush,Snappi,xKacpersky,stavn,n0te",{{Notes |{{Notes|June 22nd - '''[[Ninjas in Pyjamas]]''' promote {{Player|n0te|flag=be}} from the '''[[Young Ninjas]]''' as a stand-in. }} }}
Stake Ranked Episode 3,Stake Ranked/Episode 3,Wildcard,"reck,mhL,HexT,nEMANHA,Cxzi",
Stake Ranked Episode 3,Stake Ranked/Episode 3,3DMAX,"link=Lucky (French player),Maka,Graviti,misutaaa,Kursy",{{Notes |{{Notes|June 24th - '''[[3DMAX]]''' bench {{player|Ex3rcice|flag=fr}} and sign {{player|Kursy|flag=fr}} as his replacement. }} }}
Stake Ranked Episode 3,Stake Ranked/Episode 3,HEROIC,"nilo,Chr1zN,susp,Martinez,Brollan","{{Notes |{{Notes|July 6th - '''[[HEROIC]]''' part ways with {{player|TOBIZ|flag=dk}} and sign {{player|doto|flag=fi}} as his replacement. }} |{{Notes|July 7th - '''[[HEROIC]]''' bench {{player|yxngstxr|flag=se}}, acquire {{player|Martinez|flag=es}} and {{player|Brollan|flag=se}} from '''[[Gentle Mates]]''' and '''[[MOUZ]]''', respectively, while {{player|xfl0ud|flag=tr}} is acquired by '''[[FUT Esports]]'''. }} }}"
Stake Ranked Episode 3,Stake Ranked/Episode 3,Gentle Mates,"mopoz,dav1g,sausol,link=alex (Spanish player),CRUC1AL",{{Notes |{{Notes|July 7th - {{player|Martinez|flag=es}} is acquired by '''[[HEROIC]]'''. }} }}
Stake Ranked Episode 3,Stake Ranked/Episode 3,FOKUS,"volt,Matheos,Banjo,ztr,Jorko",
Stake Ranked Episode 3,Stake Ranked/Episode 3,K27,"kashl1d,xeedo,qw1nk1,X5G7V,fame",
Stake Ranked Episode 3,Stake Ranked/Episode 3,IC Esports,"onic,Dawy,zeRRoFIX,cptkurtka023,headtr1ck",
Stake Ranked Episode 3,Stake Ranked/Episode 3,JiJieHao,"m1N1,bibu,0SAMAS,sinnopsyy,CacaNito",
Stake Ranked Episode 3,Stake Ranked/Episode 3,Walczaki,"bajmi,SaMey,olimp,moonwalk,sk1tt",
Stake Ranked Episode 3,Stake Ranked/Episode 3,Echo,"Leakz,salazar,NickyB,IceBerg,Boye",
Stake Ranked Episode 3,Stake Ranked/Episode 3,Acend,"SPELLAN,Skrimo,KalubeR,h4rn,REDSTAR",
Stake Ranked Episode 3,Stake Ranked/Episode 3,WW TEAM,"ct0m,m3wsu,kelieN,flag=ru,KENSi",
Stake Ranked Episode 3,Stake Ranked/Episode 3,CYBERSHOKE Esports,"bl1x1,glowiing,alpha,Mokuj1n,fluffy",
Stake Ranked Episode 3,Stake Ranked/Episode 3,33,"kinqie,executor,KIRO,z1Nny,bluewh1te",
Stake Ranked Episode 3,Stake Ranked/Episode 3,KOLESIE,"innocent,Qlocuu,b1elany,fr3nd,Ex1st",
Stake Ranked Episode 3,Stake Ranked/Episode 3,ex-Oxuji Esports,"k1ssly,flag=ru,Kurama,nitzie,flag=ru",{{Notes |{{Notes|June 18th - '''[[Oxuji Esports]]''' part ways with their lineup. }} }}
Stake Ranked Episode 3,Stake Ranked/Episode 3,Phantom Esports,"Kunai,Kylar,KEi,mwlky,TMB",
Stake Ranked Episode 3,Stake Ranked/Episode 3,Team Spirit Academy,"flag=ru,flag=by,VILBy,flag=ru,team=team spirit academy black",{{Notes |{{Notes|June 10th - '''[[Team Spirit Academy]]''' promote {{player|Flash_1|flag=ru}} from '''[[Team Spirit Academy Black]]''' to serve as the team's coach. }} }}
Stake Ranked Episode 3,Stake Ranked/Episode 3,SHISHKA,"Krad,Norwi,danistzz,team=9pandas,team=team nemesis",
Stake Ranked Episode 3,Stake Ranked/Episode 3,Noir Verse,"fostar,flag=ua,flag=ua,flag=lt,flag=ua",
XSE Pro League 2026,XSE Pro League/2026,PARIVISION,"Jame,xiELO,zweih,HObbit,slaxejezzz",{{Notes |{{Notes|June 17th - '''[[PARIVISION]]''' bench and transfer-list {{player|BELCHONOKK|flag=ru}} and add {{player|HObbit|flag=kz}} as a stand-in. }} |{{Notes|June 19th - '''[[PARIVISION]]''' bench and transfer-list {{player|nota|flag=ru}} and sign {{player|slaxejezzz|flag=ru}} as his replacement. }} }}
XSE Pro League 2026,XSE Pro League/2026,3DMAX,"link=Lucky (French player),Maka,Graviti,misutaaa,Kursy",{{Notes |{{Notes|June 24th - '''[[3DMAX]]''' bench {{player|Ex3rcice|flag=fr}} and sign {{player|Kursy|flag=fr}} as his replacement. }} }}
XSE Pro League 2026,XSE Pro League/2026,B8,"npl,esenthial,alex666,kensizor,s1zzi",
XSE Pro League 2026,XSE Pro League/2026,Luminosity Gaming,"afro,AZUWU,Bymas,Rainwaker,lux","{{Notes |{{Notes|July 1st - '''[[Luminosity Gaming]]''' announce their entry into ''[[Counter-Strike 2]]'' by acquiring {{player|Rainwaker|flag=bg}} from '''[[Monte]]''' and signing {{player|afro|flag=fr}}, {{player|AZUWU|flag=uk}}, {{player|Bymas|flag=lt}}, and {{player|lux|flag=br}}. }} }}"
XSE Pro League 2026,XSE Pro League/2026,9z Team,"max,HUASOPEEK,luchov,meyern,dgt",
XSE Pro League 2026,XSE Pro League/2026,BetBoom Team,"s1ren,zorte,Magnojez,Boombl4,d1Ledez",
XSE Pro League 2026,XSE Pro League/2026,FaZe Clan,"frozen,jcobbb,Twistzz,JBOEN,Neityu",{{Notes |{{Notes|June 25th - '''[[FaZe Clan]]''' bench {{player|broky|flag=lv}} and acquire {{player|JBOEN|flag=dk}} on loan from '''[[BIG Academy]]''' until the end of the season as his replacement. }} }}
XSE Pro League 2026,XSE Pro League/2026,BIG,"tabseN,JDC,gr1ks,blameF,faveN",
XSE Pro League 2026,XSE Pro League/2026,Alliance,"avid,twist,upE,eraa,bobeksde",{{Notes |{{Notes|June 10th - '''[[Alliance]]''' part ways with {{player|MaiL09|flag=se}} following the end of his loan from '''[[Metizport]]'''. }} |{{Notes|June 12th - '''[[Alliance]]''' acquire {{player|bobeksde|flag=se}} from '''[[EYEBALLERS]]'''. }} }}
XSE Pro League 2026,XSE Pro League/2026,Ninjas in Pyjamas,"sjuush,Snappi,xKacpersky,stavn,n0te",{{Notes |{{Notes|June 13th - '''[[Ninjas in Pyjamas]]''' bench {{player|cairne|flag=ua}}. }} |{{Notes|June 22nd - '''[[Ninjas in Pyjamas]]''' promote {{Player|n0te|flag=be}} from the '''[[Young Ninjas]]''' as a stand-in. }} }}
XSE Pro League 2026,XSE Pro League/2026,MIBR,"brnz4n,insani,LNZ,venomzera,nqz",{{Notes |{{Notes|June 26th - '''[[MIBR]]''' acquire {{player|nqz|flag=br}} from '''[[paiN Gaming]]''' as {{player|kl1m|flag=ru}}'s loan ends and he returns to '''[[G2 Ares]]'''. }} }}
XSE Pro League 2026,XSE Pro League/2026,Team Nemesis,"SELLTER,Sdaim,tex1y,mag1k3Y,r3salt",
XSE Pro League 2026,XSE Pro League/2026,EYEBALLERS,"JW,dex,Ro1f,maxster,KRIMZ",{{Notes |{{Notes|June 12th - {{player|bobeksde|flag=se}} is acquired by '''[[Alliance]]'''. }} }}
XSE Pro League 2026,XSE Pro League/2026,SINNERS Esports,"beastik,SHOCK,kisserek,stressarN,MoDo",
XSE Pro League 2026,XSE Pro League/2026,TYLOO,"JamYoung,Moseyuh,Mercury,Jee,link=Zero (Su Jingshen)",{{Notes |{{Notes|June 9th - '''[[Legacy]]''' withdraw from the event due to visa issues; they are replaced by '''[[TYLOO]]'''. }} }}
XSE Pro League 2026,XSE Pro League/2026,Lynn Vision Gaming,"westmelon,z4kr,EmiliaQAQ,Starry,C4LLM3SU3",{{Notes |{{Notes|June 9th - '''[[M80]]''' withdraw from the event due to jury duty obligations; they are replaced by '''[[Lynn Vision Gaming]]'''. }} }}
XSE Pro League 2026,XSE Pro League/2026,Legacy,,{{Notes |{{Notes|June 9th - '''[[Legacy]]''' withdraw from the event due to visa issues; they are replaced by '''[[TYLOO]]'''. }} }}
XSE Pro League 2026,XSE Pro League/2026,M80,,{{Notes |{{Notes|June 9th - '''[[M80]]''' withdraw from the event due to jury duty obligations; they are replaced by '''[[Lynn Vision Gaming]]'''. }} }}
Stake Ranked Episode 2,Stake Ranked/Episode 2,9z Team,"max,HUASOPEEK,luchov,meyern,dgt",
Stake Ranked Episode 2,Stake Ranked/Episode 2,HEROIC,"yxngstxr,xfl0ud,nilo,Chr1zN,susp",
Stake Ranked Episode 2,Stake Ranked/Episode 2,Alliance,"avid,twist,upE,eraa,MaiL09",
Stake Ranked Episode 2,Stake Ranked/Episode 2,3DMAX,"link=Lucky (French player),Ex3rcice,Maka,Graviti,misutaaa",
Stake Ranked Episode 2,Stake Ranked/Episode 2,FaZe Clan,"broky,frozen,jcobbb,Twistzz,team=ence",{{Notes |{{Notes|April 23rd - '''[[FaZe Clan]]''' add {{player|Neityu|flag=fr}} as a stand-in for the event. }} }}
Stake Ranked Episode 2,Stake Ranked/Episode 2,Ninjas in Pyjamas,"sjuush,Snappi,xKacpersky,cairne,stavn",
Stake Ranked Episode 2,Stake Ranked/Episode 2,Sharks Esports,"gafolo,rdnzao,doc,koala,maxxkor",
Stake Ranked Episode 2,Stake Ranked/Episode 2,magic,"MaSvAl,tenzy,sFade8,AW,mo0N",
{{Liquipedia links/Asian Champions League 2026}}Asian Champions League 2026,Hero Esports/Asian Champions League/2026,FlyQuest,"INS,Vexite,nettik,jks,story",
{{Liquipedia links/Asian Champions League 2026}}Asian Champions League 2026,Hero Esports/Asian Champions League/2026,Kaleido Gaming,"SPine,link=rage (Chinese player),suki,SasiKi,chuzhongT",
{{Liquipedia links/Asian Champions League 2026}}Asian Champions League 2026,Hero Esports/Asian Champions League/2026,Lynn Vision Gaming,"westmelon,z4kr,EmiliaQAQ,Starry,C4LLM3SU3",
{{Liquipedia links/Asian Champions League 2026}}Asian Champions League 2026,Hero Esports/Asian Champions League/2026,Rare Atom,"Summer,L1haNg,chengking,Trash,3gl","{{Notes |{{Notes|May 6th - '''[[Rare Atom]]''' part ways with {{player|z8z|flag=cn}}. }} |{{Notes|May 8th - '''[[Rare Atom]]''' part ways with {{player|TiGeR|flag=cn}}. }} |{{Notes|May 9th - '''[[Rare Atom]]''' acquire {{player|Trash|flag=cn}}, {{Player|3gl|flag=cn}}, and {{player|Marek|flag=tw}} from '''[[FengDa Gaming]]'''. }} }}"
{{Liquipedia links/Asian Champions League 2026}}Asian Champions League 2026,Hero Esports/Asian Champions League/2026,TYLOO,"JamYoung,Moseyuh,Mercury,Jee,link=zero (Su Jingshen)",
{{Liquipedia links/Asian Champions League 2026}}Asian Champions League 2026,Hero Esports/Asian Champions League/2026,THUNDERdOWNUNDER,"asap,TjP,aliStair,dexter,Liazz",
{{Liquipedia links/Asian Champions League 2026}}Asian Champions League 2026,Hero Esports/Asian Champions League/2026,SemperFi Esports,"SaVage,keen,shadiy,HaZR,sliimey",{{Notes |{{Notes|May 6th - '''[[SemperFi Esports]]''' part ways with {{player|ADDICT|flag=au}} and acquire {{player|sliimey|flag=au}} from '''[[Ground Zero Gaming]]''' as his replacement. }} }}
{{Liquipedia links/Asian Champions League 2026}}Asian Champions League 2026,Hero Esports/Asian Champions League/2026,NEXVOID,"erkaSt,AccuracyTG,Zesta,MiQ,flag=mn",
{{Liquipedia links/Asian Champions League 2026}}Asian Champions League 2026,Hero Esports/Asian Champions League/2026,Chinggis Warriors,"ROUX,efire,tikuak,hasteka,yAmi",
{{Liquipedia links/Asian Champions League 2026}}Asian Champions League 2026,Hero Esports/Asian Champions League/2026,Change The Game,"LaiKeXu,957,Hack1ng,VanceKK,ProKiller",
{{Liquipedia links/Asian Champions League 2026}}Asian Champions League 2026,Hero Esports/Asian Champions League/2026,Haunted House,"fr0k,icyvlone,flag=ru,SasukeQO,flag=uz",
{{Liquipedia links/Asian Champions League 2026}}Asian Champions League 2026,Hero Esports/Asian Champions League/2026,Ground Zero Gaming,"apocdud,pz,vision,Omichella,tucks",{{Notes |{{Notes|May 6th - {{player|sliimey|flag=au}} is acquired by '''[[SemperFi Esports]]'''. }} }}
{{Liquipedia links/Asian Champions League 2026}}Asian Champions League 2026,Hero Esports/Asian Champions League/2026,5star eSports,"hoolig4n,clouden,ariucle,NEUZ,rate",
{{Liquipedia links/Asian Champions League 2026}}Asian Champions League 2026,Hero Esports/Asian Champions League/2026,Alter Ego,"BnTeT,Gratisfaction,Polbandana,PokemoN,tomiko",
{{Liquipedia links/Asian Champions League 2026}}Asian Champions League 2026,Hero Esports/Asian Champions League/2026,JiJieHao,"m1N1,bibu,0SAMAS,sinnopsyy,CacaNito",
{{Liquipedia links/Asian Champions League 2026}}Asian Champions League 2026,Hero Esports/Asian Champions League/2026,Last Bullet,"Roninbaby,lan,B1NGO,Miami,flag=cn",
Esports World Cup 2026: Last Chance Qualifier,Esports World Cup/2026/Qualifier,100 Thieves,"rain,poiii,sirah,dev1ce,Gizmy",
Esports World Cup 2026: Last Chance Qualifier,Esports World Cup/2026/Qualifier,1w Team,"nafany,Ax1Le,ArtFr0st,fame,BELCHONOKK",
Esports World Cup 2026: Last Chance Qualifier,Esports World Cup/2026/Qualifier,Acend,"SPELLAN,Skrimo,KalubeR,h4rn,REDSTAR",
Esports World Cup 2026: Last Chance Qualifier,Esports World Cup/2026/Qualifier,BC.Game Esports,"s1mple,electroNic,Senzu,Magisk,mzinho",
Esports World Cup 2026: Last Chance Qualifier,Esports World Cup/2026/Qualifier,Betclic Apogee Esports,"Prism,Demho,Qlocuu,Ex1st,fr3nd",
Esports World Cup 2026: Last Chance Qualifier,Esports World Cup/2026/Qualifier,BIG,"tabseN,JDC,gr1ks,blameF,faveN",
Esports World Cup 2026: Last Chance Qualifier,Esports World Cup/2026/Qualifier,EYEBALLERS,"JW,dex,Ro1f,maxster,KRIMZ",
Esports World Cup 2026: Last Chance Qualifier,Esports World Cup/2026/Qualifier,Fnatic,"fear,jambo,jackasmo,cairne,mazay",
Esports World Cup 2026: Last Chance Qualifier,Esports World Cup/2026/Qualifier,GenOne,"Chuckyy,Brooxsy,Djoko,Keoz,flag=fr",
Esports World Cup 2026: Last Chance Qualifier,Esports World Cup/2026/Qualifier,HEROIC,"nilo,Chr1zN,susp,Martinez,Brollan",
Esports World Cup 2026: Last Chance Qualifier,Esports World Cup/2026/Qualifier,HOTU,"link=mizu (Russian player),kade0,frontales,n0rb3r7,dwushka",
Esports World Cup 2026: Last Chance Qualifier,Esports World Cup/2026/Qualifier,IC Esports,"onic,Dawy,zeRRoFIX,cptkurtka023,headtr1ck",
Esports World Cup 2026: Last Chance Qualifier,Esports World Cup/2026/Qualifier,JiJieHao,"m1N1,bibu,0SAMAS,sinnopsyy,CacaNito",
Esports World Cup 2026: Last Chance Qualifier,Esports World Cup/2026/Qualifier,K27,"kashl1d,xeedo,qw1nk1,X5G7V,clax",
Esports World Cup 2026: Last Chance Qualifier,Esports World Cup/2026/Qualifier,Phantom Esports,"Kylar,KEi,TMB,nicoodoz,cej0t",
Esports World Cup 2026: Last Chance Qualifier,Esports World Cup/2026/Qualifier,Sashi Esport,"Cabbi,Zyphon,MistR,acoR,Anlelele",
Esports World Cup 2026: Last Chance Qualifier,Esports World Cup/2026/Qualifier,9INE,"raalz,kraghen,Flayy,b1elany,St0m4k",
Esports World Cup 2026: Last Chance Qualifier,Esports World Cup/2026/Qualifier,ASTRAL Esports,"flag=lv,flag=ee,RaY5ive,gxx-,swiz",
Esports World Cup 2026: Last Chance Qualifier,Esports World Cup/2026/Qualifier,DENDELE CS,"gafolo,rdnzao,doc,koala,maxxkor",
Esports World Cup 2026: Last Chance Qualifier,Esports World Cup/2026/Qualifier,Echo,"Leakz,salazar,NickyB,IceBerg,Boye",
Esports World Cup 2026: Last Chance Qualifier,Esports World Cup/2026/Qualifier,Eternal Fire,"jottAAA,regali,MisteM,Kvem,br0",
Esports World Cup 2026: Last Chance Qualifier,Esports World Cup/2026/Qualifier,Fluxo W7M,"zevy,kye,exit,dav1deuS,ltz",
Esports World Cup 2026: Last Chance Qualifier,Esports World Cup/2026/Qualifier,FOKUS,"Matheos,Banjo,ztr,podi,jocab",
Esports World Cup 2026: Last Chance Qualifier,Esports World Cup/2026/Qualifier,Iberian Soul,"mopoz,dav1g,sausol,link=alex (Spanish player),CRUC1AL",{{Notes |{{Notes|August 7 - '''[[Iberian Soul]]''' reforms after '''[[Gentle Mates]]''' part ways with their lineup. }} }}
Esports World Cup 2026: Last Chance Qualifier,Esports World Cup/2026/Qualifier,INFINITE,"kreaz,Dytor,sl3nd,Blytz,volt",
Esports World Cup 2026: Last Chance Qualifier,Esports World Cup/2026/Qualifier,NRG,"nitr0,link=Sonic (South African player),Grim,Jeorge,hallzerk",
Esports World Cup 2026: Last Chance Qualifier,Esports World Cup/2026/Qualifier,OG,"spooke,adamb,cadiaN,bodyy,pr1metapz",
Esports World Cup 2026: Last Chance Qualifier,Esports World Cup/2026/Qualifier,Prestige Esport,"fejtZ,qx,flag=dk,jelo,oopee",{{Notes |{{Notes|August 6th - '''[[Prestige Esport]]''' bench {{player|Folke|flag=dk}} and sign {{player|oopee|flag=fi}}. }} |{{Notes|August 7th - '''[[Prestige Esport]]''' sign {{player|ko5te|flag=dk}} as the team's coach. }} }}
Esports World Cup 2026: Last Chance Qualifier,Esports World Cup/2026/Qualifier,SAW,"ewjerkz,NOPEEj,MUTiRiS,krazy,story",
Esports World Cup 2026: Last Chance Qualifier,Esports World Cup/2026/Qualifier,SINNERS Esports,"beastik,SHOCK,kisserek,stressarN,MoDo",
Esports World Cup 2026: Last Chance Qualifier,Esports World Cup/2026/Qualifier,Team Liquid,"NAF,EliGE,malbsMd,Jorko,JT",
Esports World Cup 2026: Last Chance Qualifier,Esports World Cup/2026/Qualifier,Virtus.pro,"tO0RO,b1st,mir,AquaRS,F0R3VER",
Esports World Cup 2026: Last Chance Qualifier,Esports World Cup/2026/Qualifier,6666 Esports,"flag=ua,flag=md,rendysky,amster,kL1o",
Esports World Cup 2026: Last Chance Qualifier,Esports World Cup/2026/Qualifier,ABT Esports,"flag=pt,flag=pt,flag=pt,flag=pt,link=blaze (Portuguese player)",
Esports World Cup 2026: Last Chance Qualifier,Esports World Cup/2026/Qualifier,Aogiri,"flag=fr,flag=fr,flag=fr,flag=fr,flag=fr",
Esports World Cup 2026: Last Chance Qualifier,Esports World Cup/2026/Qualifier,BASEMENT BOYS,"Tr0ublE,OWNER,fakerealityy,maggent,kr1vda",
Esports World Cup 2026: Last Chance Qualifier,Esports World Cup/2026/Qualifier,Citron Esport,"Zeusa,flag=fr,flag=fr,link=Ethan (French player),flag=fr",
Esports World Cup 2026: Last Chance Qualifier,Esports World Cup/2026/Qualifier,Dark Tigre,"flag=fr,flag=fr,flag=fr,flag=fr,flag=ua",
Esports World Cup 2026: Last Chance Qualifier,Esports World Cup/2026/Qualifier,Dhala Esport,"flag=fr,flag=fr,flag=fr,AZIDOT,flag=fr",
Esports World Cup 2026: Last Chance Qualifier,Esports World Cup/2026/Qualifier,DUSTY,"flag=is,flag=is,flag=is,peterr,link=Tony (Icelandic player)",
Esports World Cup 2026: Last Chance Qualifier,Esports World Cup/2026/Qualifier,Esport Academy Copenhagen,"bekker,n1Xen,sSen,anber,Fessor",
Esports World Cup 2026: Last Chance Qualifier,Esports World Cup/2026/Qualifier,FKOMAR_FPL-C,"flag=ua,flag=ua,flag=ua,flag=ua,flag=ua",
Esports World Cup 2026: Last Chance Qualifier,Esports World Cup/2026/Qualifier,Galactik Rebels 501st,"flag=fr,flag=fr,flag=fr,flag=fr,flag=fr",
Esports World Cup 2026: Last Chance Qualifier,Esports World Cup/2026/Qualifier,Giant Pandas,"flag=ua,flag=ua,flag=ua,flag=ua,flag=ua",
Esports World Cup 2026: Last Chance Qualifier,Esports World Cup/2026/Qualifier,lafox,"flag=fr,link=Matt (French player),flag=fr,flag=fr,flag=be",
Esports World Cup 2026: Last Chance Qualifier,Esports World Cup/2026/Qualifier,levelONE esports,"flag=al,flag=al,flag=mk,tonzah,flag=xk",
Esports World Cup 2026: Last Chance Qualifier,Esports World Cup/2026/Qualifier,MANGANESE,"flag=fr,flag=fr,flag=fr,flag=be,flag=fr",
Esports World Cup 2026: Last Chance Qualifier,Esports World Cup/2026/Qualifier,Metizport,"Plopski,MaiL09,forsyy,stanislaw,F1KU",
Esports World Cup 2026: Last Chance Qualifier,Esports World Cup/2026/Qualifier,Nade Gaming,"flag=al,flag=al,flag=al,flag=al,flag=al",
Esports World Cup 2026: Last Chance Qualifier,Esports World Cup/2026/Qualifier,NIO Esports,"flag=fr,flag=fr,flag=fr,flag=fr,flag=fr",
Esports World Cup 2026: Last Chance Qualifier,Esports World Cup/2026/Qualifier,Orion Wanderers,"flag=br,flag=hu,flag=fr,flag=pl,flag=hr",
Esports World Cup 2026: Last Chance Qualifier,Esports World Cup/2026/Qualifier,Partizan Esports,"flag=ba,flag=rs,flag=rs,flag=ba,flag=hr",
Esports World Cup 2026: Last Chance Qualifier,Esports World Cup/2026/Qualifier,PASSION CHICHA,"flag=fr,flag=fr,flag=fr,flag=fr,flag=fr",
Esports World Cup 2026: Last Chance Qualifier,Esports World Cup/2026/Qualifier,QueenConso,"flag=fr,XpG,nonick,link=FARIS (French player),Kan4",
Esports World Cup 2026: Last Chance Qualifier,Esports World Cup/2026/Qualifier,REM,"flag=cz,flag=cz,flag=cz,flag=cz,flag=cz",
Esports World Cup 2026: Last Chance Qualifier,Esports World Cup/2026/Qualifier,REVENIX,"flag=ua,flag=ua,flag=ua,flag=ua,flag=ua",
Esports World Cup 2026: Last Chance Qualifier,Esports World Cup/2026/Qualifier,SadFamous,"flag=ua,flag=ua,flag=ua,flag=ua,flag=ua",
Esports World Cup 2026: Last Chance Qualifier,Esports World Cup/2026/Qualifier,Sangal Esports,"flag=tr,Joey,puuha,adamS,bnox",
Esports World Cup 2026: Last Chance Qualifier,Esports World Cup/2026/Qualifier,Spirit Esports,"flag=hu,flag=hu,flag=hu,flag=hu,flag=hu",
Esports World Cup 2026: Last Chance Qualifier,Esports World Cup/2026/Qualifier,team_Kreazion,"flag=fr,flag=fr,flag=fr,flag=fr,flag=fr",
Esports World Cup 2026: Last Chance Qualifier,Esports World Cup/2026/Qualifier,Vael,"flag=mk,flag=mk,flag=mk,flag=mk,flag=ee",
Esports World Cup 2026: Last Chance Qualifier,Esports World Cup/2026/Qualifier,Vandulken,"flag=ua,flag=ua,flag=ua,flag=ua,flag=ua",
Esports World Cup 2026: Last Chance Qualifier,Esports World Cup/2026/Qualifier,z to forward,"AMANEK,flag=fr,flag=fr,flag=fr,flag=fr",
Esports World Cup 2026: Last Chance Qualifier,Esports World Cup/2026/Qualifier,Zeste Esport,"flag=fr,flag=fr,flag=fr,flag=fr,flag=fr",
CCT Europe 2026 Series #6,CCT/2026/Europe/Series 6,Walczaki,"bajmi,SaMey,olimp,moonwalk,reiko",{{Notes |{{Notes|July 26th - '''[[Walczaki]]''' replace {{player|sk1tt|flag=pl}} with {{player|reiko|flag=pl}}. }} }}
CCT Europe 2026 Series #6,CCT/2026/Europe/Series 6,ARCRED,"shg,Ryujin,Raijin,synyx,Get_Jeka",
CCT Europe 2026 Series #6,CCT/2026/Europe/Series 6,WW TEAM,"ct0m,StRoGo,m3wsu,deko,kelieN",
CCT Europe 2026 Series #6,CCT/2026/Europe/Series 6,CYBERSHOKE Esports,"bl1x1,glowiing,alpha,Mokuj1n,Alkaren",
CCT Europe 2026 Series #6,CCT/2026/Europe/Series 6,Nordic Partners Gaming,"k1to,myltsi,Marix,Maze,flag=pl","{{Notes |{{Notes|July 27th - '''[[Nordic Partners Gaming]]''' acquire '''[[AM Gaming]]''''s roster while adding {{player|Marix|flag=lx}}, {{player|Maze|flag=dk}}, and {{player|Muciek|flag=pl}}. }} }}"
CCT Europe 2026 Series #6,CCT/2026/Europe/Series 6,33,"kinqie,executor,z1Nny,bluewh1te,flag=ru",{{Notes |{{Notes|August 7th - '''[[33]]''' part ways with {{player|KIRO|flag=ru}}. }} }}
CCT Europe 2026 Series #6,CCT/2026/Europe/Series 6,Butterfly (Russian team),"k1ssly,flag=ru,Kurama,nitzie,Forester",{{Notes |{{Notes|August 1st - '''[[Butterfly (Russian team)|Butterfly]]''' replace {{player|emiiri|flag=ru}} with {{player|Forester|flag=ru}}. }} }}
CCT Europe 2026 Series #6,CCT/2026/Europe/Series 6,lavked,"sol,1NVISIBLEE,xm1nd,KENSi,takanashi",
CCT Europe 2026 Series #6,CCT/2026/Europe/Series 6,SPARTA Esports,"NickelBack,El1an,TRAVIS,Djon8,k4nfuz",
CCT Europe 2026 Series #6,CCT/2026/Europe/Series 6,GenOne,"Chuckyy,Brooxsy,Djoko,Keoz,flag=fr",{{Notes |{{Notes|July 22nd - '''[[GenOne]]''' sign {{player|Keoz|flag=be}} and {{player|bL4SEZ|flag=fr}}. }} }}
CCT Europe 2026 Series #6,CCT/2026/Europe/Series 6,Black Phoenix,"4X1s,link=Salazar (Russian player),karnez,topo-,team=nemesis,results=false",
CCT Europe 2026 Series #6,CCT/2026/Europe/Series 6,Atreides,"Chill,Goody,DEPRESHN,team=clutchain,team=clutchain",
CCT Europe 2026 Series #6,CCT/2026/Europe/Series 6,ex-RUSTEC,"Brilliance,jakekeS,youka,team=sangal,team=9pandas,status=former",
CCT Europe 2026 Series #6,CCT/2026/Europe/Series 6,Just Players,"link=spirit (Russian player),sstiNiX,sm3t,h1te,Something,status=former",
CCT Europe 2026 Series #6,CCT/2026/Europe/Series 6,los kogutos,"AdrieN,maaryy,Markoś,tomiko,hotd0g",
CCT Europe 2026 Series #6,CCT/2026/Europe/Series 6,Rune Eaters Esports,"forkyz,her1tage,kumao,noni,demente",{{Notes |{{Notes|July 30th - '''[[Rune Eaters Esports]]''' part ways with {{player|yariksupra|flag=ru}}. }} }}
CCT Europe 2026 Series #6,CCT/2026/Europe/Series 6,ex-MANA eSports,"ammar,BledarD,cerber,team=big academy,vAloN",
CCT Europe 2026 Series #6,CCT/2026/Europe/Series 6,UNiTY esports,"M1key,KWERTZZ,2high,fnl,Sn0w",
CCT Europe 2026 Series #6,CCT/2026/Europe/Series 6,ex-Young Ninjas,"rud,tein,joeski,mASKED,team=apogee,results=false",{{Notes |{{Notes|July 20th - '''[[Young Ninjas]]''' part ways with their lineup. }} }}
CCT Europe 2026 Series #6,CCT/2026/Europe/Series 6,IC Academy,"3ippoch,NaYz,flag=ua,flag=ua,flag=ua",
CCT Europe 2026 Series #6,CCT/2026/Europe/Series 6,Honvéd Esport,"marTineZ,flag=hu,flag=hu,1NSERT2,noleN,played=true",
CCT Europe 2026 Series #6,CCT/2026/Europe/Series 6,NEW VISION,"fen2k,flag=md,flag=ru,flag=ru,flag=ru",
CCT Europe 2026 Series #6,CCT/2026/Europe/Series 6,ENJOY.ru,"flag=ru,flag=ru,link=nbl (Russian player),flag=ru,flag=ru",
CCT Europe 2026 Series #6,CCT/2026/Europe/Series 6,Mai tai,"chudy,link=Nami (Polish player),Melavi,darchevile,flag=pl",
CCT Europe 2026 Series #6,CCT/2026/Europe/Series 6,clair obscur,,
NODWIN Clutch Series #10,NODWIN Gaming/Clutch Series/10,mai tai,,
NODWIN Clutch Series #10,NODWIN Gaming/Clutch Series/10,entropy,,
Stake Pulse Beat I,Stake Pulse/Beat I,atputies,,
Stake Pulse Beat I,Stake Pulse/Beat I,6666 Esports,"flag=ua,flag=md,rendysky,amster,kL1o","{{Notes |{{Notes|July 18th - '''[[6666 Esports]]''' sign {{player|rendysky|flag=ua}}, {{player|amster|flag=ua}}, and {{Player|kL1o|flag=ua}}. }} }}"
Stake Pulse Beat I,Stake Pulse/Beat I,9INE,"raalz,kraghen,Flayy,b1elany,St0m4k",{{Notes |{{Notes|July 3rd - '''[[9INE]]''' sign {{player|b1elany|flag=pl}}. }} |{{Notes|August 2nd - {{player|St0m4k|flag=ua}} stands in for {{player|rim3|flag=tr}} who misses the event due to visa issues. }} }}
Stake Pulse Beat I,Stake Pulse/Beat I,Acend,"SPELLAN,Skrimo,KalubeR,h4rn,REDSTAR",
Stake Pulse Beat I,Stake Pulse/Beat I,atpūties,"flag=lv,flag=lv,flag=lv,flag=lv,flag=lv",{{Notes |{{Notes|August 1st - '''[[atpūties]]''' withdraw from the event. }} }}
Stake Pulse Beat I,Stake Pulse/Beat I,Betclic Apogee Esports,"Prism,Demho,Qlocuu,Ex1st,fr3nd","{{Notes |{{Notes|July 9th - '''[[Betclic Apogee Esports]]''' bench {{player|Dr3nquu|flag=pl}} and part ways with {{player|hades|flag=pl}}. }} |{{Notes|July 10th - '''[[Betclic Apogee Esports]]''' part ways with {{player|Bogdan|flag=pl}}. }} |{{Notes|July 22nd - '''[[Betclic Apogee Esports]]''' sign {{player|Qlocuu|flag=pl}}, {{player|Ex1st|flag=pl}} and {{player|SZPERO|flag=pl}}, the latter as the team's coach. }} }}"
Stake Pulse Beat I,Stake Pulse/Beat I,BRUTE,"hfah,nbqq,majky,aidKiT,ZEDKO",{{Notes |{{Notes|July 9th - '''[[BRUTE]]''' bench {{player|realzen|flag=sk}}. }} |{{Notes|July 16th - '''[[BRUTE]]''' sign {{player|ZEDKO|flag=cz}}. }} }}
Stake Pulse Beat I,Stake Pulse/Beat I,Fnatic,"fear,jambo,jackasmo,cairne,flag=ua",{{Notes |{{Notes|July 1st - '''[[Fnatic]]''' acquire {{player|cairne|flag=ua}} from '''[[Ninjas in Pyjamas]]'''. }} |{{Notes|July 9th - '''[[Fnatic]]''' bench {{Player|Br4tkO|flag=ua}} and acquire {{player|mazay|flag=ua}} from '''[[Team Spirit Academy]]'''. }} }}
Stake Pulse Beat I,Stake Pulse/Beat I,G2 Ares,"tAk,hitori,Junyme,flag=fi,SHiNE",
Stake Pulse Beat I,Stake Pulse/Beat I,Johnny Speeds,"link=draken (William Sundin),hampus,Rack,bsover,Svedjehed","{{Notes |{{Notes|June 30th - '''[[Johnny Speeds]]''' part ways with {{player|Sapec|flag=se}}. }} |{{Notes|July 7th - '''[[Johnny Speeds]]''' bench {{player|Lekr0|flag=se}}, {{player|nawwk|flag=se}} and {{player|friberg|flag=se}}. }} |{{Notes|July 10th - '''[[Johnny Speeds]]''' reinstate {{player|draken|flag=se|link=Draken_(William_Sundin)}} to the starting lineup. }} |{{Notes|July 11th - '''[[Johnny Speeds]]''' sign {{player|hampus|flag=se}}. }} |{{Notes|July 16th - {{player|jocab|flag=se}} is a"
Stake Pulse Beat I,Stake Pulse/Beat I,Lilmix,"quix,Wonder,Jackinho,b0denmaster,dezt",
Stake Pulse Beat I,Stake Pulse/Beat I,Metizport,"Plopski,MaiL09,forsyy,stanislaw,F1KU",{{Notes |{{Notes|July 1st - '''[[Metizport]]''' part ways with {{player|isak|flag=se}} following the expiration of his contract. }} |{{Notes|July 10th - '''[[Metizport]]''' reinstate {{player|MaiL09|flag=se}} into the starting lineup. }} }}
Stake Pulse Beat I,Stake Pulse/Beat I,Team Liquid,"NAF,EliGE,malbsMd,Jorko,JT",{{Notes |{{Notes|July 9th - '''[[Team Liquid]]''' bench {{player|ultimate|flag=pl}} and acquire {{player|Jorko|flag=bg}} from '''[[FOKUS]]''' as his replacement. }} |{{Notes|July 21st - '''[[Team Liquid]]''' bench {{player|siuhy|flag=pl}}. }} |{{Notes|July 22nd - '''[[Team Liquid]]''' acquire {{player|JT|flag=za}} from '''[[Passion UA]]'''. }} }}
Stake Pulse Beat I,Stake Pulse/Beat I,The Last Resort,"arTisT,Extinct,Vacancy,bevve,Girafffe",
Stake Pulse Beat I,Stake Pulse/Beat I,XCLAN,"flag=se,flag=se,flag=se,flag=se,flag=se",
Stake Pulse Beat I,Stake Pulse/Beat I,HOTU,"link=mizu (Russian player),kade0,frontales,n0rb3r7,dwushka",
Stake Pulse Beat I,Stake Pulse/Beat I,Esport Academy Copenhagen,"bekker,n1Xen,sSen,anber,Fessor",{{Notes |{{Notes|June 30th - '''[[Esport Academy Copenhagen]]''' part ways with {{player|sh1Fu|flag=dk}}. }} |{{Notes|July 18th - '''[[Esport Academy Copenhagen]]''' sign {{player|Fessor|flag=dk}}. }} }}
Thunderpick World Championship 2026: European Series #2,Thunderpick/World Championship/2026/Europe/2,JiJieHao,"m1N1,bibu,0SAMAS,sinnopsyy,CacaNito",
Thunderpick World Championship 2026: European Series #2,Thunderpick/World Championship/2026/Europe/2,Walczaki,"bajmi,SaMey,olimp,moonwalk,reiko",{{Notes |{{Notes|July 26th - '''[[Walczaki]]''' replace {{player|sk1tt|flag=pl}} with {{player|reiko|flag=pl}}. }} }}
Thunderpick World Championship 2026: European Series #2,Thunderpick/World Championship/2026/Europe/2,ex-1w Team,"lattykk,oz1k,cronuss,Qikert,reyoz",{{Notes |{{Notes|July 31st - '''[[1w Team]]''' bench their lineup. }} }}
Thunderpick World Championship 2026: European Series #2,Thunderpick/World Championship/2026/Europe/2,CYBERSHOKE Esports,"bl1x1,glowiing,alpha,Mokuj1n,Alkaren",
Thunderpick World Championship 2026: European Series #2,Thunderpick/World Championship/2026/Europe/2,lavked,"sol,1NVISIBLEE,xm1nd,KENSi,7tetsu",
Thunderpick World Championship 2026: European Series #2,Thunderpick/World Championship/2026/Europe/2,INOX Division,"k1slll,k0s,finW,FenomeN,notineki",
Thunderpick World Championship 2026: European Series #2,Thunderpick/World Championship/2026/Europe/2,BASEMENT BOYS,"Tr0ublE,OWNER,fakerealityy,maggent,kr1vda",
Thunderpick World Championship 2026: European Series #2,Thunderpick/World Championship/2026/Europe/2,GenOne,"Chuckyy,Brooxsy,Djoko,Keoz,flag=fr",{{Notes |{{Notes|July 22nd - '''[[GenOne]]''' sign {{player|Keoz|flag=be}} and {{player|bL4SEZ|flag=fr}}. }} }}
Thunderpick World Championship 2026: European Series #2,Thunderpick/World Championship/2026/Europe/2,WOPA Esport,"Zanto,Patti,kwezz,sL1m3,Queenix",{{Notes |{{Notes|July 21st - '''[[WOPA Esport]]''' sign {{player|Queenix|flag=dk}}. }} }}
Thunderpick World Championship 2026: European Series #2,Thunderpick/World Championship/2026/Europe/2,Black Phoenix,"4X1s,link=Salazar (Russian player),karnez,topo-,team=baks",
Thunderpick World Championship 2026: European Series #2,Thunderpick/World Championship/2026/Europe/2,ex-RUSTEC,"Brilliance,jakekeS,youka,team=sangal,team=team nemesis",
Thunderpick World Championship 2026: European Series #2,Thunderpick/World Championship/2026/Europe/2,los kogutos,"AdrieN,maaryy,Markoś,tomiko,hotd0g,status=sub,status=sub",
Thunderpick World Championship 2026: European Series #2,Thunderpick/World Championship/2026/Europe/2,ex-MANA eSports,"ammar,BledarD,cerber,team=biga,vAloN",
Thunderpick World Championship 2026: European Series #2,Thunderpick/World Championship/2026/Europe/2,UNiTY esports,"M1key,KWERTZZ,2high,fnl,Sn0w",
Thunderpick World Championship 2026: European Series #2,Thunderpick/World Championship/2026/Europe/2,Bebop,"faydett,iDISBALANCE,lov1kus,flag=ru,flag=ru,flag=ru",
Thunderpick World Championship 2026: European Series #2,Thunderpick/World Championship/2026/Europe/2,Lazer Cats,"link=Magic (Ukrainian player),nikitea,flag=ua,tripex17,Polbandana",
Thunderpick World Championship 2026: European Series #2,Thunderpick/World Championship/2026/Europe/2,IC Academy,"3ippoch,NaYz,flag=ua,flag=ua,flag=ua",
Thunderpick World Championship 2026: European Series #2,Thunderpick/World Championship/2026/Europe/2,Falcons Force,"flag=rs,flag=ro,Nucleonz,Tapewaare,NaToSaphiX",
Thunderpick World Championship 2026: European Series #2,Thunderpick/World Championship/2026/Europe/2,Mai tai,"chudy,link=Nami (Polish player),darchevile,flag=pl,flag=pl",
Thunderpick World Championship 2026: European Series #2,Thunderpick/World Championship/2026/Europe/2,megoshort,"Twinkey,robiin,zen,team=alliance,team=alliance,status=sub,status=sub",
Thunderpick World Championship 2026: European Series #2,Thunderpick/World Championship/2026/Europe/2,NEW VISION,"fen2k,flag=md,flag=ru,flag=ru,flag=ru",
Thunderpick World Championship 2026: European Series #2,Thunderpick/World Championship/2026/Europe/2,Entropy Gaming,"flag=se,dottie,flaw,L00m1,delle",
Thunderpick World Championship 2026: European Series #2,Thunderpick/World Championship/2026/Europe/2,Misa Esports,"Zuedsta,Ckanic,flag=tr,EMSTAR,flag=tr",
Thunderpick World Championship 2026: European Series #2,Thunderpick/World Championship/2026/Europe/2,Fortress Esport,"flag=dk,flag=dk,flag=dk,flag=dk,flag=dk",
CCT South America 2026 Series #4,CCT/2026/South America/Series 4,ex-kru,,
CCT South America 2026 Series #4,CCT/2026/South America/Series 4,vasco,,
GGMedia Challenger Series Season 1 (GGMedia挑战者系列赛),GGMEDIA/Challenger Series/Season 1,TYLOO,"JamYoung,Moseyuh,Mercury,Jee,link=Zero (Su Jingshen)",
GGMedia Challenger Series Season 1 (GGMedia挑战者系列赛),GGMEDIA/Challenger Series/Season 1,Lynn Vision Gaming,"westmelon,z4kr,EmiliaQAQ,Starry,C4LLM3SU3",
GGMedia Challenger Series Season 1 (GGMedia挑战者系列赛),GGMEDIA/Challenger Series/Season 1,5star eSports,"hoolig4n,clouden,ariucle,NEUZ,rate",
GGMedia Challenger Series Season 1 (GGMedia挑战者系列赛),GGMEDIA/Challenger Series/Season 1,The Huns Esports,"nin9,Bart4k,controlez,ANNIHILATION,flag=mn",
GGMedia Challenger Series Season 1 (GGMedia挑战者系列赛),GGMEDIA/Challenger Series/Season 1,Kaleido Gaming,"SPine,link=rage (Chinese player),suki,SasiKi,chuzhongT",
GGMedia Challenger Series Season 1 (GGMedia挑战者系列赛),GGMEDIA/Challenger Series/Season 1,The MongolZ Academy,"flag=mn,flag=mn,flag=mn,flag=mn,flag=mn",
GGMedia Challenger Series Season 1 (GGMedia挑战者系列赛),GGMEDIA/Challenger Series/Season 1,Alter Ego,"BnTeT,Gratisfaction,team=Legion (Pakistani team),laxiee,adeX",
GGMedia Challenger Series Season 1 (GGMedia挑战者系列赛),GGMEDIA/Challenger Series/Season 1,Ground Zero Gaming,"apocdud,Omichella,HaZR,sliimey,tucks",
Thunderpick World Championship 2026: South American Series #2,Thunderpick/World Championship/2026/South America/2,BESTIA,"tomaszin,cass1n,timo,buda,nacho",
Thunderpick World Championship 2026: South American Series #2,Thunderpick/World Championship/2026/South America/2,LargadosyPelados,"happ,zmb,Leomonster,link=divine (Brazilian player),Alisson",
Thunderpick World Championship 2026: South American Series #2,Thunderpick/World Championship/2026/South America/2,Imperial Esports,"VINI,noway,chelo,decenty,saadzin",{{Notes |{{Notes|July 7th - '''[[Imperial Esports]]''' bench {{player|levi|link=levi (Brazilian player)|flag=br}}. }} |{{Notes|July 10th - '''[[Imperial Esports]]''' acquire {{player|saadzin|flag=br}} from '''[[Legacy]]'''. }} }}
Thunderpick World Championship 2026: South American Series #2,Thunderpick/World Championship/2026/South America/2,Bounty Hunters Esports,"KAISER,link=zock (Uruguayan player),fREQ,ponter,pepe",
Thunderpick World Championship 2026: South American Series #2,Thunderpick/World Championship/2026/South America/2,Fake do Biru,"hardzao,PKL,detr0ittJ,pesadelo,b4rtiN",
Thunderpick World Championship 2026: South American Series #2,Thunderpick/World Championship/2026/South America/2,Yawara E-Sports,"j0w,tele,deemO,r3kt,edv",
Thunderpick World Championship 2026: South American Series #2,Thunderpick/World Championship/2026/South America/2,Keyd Stars,"lash,matios,xureba,zede,ckzao",
Thunderpick World Championship 2026: South American Series #2,Thunderpick/World Championship/2026/South America/2,Isurus,"deco,atarax1a,Hezz,dott1,rzk",
Thunderpick World Championship 2026: South American Series #2,Thunderpick/World Championship/2026/South America/2,UNO MILLE,"cLd,rem1x,ALLE,drg,pancc",
Thunderpick World Championship 2026: South American Series #2,Thunderpick/World Championship/2026/South America/2,MIBR Academy,"stormzyn,flag=br,flag=br,flag=br,flag=br",
Thunderpick World Championship 2026: South American Series #2,Thunderpick/World Championship/2026/South America/2,Metanoia Wolves,"spinnie,flag=br,flag=br,flag=br,flag=br",
Thunderpick World Championship 2026: South American Series #2,Thunderpick/World Championship/2026/South America/2,paiN Gaming Academy,"flag=br,flag=br,flag=br,flag=br,Misfit",
RES Showdown South America Fall 2026,RLG/RES/Showdown/2026/Fall/South America,paiN Gaming,"biguzera,snow,piriajr,v$m,saffee",
RES Showdown South America Fall 2026,RLG/RES/Showdown/2026/Fall/South America,Sharks Esports,"gafolo,rdnzao,doc,koala,maxxkor",
RES Showdown South America Fall 2026,RLG/RES/Showdown/2026/Fall/South America,BESTIA,"tomaszin,cass1n,timo,buda,nacho",
RES Showdown South America Fall 2026,RLG/RES/Showdown/2026/Fall/South America,Fluxo W7M,"zevy,kye,exit,dav1deuS,ltz",
RES Showdown South America Fall 2026,RLG/RES/Showdown/2026/Fall/South America,LargadosyPelados,"happ,zmb,Leomonster,link=divine (Brazilian player),Alisson",
RES Showdown South America Fall 2026,RLG/RES/Showdown/2026/Fall/South America,ShindeN,"abizz,ivz,naz,tom1jed,guty",
RES Showdown South America Fall 2026,RLG/RES/Showdown/2026/Fall/South America,Yawara E-Sports,"j0w,tele,deemO,r3kt,edv",
RES Showdown South America Fall 2026,RLG/RES/Showdown/2026/Fall/South America,Metanoia Wolves,"spinnie,flag=br,flag=br,flag=br,flag=br",
CCT South America 2026 Series #3,CCT/2026/South America/Series 3,ex-kru,,
CCT South America 2026 Series #3,CCT/2026/South America/Series 3,vasco,,
CCT Europe 2026 Series #4,CCT/2026/Europe/Series 4,dragonclaw,,
Thunderpick World Championship 2026: European Series #1,Thunderpick/World Championship/2026/Europe/1,TDK,"nafany,Ax1Le,sugaR,Xant3r,team=betboom",
Thunderpick World Championship 2026: European Series #1,Thunderpick/World Championship/2026/Europe/1,Betclic Apogee Esports,"Prism,demho,eskyy,flag=pl,POLO",
Thunderpick World Championship 2026: European Series #1,Thunderpick/World Championship/2026/Europe/1,Johnny Speeds,"Lekr0,HEAP,jocab,nawwk,titulus",
Thunderpick World Championship 2026: European Series #1,Thunderpick/World Championship/2026/Europe/1,OG,"spooke,adamb,cadiaN,bodyy,pr1metapz",{{Notes |{{Notes|May 19th - '''[[OG]]''' bench {{player|arrozdoce|flag=pt}}. }} |{{Notes|May 20th - '''[[OG]]''' acquire {{player|pr1metapz|flag=de}} on loan from '''[[Sangal Esports]]'''. }} }}
Thunderpick World Championship 2026: European Series #1,Thunderpick/World Championship/2026/Europe/1,Acend,"SPELLAN,Skrimo,KalubeR,h4rn,REDSTAR",
Thunderpick World Championship 2026: European Series #1,Thunderpick/World Championship/2026/Europe/1,CYBERSHOKE Esports,"bl1x1,glowiing,alpha,Mokuj1n,fluffy",
Thunderpick World Championship 2026: European Series #1,Thunderpick/World Championship/2026/Europe/1,KOLESIE,"innocent,Qlocuu,b1elany,fr3nd,Ex1st",
Thunderpick World Championship 2026: European Series #1,Thunderpick/World Championship/2026/Europe/1,ex-RUBY,"H4SAN4TOR,sh1nejezzz,YumsaN,relaxxie,robo",
Thunderpick World Championship 2026: European Series #1,Thunderpick/World Championship/2026/Europe/1,Esport Academy Copenhagen,"bekker,Maze,n1Xen,sSen,anber",
Thunderpick World Championship 2026: European Series #1,Thunderpick/World Championship/2026/Europe/1,DragonClaw,"suonko,fanatyk,AntyVirus,flag=pl,PeTeRoOo",{{Notes |{{Notes|May 30th - '''[[VRSDelivery]]''' rename to '''[[DragonClaw]]'''. }} }}
Thunderpick World Championship 2026: European Series #1,Thunderpick/World Championship/2026/Europe/1,ALGO Esports,"nukkye,szejn,aNdu,Bambosh,adeX",
Thunderpick World Championship 2026: European Series #1,Thunderpick/World Championship/2026/Europe/1,Lazer Cats,"yab0ku-,link=Magic (Ukrainian player),nikitea,flag=ua,flag=ua",
Thunderpick World Championship 2026: European Series #1,Thunderpick/World Championship/2026/Europe/1,TNC Esport,"AdrieN,maaryy,yvro,Melavi,tomiko",
Thunderpick World Championship 2026: European Series #1,Thunderpick/World Championship/2026/Europe/1,OMEGA,"dan4o,Botpa1,adai,Aldikon,def1zer",
Thunderpick World Championship 2026: European Series #1,Thunderpick/World Championship/2026/Europe/1,GenOne,"Chuckyy,Brooxsy,Djoko,Keoz,flag=fr",
Thunderpick World Championship 2026: European Series #1,Thunderpick/World Championship/2026/Europe/1,HYPERSPIRIT,"Ciocardau,flag=ro,ADRON,flag=ro,ragga",{{Notes |{{Notes|May 19th - '''[[HYPERSPIRIT]]''' re-sign {{player|ragga|flag=ro}}. }} }}
Thunderpick World Championship 2026: European Series #1,Thunderpick/World Championship/2026/Europe/1,MANA eSports,"ammar,BledarD,cerber,team=biga,deb0",
Thunderpick World Championship 2026: European Series #1,Thunderpick/World Championship/2026/Europe/1,Bebop,"team=insilio,h1kaN,iDISBALANCE,team=cybershoke,team=sangal",
Thunderpick World Championship 2026: European Series #1,Thunderpick/World Championship/2026/Europe/1,ASTRAL Esports,"flag=lv,flag=ee,flag=lt,gxx-,swiz",
Thunderpick World Championship 2026: European Series #1,Thunderpick/World Championship/2026/Europe/1,ex-Zero Tenacity,"brutmonster,Cjoffo,aVN,Kind0,team=metizport",
Thunderpick World Championship 2026: European Series #1,Thunderpick/World Championship/2026/Europe/1,2007,"link=spirit (Russian player),Something,sstiNiX,flag=ru,h1te",
Thunderpick World Championship 2026: European Series #1,Thunderpick/World Championship/2026/Europe/1,Rune Eaters Esports,"forkyz,her1tage,kumao,noni,demente",
Thunderpick World Championship 2026: European Series #1,Thunderpick/World Championship/2026/Europe/1,Hashiras,"Burmylov,birdfromsky,JACKZ,Queenix,team=Partizan Esports",
Thunderpick World Championship 2026: European Series #1,Thunderpick/World Championship/2026/Europe/1,megoshort,,
BC.Game Masters Season 2 Europe Series #2,BC.Game Masters/Season 2/Europe/Series 2,Gentle Mates,"mopoz,dav1g,sausol,link=alex (Spanish player),Martinez",
BC.Game Masters Season 2 Europe Series #2,BC.Game Masters/Season 2/Europe/Series 2,Nemiga Gaming,"1eeR,khaN,Sowalio,SYPH0,KaiR0N-",
BC.Game Masters Season 2 Europe Series #2,BC.Game Masters/Season 2/Europe/Series 2,illwill,"hAdji,7kick,maden,team=sangal,VLDN",
BC.Game Masters Season 2 Europe Series #2,BC.Game Masters/Season 2/Europe/Series 2,Team Nemesis,"SELLTER,Sdaim,tex1y,mag1k3Y,r3salt",
BC.Game Masters Season 2 Europe Series #2,BC.Game Masters/Season 2/Europe/Series 2,100 Thieves,"rain,poiii,sirah,Ag1l,dev1ce",
BC.Game Masters Season 2 Europe Series #2,BC.Game Masters/Season 2/Europe/Series 2,FOKUS,"volt,Matheos,Banjo,ztr,Jorko",
BC.Game Masters Season 2 Europe Series #2,BC.Game Masters/Season 2/Europe/Series 2,Tricked Esport,"Leakz,salazar,NickyB,IceBerg,Boye",
BC.Game Masters Season 2 Europe Series #2,BC.Game Masters/Season 2/Europe/Series 2,Betclic Apogee Esports,"Prism,demho,eskyy,flag=pl,POLO",
BC.Game Masters Season 2 Europe Series #2,BC.Game Masters/Season 2/Europe/Series 2,Eternal Fire,"rigoN,DemQQ,jottAAA,regali,MisteM",
BC.Game Masters Season 2 Europe Series #2,BC.Game Masters/Season 2/Europe/Series 2,AM Gaming,"k1to,Altekz,L00m1,myltsi,team=FAVBET Team",
BC.Game Masters Season 2 Europe Series #2,BC.Game Masters/Season 2/Europe/Series 2,Fnatic,"KRIMZ,fear,jambo,jackasmo,flag=ua",
BC.Game Masters Season 2 Europe Series #2,BC.Game Masters/Season 2/Europe/Series 2,ex-RUBY,"H4SAN4TOR,sh1nejezzz,YumsaN,relaxxie,robo",
BC.Game Masters Season 2 Europe Series #2,BC.Game Masters/Season 2/Europe/Series 2,EA Copenhagen,"bekker,Maze,n1Xen,sSen,anber",
BC.Game Masters Season 2 Europe Series #2,BC.Game Masters/Season 2/Europe/Series 2,PsychoFace,"slaxejezzz,eightz,PsychoDoctor,facecrack,abiraju",
BC.Game Masters Season 2 Europe Series #2,BC.Game Masters/Season 2/Europe/Series 2,Ursa,"4X1s,link=Salazar (Russian player),Alv,karnez,Krad",
BC.Game Masters Season 2 Europe Series #2,BC.Game Masters/Season 2/Europe/Series 2,VRSDelivery,"suonko,fanatyk,AntyVirus,flag=pl,PeTeRoOo,status=sub",
BC.Game Masters Season 2 Europe Series #2,BC.Game Masters/Season 2/Europe/Series 2,lavked,"Djon8,sol,k4nfuz,1NVISIBLEE,xm1nd",
BC.Game Masters Season 2 Europe Series #2,BC.Game Masters/Season 2/Europe/Series 2,ALGO Esports,"nukkye,szejn,aNdu,Bambosh,adeX",
BC.Game Masters Season 2 Europe Series #2,BC.Game Masters/Season 2/Europe/Series 2,HEROIC Academy,"St0m4k,flag=ro,flag=ro,flag=sk,flag=pl",
BC.Game Masters Season 2 Europe Series #2,BC.Game Masters/Season 2/Europe/Series 2,GenOne,"Chuckyy,Brooxsy,Djoko,Keoz,flag=fr",
BC.Game Masters Season 2 Europe Series #2,BC.Game Masters/Season 2/Europe/Series 2,ASTRAL Esports,"flag=lv,flag=ee,flag=lt,gxx-,swiz",
BC.Game Masters Season 2 Europe Series #2,BC.Game Masters/Season 2/Europe/Series 2,ex-Zero Tenacity,"brutmonster,Cjoffo,aVN,emi,Kind0,status=sub",
BC.Game Masters Season 2 Europe Series #2,BC.Game Masters/Season 2/Europe/Series 2,megoshort,"Twinkey,robiin,mogv,zen,virree",
BC.Game Masters Season 2 Europe Series #2,BC.Game Masters/Season 2/Europe/Series 2,Rune Eaters Esports,"forkyz,her1tage,kumao,noni,demente",
ESL Challenger League Season 51: South America,ESL/Challenger League/Season 51/South America,blitzkrieg (mexican team),,
ESL Challenger League Season 51: South America,ESL/Challenger League/Season 51/South America,game hunters,,
ESL Challenger League Season 51: South America,ESL/Challenger League/Season 51/South America,magicos,,
ESL Challenger League Season 51: South America,ESL/Challenger League/Season 51/South America,bestia academy,,
ESL Challenger League Season 51: South America,ESL/Challenger League/Season 51/South America,charrados fc,,
ESL Challenger League Season 51: South America,ESL/Challenger League/Season 51/South America,folha amarela,,
ESL Challenger League Season 51: South America,ESL/Challenger League/Season 51/South America,herewegoagain,,
ESL Challenger League Season 51: South America,ESL/Challenger League/Season 51/South America,desemplehadas,,
ESL Challenger League Season 51: South America,ESL/Challenger League/Season 51/South America,ex-red canids,,
ESL Challenger League Season 51: North America,ESL/Challenger League/Season 51/North America,straight2killin,,
ESL Challenger League Season 51: North America,ESL/Challenger League/Season 51/North America,reign above,,
ESL Challenger League Season 51: North America,ESL/Challenger League/Season 51/North America,ex-outfit 49,,
ESL Challenger League Season 51: North America,ESL/Challenger League/Season 51/North America,shimmer,,
ESL Challenger League Season 51: North America,ESL/Challenger League/Season 51/North America,flyquest red,,
ESL Challenger League Season 51: North America,ESL/Challenger League/Season 51/North America,overknight,,
ESL Challenger League Season 51: North America,ESL/Challenger League/Season 51/North America,ex-marsborne,,
ESL Challenger League Season 51: North America,ESL/Challenger League/Season 51/North America,boss,,
ESL Challenger League Season 51: North America,ESL/Challenger League/Season 51/North America,ex-sportsbetexpert,,
ESL Challenger League Season 51: Europe,ESL/Challenger League/Season 51/Europe,dziuseppe,,
ESL Challenger League Season 51: Europe,ESL/Challenger League/Season 51/Europe,leo team,,
ESL Challenger League Season 51: Europe,ESL/Challenger League/Season 51/Europe,sinqu,,
ESL Challenger League Season 51: Europe,ESL/Challenger League/Season 51/Europe,biga,,
ESL Challenger League Season 51: Europe,ESL/Challenger League/Season 51/Europe,bw,,
ESL Challenger League Season 51: Europe,ESL/Challenger League/Season 51/Europe,aimclub.ro,,
ESL Challenger League Season 51: Europe,ESL/Challenger League/Season 51/Europe,heroic academy,,
ESL Challenger League Season 51: Europe,ESL/Challenger League/Season 51/Europe,hindsight,,
ESL Challenger League Season 51: Europe,ESL/Challenger League/Season 51/Europe,ec banga,,
ESL Challenger League Season 51: Europe,ESL/Challenger League/Season 51/Europe,whitebird,,
ESL Challenger League Season 51: Europe,ESL/Challenger League/Season 51/Europe,qwentry,,
ESL Challenger League Season 51: Europe,ESL/Challenger League/Season 51/Europe,overpeek,,
ESL Challenger League Season 51: Europe,ESL/Challenger League/Season 51/Europe,forze reload,,
ESL Challenger League Season 51: Europe,ESL/Challenger League/Season 51/Europe,team pigeons,,
ESL Challenger League Season 51: Europe,ESL/Challenger League/Season 51/Europe,genone,,
ESL Challenger League Season 51: Europe,ESL/Challenger League/Season 51/Europe,airlya,,
ESL Challenger League Season 51: Europe,ESL/Challenger League/Season 51/Europe,khan,,
ESL Challenger League Season 51: Europe,ESL/Challenger League/Season 51/Europe,donstu,,
ESL Challenger League Season 51: Europe,ESL/Challenger League/Season 51/Europe,tnt,,
ESL Challenger League Season 51: Europe,ESL/Challenger League/Season 51/Europe,8sins,,
ESL Challenger League Season 51: Europe,ESL/Challenger League/Season 51/Europe,grindas,,
ESL Challenger League Season 51: Europe,ESL/Challenger League/Season 51/Europe,csdiilit,,
ESL Challenger League Season 51: Europe,ESL/Challenger League/Season 51/Europe,lavked,,
ESL Challenger League Season 51: Europe,ESL/Challenger League/Season 51/Europe,tlr,,
ESL Challenger League Season 51: Europe,ESL/Challenger League/Season 51/Europe,ursa,,
ESL Challenger League Season 51: Europe,ESL/Challenger League/Season 51/Europe,clutchain female,,
ESL Challenger League Season 51: Europe,ESL/Challenger League/Season 51/Europe,lilmix,,
ESL Challenger League Season 51: Europe,ESL/Challenger League/Season 51/Europe,nigel mirage,,
ESL Challenger League Season 51: Europe,ESL/Challenger League/Season 51/Europe,big equipa,,
ESL Challenger League Season 51: Europe,ESL/Challenger League/Season 51/Europe,m1x.ks,,
ESL Challenger League Season 51: Europe,ESL/Challenger League/Season 51/Europe,rune eaters,,
ESL Challenger League Season 51: Europe,ESL/Challenger League/Season 51/Europe,kajo,,
ESL Challenger League Season 51: Europe,ESL/Challenger League/Season 51/Europe,idopieca,,
ESL Challenger League Season 51: Europe,ESL/Challenger League/Season 51/Europe,exsad,,
ESL Challenger League Season 51: Europe,ESL/Challenger League/Season 51/Europe,omega,,
ESL Challenger League Season 51: Europe,ESL/Challenger League/Season 51/Europe,hypewrld,,
ESL Challenger League Season 51: Europe,ESL/Challenger League/Season 51/Europe,rethink,,
ESL Challenger League Season 51: Europe,ESL/Challenger League/Season 51/Europe,fisher college,,
ESL Challenger League Season 51: Europe,ESL/Challenger League/Season 51/Europe,ne4store,,
ESL Challenger League Season 51: Europe,ESL/Challenger League/Season 51/Europe,bibimbap,,
ESL Challenger League Season 51: Europe,ESL/Challenger League/Season 51/Europe,supernova (danish team),,
ESL Challenger League Season 51: Europe,ESL/Challenger League/Season 51/Europe,the glecs,,
ESL Challenger League Season 51: Europe,ESL/Challenger League/Season 51/Europe,rottweilers,,
ESL Challenger League Season 51: Europe,ESL/Challenger League/Season 51/Europe,walczaki,,
ESL Challenger League Season 51: Europe,ESL/Challenger League/Season 51/Europe,playersclub,,
ESL Challenger League Season 51: Europe,ESL/Challenger League/Season 51/Europe,misa,,
ESL Challenger League Season 51: Europe,ESL/Challenger League/Season 51/Europe,masonic,,
ESL Challenger League Season 51: Europe,ESL/Challenger League/Season 51/Europe,atreides,,
ESL Challenger League Season 51: Europe,ESL/Challenger League/Season 51/Europe,brazylijski luz,,
ESL Challenger League Season 51: Europe,ESL/Challenger League/Season 51/Europe,tnc esport,,
ESL Challenger League Season 51: Europe,ESL/Challenger League/Season 51/Europe,project 91,,
ESL Challenger League Season 51: Europe,ESL/Challenger League/Season 51/Europe,yngods,,
ESL Challenger League Season 51: Europe,ESL/Challenger League/Season 51/Europe,ex-z10,,
ESL Challenger League Season 51: Europe,ESL/Challenger League/Season 51/Europe,subtop de france,,
ESL Challenger League Season 51: Europe,ESL/Challenger League/Season 51/Europe,megoshort,,
ESL Challenger League Season 51: Europe,ESL/Challenger League/Season 51/Europe,ex-csdiilit,,
ESL Challenger League Season 51: Europe,ESL/Challenger League/Season 51/Europe,zajezdzacze,,
ESL Challenger League Season 51: Europe,ESL/Challenger League/Season 51/Europe,aurora yb,,
ESL Challenger League Season 51: Europe,ESL/Challenger League/Season 51/Europe,endless journey,,
ESL Challenger League Season 51: Asia-Pacific,ESL/Challenger League/Season 51/Asia-Pacific,THUNDERdOWNUNDER,"asap,TjP,aliStair,dexter,Liazz",
ESL Challenger League Season 51: Asia-Pacific,ESL/Challenger League/Season 51/Asia-Pacific,SemperFi Esports,"SaVage,keen,shadiy,HaZR,sliimey",{{Notes |{{Notes|May 6th - '''[[SemperFi Esports]]''' part ways with {{player|ADDICT|flag=au}} and acquire {{player|sliimey|flag=au}} from '''[[Ground Zero Gaming]]''' as his replacement. }} }}
ESL Challenger League Season 51: Asia-Pacific,ESL/Challenger League/Season 51/Asia-Pacific,Ground Zero,"apocdud,pz,vision,Omichella,tucks",{{Notes |{{Notes|May 6th - {{player|sliimey|flag=au}} is acquired by '''[[SemperFi Esports]]'''. }} }}
ESL Challenger League Season 51: Asia-Pacific,ESL/Challenger League/Season 51/Asia-Pacific,Kaleido Gaming,"SPine,link=rage (Chinese player),suki,SasiKi,chuzhongT",{{Notes |{{Notes|March 8th - '''[[Morningstar]]''' sign {{player|zeroX1n|flag=cn}}. }} }}
ESL Challenger League Season 51: Asia-Pacific,ESL/Challenger League/Season 51/Asia-Pacific,TYLOO,"JamYoung,Moseyuh,Mercury,Jee,link=zero (Su Jingshen)",
ESL Challenger League Season 51: Asia-Pacific,ESL/Challenger League/Season 51/Asia-Pacific,FengDa Gaming,,"{{Notes |{{Notes|May 9th - {{player|Trash|flag=cn}}, {{Player|3gl|flag=cn}}, and {{player|Marek|flag=tw}} are acquired by '''[[Rare Atom]]'''. }} }}"
Conquest of Prague 2026,PLAYzone/Conquest of Prague/2026,ecstatic,,
BC.Game Masters Championship #2,BC.Game Masters Championship/2,chaos (norwegian team),,
BC.Game Masters Championship #2,BC.Game Masters Championship/2,passion ua,,
CCT South America 2026 Series #2,CCT/2026/South America/Series 2,crashers,,
CCT South America 2026 Series #2,CCT/2026/South America/Series 2,players.br,,
CCT South America 2026 Series #1,CCT/2026/South America/Series 1,game hunters,,
CCT South America 2026 Series #1,CCT/2026/South America/Series 1,herewegoagain,,
Thunderpick World Championship 2026: North American Series,Thunderpick/World Championship/2026/North America,insane players,,
ESL Challenger League Season 51: North America - Cup #4,ESL/Challenger League/Season 51/North America/Cup 4,ex-marsborne,,
ESL Challenger League Season 51: North America - Cup #4,ESL/Challenger League/Season 51/North America/Cup 4,boss,,
ESL Challenger League Season 51: North America - Cup #4,ESL/Challenger League/Season 51/North America/Cup 4,ex-sportsbetexpert,,
ESL Challenger League Season 51: South America - Cup #4,ESL/Challenger League/Season 51/South America/Cup 4,ex-red canids,,
ESL Challenger League Season 51: Europe - Cup #4,ESL/Challenger League/Season 51/Europe/Cup 4,walczaki,,
ESL Challenger League Season 51: Europe - Cup #4,ESL/Challenger League/Season 51/Europe/Cup 4,playersclub,,
ESL Challenger League Season 51: Europe - Cup #4,ESL/Challenger League/Season 51/Europe/Cup 4,misa,,
ESL Challenger League Season 51: Europe - Cup #4,ESL/Challenger League/Season 51/Europe/Cup 4,masonic,,
ESL Challenger League Season 51: Europe - Cup #4,ESL/Challenger League/Season 51/Europe/Cup 4,atreides,,
ESL Challenger League Season 51: Europe - Cup #4,ESL/Challenger League/Season 51/Europe/Cup 4,brazylijski luz,,
ESL Challenger League Season 51: Europe - Cup #4,ESL/Challenger League/Season 51/Europe/Cup 4,tnc esport,,
ESL Challenger League Season 51: Europe - Cup #4,ESL/Challenger League/Season 51/Europe/Cup 4,project 91,,
ESL Challenger League Season 51: Europe - Cup #4,ESL/Challenger League/Season 51/Europe/Cup 4,yngods,,
ESL Challenger League Season 51: Europe - Cup #4,ESL/Challenger League/Season 51/Europe/Cup 4,ex-z10,,
ESL Challenger League Season 51: Europe - Cup #4,ESL/Challenger League/Season 51/Europe/Cup 4,subtop de france,,
ESL Challenger League Season 51: Europe - Cup #4,ESL/Challenger League/Season 51/Europe/Cup 4,megoshort,,
ESL Challenger League Season 51: Europe - Cup #4,ESL/Challenger League/Season 51/Europe/Cup 4,ex-csdiilit,,
ESL Challenger League Season 51: Europe - Cup #4,ESL/Challenger League/Season 51/Europe/Cup 4,zajezdzacze,,
ESL Challenger League Season 51: Europe - Cup #4,ESL/Challenger League/Season 51/Europe/Cup 4,aurora yb,,
ESL Challenger League Season 51: Europe - Cup #4,ESL/Challenger League/Season 51/Europe/Cup 4,endless journey,,
CCT Season 3 Global Finals,CCT/Season 3/Global Finals,illwill,,
ESL Challenger League Season 52: North America - Cup #3,ESL/Challenger League/Season 52/North America/Cup 3,New Legends,"flag=us,flag=us,flag=us,flag=ua,flag=us",
ESL Challenger League Season 52: North America - Cup #3,ESL/Challenger League/Season 52/North America/Cup 3,Marca Registrada,"flag=mx,4TAYLOR,cruzN,flag=ve,flag=gt",
NODWIN Clutch Series #11,NODWIN Gaming/Clutch Series/11,Nuclear TigeRES,"senka,flouzer,z1k4,m1QUSE,ayuki",
NODWIN Clutch Series #11,NODWIN Gaming/Clutch Series/11,3DMAX,"link=Lucky (French player),Maka,Graviti,misutaaa,Kursy",
NODWIN Clutch Series #11,NODWIN Gaming/Clutch Series/11,HOTU,"link=mizu (Russian player),kade0,frontales,n0rb3r7,dwushka",
NODWIN Clutch Series #11,NODWIN Gaming/Clutch Series/11,INFINITE,"kreaz,Dytor,sl3nd,Blytz,volt",
NODWIN Clutch Series #11,NODWIN Gaming/Clutch Series/11,Team Nemesis,"SELLTER,Sdaim,tex1y,mag1k3Y,r3salt",
NODWIN Clutch Series #11,NODWIN Gaming/Clutch Series/11,1w Team,"nafany,Ax1Le,ArtFr0st,fame,BELCHONOKK,team=ww team",
NODWIN Clutch Series #11,NODWIN Gaming/Clutch Series/11,BBL Esports,"Leakz,salazar,NickyB,IceBerg,Boye",{{Notes |{{Notes|August 30th - '''[[Echo]]''' are signed by '''[[BBL Esports]]'''. }} }}
NODWIN Clutch Series #11,NODWIN Gaming/Clutch Series/11,Walczaki,"bajmi,SaMey,olimp,reiko,sNx",{{Notes |{{Notes|September 2nd - '''[[Walczaki]]''' part ways with {{player|moonwalk|flag=pl}} and add {{player|sNx|flag=pl}}. }} }}
NODWIN Clutch Series #11,NODWIN Gaming/Clutch Series/11,ex-RUBY,"sh1nejezzz,relaxxie,1eeR,team=nemiga,team=cybershoke,status=sub",{{Notes |{{Notes|August 22nd - {{player|H4SAN4TOR|flag=ru}} is signed by '''[[CYBERSHOKE Esports]]'''. }} }}
NODWIN Clutch Series #11,NODWIN Gaming/Clutch Series/11,Color,"lattykk,oz1k,cronuss,Qikert,reyoz,status=sub",
NODWIN Clutch Series #11,NODWIN Gaming/Clutch Series/11,UPGRADE Team,"tw1sterzaza,SquEzxc,pleynnn,desl3bio,DAN9ARMATURA",{{Notes |{{Notes|August 25th - '''[[CYBERSHOKE Prospects]]'''<sup>'</sup> lineup is acquired by '''[[UPGRADE Team]]'''. }} }}
NODWIN Clutch Series #11,NODWIN Gaming/Clutch Series/11,INOX Division,"k1slll,k0s,finW,FenomeN,gooddeph",{{Notes |{{Notes|August 14th - '''[[INOX Division]]''' re-sign {{player|gooddeph|flag=ru}}. }} }}
NODWIN Clutch Series #11,NODWIN Gaming/Clutch Series/11,Nordic Partners Gaming,"k1to,myltsi,Marix,Maze,flag=pl,status=sub",
NODWIN Clutch Series #11,NODWIN Gaming/Clutch Series/11,GenOne,"Chuckyy,Brooxsy,Djoko,Keoz,flag=fr",
NODWIN Clutch Series #11,NODWIN Gaming/Clutch Series/11,Butterfly (Russian team),"k1ssly,flag=ru,Kurama,nitzie,Forester",
NODWIN Clutch Series #11,NODWIN Gaming/Clutch Series/11,33,"executor,z1Nny,bluewh1te,Raijin,synyx",{{Notes |{{Notes|August 17th - '''[[33]]''' part ways with {{player|kinqie|flag=ru}}. }} |{{Notes|August 18th - '''[[33]]''' acquire {{Player|Raijin|flag=ru}} and {{player|synyx|flag=ua}} from '''[[ARCRED]]'''. }} }}
NODWIN Clutch Series #11,NODWIN Gaming/Clutch Series/11,Black Phoenix,"4X1s,link=Salazar (Russian player),karnez,topo-,team=nemesis",
NODWIN Clutch Series #11,NODWIN Gaming/Clutch Series/11,Leo Team,"leen,next1me,aimy,Tarkky,drac",
NODWIN Clutch Series #11,NODWIN Gaming/Clutch Series/11,SPARTA Esports,"NickelBack,El1an,TRAVIS,team=insilio,team=cybershoke,status=sub,team=BetBoom Team",{{Notes |{{Notes|August 17th - {{player|Djon8|flag=ru}} is acquired by '''[[Young TigeRES]]'''. }} }}
NODWIN Clutch Series #11,NODWIN Gaming/Clutch Series/11,illwill,",,,,",
NODWIN Clutch Series #11,NODWIN Gaming/Clutch Series/11,boomerang,,
NODWIN Clutch Series #11,NODWIN Gaming/Clutch Series/11,Boomerang,",,,,",
NODWIN Clutch Series #11,NODWIN Gaming/Clutch Series/11,MOUZ NXT,"ay0k,Nikodeon,opdust,flag=fr,flag=cn",
NODWIN Clutch Series #11,NODWIN Gaming/Clutch Series/11,G2 Ares,"tAk,hitori,Junyme,yksjupe,SHiNE",
NODWIN Clutch Series #11,NODWIN Gaming/Clutch Series/11,Bebop,"faydett,iDISBALANCE,lov1kus,flag=ru,flag=ru",
NODWIN Clutch Series #11,NODWIN Gaming/Clutch Series/11,HYPERSPIRIT,"Ciocardau,d1maje,starplajerz,Q-Q,Scr0b,status=sub",
NODWIN Clutch Series #11,NODWIN Gaming/Clutch Series/11,Just Players,"link=spirit (Russian player),sstiNiX,sm3t,h1te,Something",
NODWIN Clutch Series #11,NODWIN Gaming/Clutch Series/11,The Last Resort,"arTisT,Extinct,Vacancy,bevve,Girafffe",
NODWIN Clutch Series #11,NODWIN Gaming/Clutch Series/11,Nexus Gaming,"s0und,fNk,SBT,Nexius,shield",
NODWIN Clutch Series #11,NODWIN Gaming/Clutch Series/11,ex-Zero Tenacity,"brutmonster,Cjoffo,Kind0,Dragon,VLDN",
NODWIN Clutch Series #11,NODWIN Gaming/Clutch Series/11,Permitta Esports,"AdrieN,maaryy,Markoś,tomiko,flag=pl,flag=pl","{{Notes |{{Notes|August 13th - '''[[Permitta Esports]]''' sign '''[[los kogutos]]'''' core lineup consisting of {{player|AdrieN|flag=pl}}, {{player|Markoś|flag=pl}}, {{player|maaryy|flag=pl}} and {{player|tomiko|flag=pl}}, and add {{player|showk|flag=pl}} and {{player|pako|flag=pl}}, the latter as the team's coach. }} }}"
NODWIN Clutch Series #11,NODWIN Gaming/Clutch Series/11,Enjoy.ru,"flag=ru,flag=ru,link=nbl (Russian player),flag=ru,flag=ru",
NODWIN Clutch Series #11,NODWIN Gaming/Clutch Series/11,ex-RUSTEC,"Brilliance,jakekeS,youka,team=sangal,team=9pandas,bl1x1",
NODWIN Clutch Series #11,NODWIN Gaming/Clutch Series/11,Inner Circle Academy,"3ippoch,flag=ua,flag=ua,flag=ua,Flierax",
NODWIN Clutch Series #11,NODWIN Gaming/Clutch Series/11,Honvéd Esport,"noleN,flag=hu,flag=hu,1NSERT2,marTineZ,status=sub",
NODWIN Clutch Series #11,NODWIN Gaming/Clutch Series/11,Bushido Wildcats,"darendeli,Vej,cadnyx,cacan,Muk0s",
NODWIN Clutch Series #11,NODWIN Gaming/Clutch Series/11,ENCE,"teme,millert,Schwarz,HENU,joeski",{{Notes |{{Notes|August 13th - '''[[ENCE]]''' bench {{player|Cliqq|flag=fi}} and sign {{player|joeski|flag=fi}} on a trial basis. }} }}
Thunderpick World Championship 2026,Thunderpick/World Championship/2026,Team Falcons,"NiKo,TeSeS,m0NESY,kyousuke,karrigan",
Thunderpick World Championship 2026,Thunderpick/World Championship/2026,9z Team,"max,HUASOPEEK,luchov,meyern,dgt",
Thunderpick World Championship 2026,Thunderpick/World Championship/2026,Legacy,"latto,dumau,n1ssim,arT,try",
Thunderpick World Championship 2026,Thunderpick/World Championship/2026,FURIA,"yuurih,KSCERATO,FalleN,molodoy,YEKINDAR",
Thunderpick World Championship 2026,Thunderpick/World Championship/2026,BetBoom Team,"s1ren,zorte,Magnojez,Boombl4,d1Ledez",
Thunderpick World Championship 2026,Thunderpick/World Championship/2026,Aurora Gaming,"XANTARES,Wicadia,woxic,Jimpphat,kyxsan",
Thunderpick World Championship 2026,Thunderpick/World Championship/2026,PARIVISION,"Jame,xiELO,zweih,FL1T,HObbit",{{Notes |{{Notes|September 17th - '''[[PARIVISION]]''' bench {{player|slaxejezzz|flag=ru}} and sign {{player|HObbit|flag=kz}}. }} }}
Thunderpick/World Championship/2026,Thunderpick/World Championship/2026,TDK,"nafany,Ax1Le,sugaR,Xant3r,team=betboom",
Thunderpick/World Championship/2026,Thunderpick/World Championship/2026,Betclic Apogee Esports,"Prism,demho,eskyy,flag=pl,POLO",
Thunderpick/World Championship/2026,Thunderpick/World Championship/2026,Johnny Speeds,"Lekr0,HEAP,jocab,nawwk,titulus",
Thunderpick/World Championship/2026,Thunderpick/World Championship/2026,OG,"spooke,adamb,cadiaN,bodyy,pr1metapz",{{Notes |{{Notes|May 19th - '''[[OG]]''' bench {{player|arrozdoce|flag=pt}}. }} |{{Notes|May 20th - '''[[OG]]''' acquire {{player|pr1metapz|flag=de}} on loan from '''[[Sangal Esports]]'''. }} }}
Thunderpick/World Championship/2026,Thunderpick/World Championship/2026,KOLESIE,"innocent,Qlocuu,b1elany,fr3nd,Ex1st",
Thunderpick/World Championship/2026,Thunderpick/World Championship/2026,ex-RUBY,"H4SAN4TOR,sh1nejezzz,YumsaN,relaxxie,robo",
Thunderpick/World Championship/2026,Thunderpick/World Championship/2026,Esport Academy Copenhagen,"bekker,Maze,n1Xen,sSen,anber",
Thunderpick/World Championship/2026,Thunderpick/World Championship/2026,DragonClaw,"suonko,fanatyk,AntyVirus,flag=pl,PeTeRoOo",{{Notes |{{Notes|May 30th - '''[[VRSDelivery]]''' rename to '''[[DragonClaw]]'''. }} }}
Thunderpick/World Championship/2026,Thunderpick/World Championship/2026,ALGO Esports,"nukkye,szejn,aNdu,Bambosh,adeX",
Thunderpick/World Championship/2026,Thunderpick/World Championship/2026,TNC Esport,"AdrieN,maaryy,yvro,Melavi,tomiko",
Thunderpick/World Championship/2026,Thunderpick/World Championship/2026,OMEGA,"dan4o,Botpa1,adai,Aldikon,def1zer",
Thunderpick/World Championship/2026,Thunderpick/World Championship/2026,HYPERSPIRIT,"Ciocardau,flag=ro,ADRON,flag=ro,ragga",{{Notes |{{Notes|May 19th - '''[[HYPERSPIRIT]]''' re-sign {{player|ragga|flag=ro}}. }} }}
Thunderpick/World Championship/2026,Thunderpick/World Championship/2026,MANA eSports,"ammar,BledarD,cerber,team=biga,deb0",
Thunderpick/World Championship/2026,Thunderpick/World Championship/2026,ASTRAL Esports,"flag=lv,flag=ee,flag=lt,gxx-,swiz",
Thunderpick/World Championship/2026,Thunderpick/World Championship/2026,ex-Zero Tenacity,"brutmonster,Cjoffo,aVN,Kind0,team=metizport",
Thunderpick/World Championship/2026,Thunderpick/World Championship/2026,2007,"link=spirit (Russian player),Something,sstiNiX,flag=ru,h1te",
Thunderpick/World Championship/2026,Thunderpick/World Championship/2026,Rune Eaters Esports,"forkyz,her1tage,kumao,noni,demente",
Thunderpick/World Championship/2026,Thunderpick/World Championship/2026,Hashiras,"Burmylov,birdfromsky,JACKZ,Queenix,team=Partizan Esports",
Thunderpick/World Championship/2026,Thunderpick/World Championship/2026,JiJieHao,"m1N1,bibu,0SAMAS,sinnopsyy,CacaNito",
Thunderpick/World Championship/2026,Thunderpick/World Championship/2026,Walczaki,"bajmi,SaMey,olimp,moonwalk,reiko",{{Notes |{{Notes|July 26th - '''[[Walczaki]]''' replace {{player|sk1tt|flag=pl}} with {{player|reiko|flag=pl}}. }} }}
Thunderpick/World Championship/2026,Thunderpick/World Championship/2026,ex-1w Team,"lattykk,oz1k,cronuss,Qikert,reyoz",{{Notes |{{Notes|July 31st - '''[[1w Team]]''' bench their lineup. }} }}
Thunderpick/World Championship/2026,Thunderpick/World Championship/2026,CYBERSHOKE Esports,"bl1x1,glowiing,alpha,Mokuj1n,Alkaren",
Thunderpick/World Championship/2026,Thunderpick/World Championship/2026,lavked,"sol,1NVISIBLEE,xm1nd,KENSi,7tetsu",
Thunderpick/World Championship/2026,Thunderpick/World Championship/2026,INOX Division,"k1slll,k0s,finW,FenomeN,notineki",
Thunderpick/World Championship/2026,Thunderpick/World Championship/2026,BASEMENT BOYS,"Tr0ublE,OWNER,fakerealityy,maggent,kr1vda",
Thunderpick/World Championship/2026,Thunderpick/World Championship/2026,GenOne,"Chuckyy,Brooxsy,Djoko,Keoz,flag=fr",{{Notes |{{Notes|July 22nd - '''[[GenOne]]''' sign {{player|Keoz|flag=be}} and {{player|bL4SEZ|flag=fr}}. }} }}
Thunderpick/World Championship/2026,Thunderpick/World Championship/2026,WOPA Esport,"Zanto,Patti,kwezz,sL1m3,Queenix",{{Notes |{{Notes|July 21st - '''[[WOPA Esport]]''' sign {{player|Queenix|flag=dk}}. }} }}
Thunderpick/World Championship/2026,Thunderpick/World Championship/2026,Black Phoenix,"4X1s,link=Salazar (Russian player),karnez,topo-,team=baks",
Thunderpick/World Championship/2026,Thunderpick/World Championship/2026,ex-RUSTEC,"Brilliance,jakekeS,youka,team=sangal,team=team nemesis",
Thunderpick/World Championship/2026,Thunderpick/World Championship/2026,los kogutos,"AdrieN,maaryy,Markoś,tomiko,hotd0g,status=sub,status=sub",
Thunderpick/World Championship/2026,Thunderpick/World Championship/2026,ex-MANA eSports,"ammar,BledarD,cerber,team=biga,vAloN",
Thunderpick/World Championship/2026,Thunderpick/World Championship/2026,UNiTY esports,"M1key,KWERTZZ,2high,fnl,Sn0w",
Thunderpick/World Championship/2026,Thunderpick/World Championship/2026,Bebop,"faydett,iDISBALANCE,lov1kus,flag=ru,flag=ru,flag=ru",
Thunderpick/World Championship/2026,Thunderpick/World Championship/2026,Lazer Cats,"link=Magic (Ukrainian player),nikitea,flag=ua,tripex17,Polbandana",
Thunderpick/World Championship/2026,Thunderpick/World Championship/2026,IC Academy,"3ippoch,NaYz,flag=ua,flag=ua,flag=ua",
Thunderpick/World Championship/2026,Thunderpick/World Championship/2026,Falcons Force,"flag=rs,flag=ro,Nucleonz,Tapewaare,NaToSaphiX",
Thunderpick/World Championship/2026,Thunderpick/World Championship/2026,Mai tai,"chudy,link=Nami (Polish player),darchevile,flag=pl,flag=pl",
Thunderpick/World Championship/2026,Thunderpick/World Championship/2026,megoshort,"Twinkey,robiin,zen,team=alliance,team=alliance,status=sub,status=sub",
Thunderpick/World Championship/2026,Thunderpick/World Championship/2026,NEW VISION,"fen2k,flag=md,flag=ru,flag=ru,flag=ru",
Thunderpick/World Championship/2026,Thunderpick/World Championship/2026,Entropy Gaming,"flag=se,dottie,flaw,L00m1,delle",
Thunderpick/World Championship/2026,Thunderpick/World Championship/2026,Misa Esports,"Zuedsta,Ckanic,flag=tr,EMSTAR,flag=tr",
Thunderpick/World Championship/2026,Thunderpick/World Championship/2026,Fortress Esport,"flag=dk,flag=dk,flag=dk,flag=dk,flag=dk",
Thunderpick/World Championship/2026,Thunderpick/World Championship/2026,insane players,,
Thunderpick/World Championship/2026,Thunderpick/World Championship/2026,Ninjas in Pyjamas,"sjuush,xKacpersky,stavn,n0te,Krimbo",
Thunderpick/World Championship/2026,Thunderpick/World Championship/2026,HEROIC,"nilo,Chr1zN,susp,Martinez,Brollan",
Thunderpick/World Championship/2026,Thunderpick/World Championship/2026,3DMAX,"link=Lucky (French player),Maka,Graviti,misutaaa,Kursy",
Thunderpick/World Championship/2026,Thunderpick/World Championship/2026,EYEBALLERS,"JW,dex,Ro1f,maxster,KRIMZ",
Thunderpick/World Championship/2026,Thunderpick/World Championship/2026,Team Nemesis,"SELLTER,Sdaim,tex1y,mag1k3Y,r3salt",
Thunderpick/World Championship/2026,Thunderpick/World Championship/2026,HOTU,"link=mizu (Russian player),kade0,frontales,n0rb3r7,dwushka",
Thunderpick/World Championship/2026,Thunderpick/World Championship/2026,Virtus.pro,"tO0RO,b1st,mir,AquaRS,F0R3VER",
Thunderpick/World Championship/2026,Thunderpick/World Championship/2026,K27,"kashl1d,xeedo,qw1nk1,X5G7V,clax",
Thunderpick/World Championship/2026,Thunderpick/World Championship/2026,100 Thieves,"rain,poiii,sirah,dev1ce,Gizmy",
Thunderpick/World Championship/2026,Thunderpick/World Championship/2026,BBL,"Leakz,salazar,NickyB,IceBerg,Boye",{{Notes |{{Notes|September 9th - '''[[BBL Esports]]''' acquire {{player|wezx|flag=dk}} from '''[[Esport Academy Copenhagen]]''' as the team's coach. }} }}
Thunderpick/World Championship/2026,Thunderpick/World Championship/2026,FOKUS,"Matheos,Banjo,ztr,podi,jocab",
Thunderpick/World Championship/2026,Thunderpick/World Championship/2026,Acend,"SPELLAN,Skrimo,KalubeR,REDSTAR,SHiPZ",{{Notes |{{Notes|September 9th - '''[[Acend]]''' bench {{player|h4rn|flag=bg}} and add {{player|SHiPZ|flag=bg}} as a stand-in for the event. }} }}
Thunderpick/World Championship/2026,Thunderpick/World Championship/2026,INFINITE,"kreaz,Blytz,volt,hades,kyuubii",
Thunderpick/World Championship/2026,Thunderpick/World Championship/2026,1w Team,"nafany,Ax1Le,ArtFr0st,fame,BELCHONOKK",
Thunderpick/World Championship/2026,Thunderpick/World Championship/2026,Wildcard,"reck,mhL,HexT,nEMANHA,Cxzi",
Thunderpick/World Championship/2026,Thunderpick/World Championship/2026,vasco,,
Thunderpick/World Championship/2026,Thunderpick/World Championship/2026,BESTIA,"tomaszin,cass1n,timo,buda,nacho",
Thunderpick/World Championship/2026,Thunderpick/World Championship/2026,LargadosyPelados,"happ,zmb,Leomonster,link=divine (Brazilian player),Alisson",
Thunderpick/World Championship/2026,Thunderpick/World Championship/2026,Imperial Esports,"VINI,noway,chelo,decenty,saadzin",{{Notes |{{Notes|July 7th - '''[[Imperial Esports]]''' bench {{player|levi|link=levi (Brazilian player)|flag=br}}. }} |{{Notes|July 10th - '''[[Imperial Esports]]''' acquire {{player|saadzin|flag=br}} from '''[[Legacy]]'''. }} }}
Thunderpick/World Championship/2026,Thunderpick/World Championship/2026,Bounty Hunters Esports,"KAISER,link=zock (Uruguayan player),fREQ,ponter,pepe",
Thunderpick/World Championship/2026,Thunderpick/World Championship/2026,Fake do Biru,"hardzao,PKL,detr0ittJ,pesadelo,b4rtiN",
Thunderpick/World Championship/2026,Thunderpick/World Championship/2026,Yawara E-Sports,"j0w,tele,deemO,r3kt,edv",
Thunderpick/World Championship/2026,Thunderpick/World Championship/2026,Keyd Stars,"lash,matios,xureba,zede,ckzao",
Thunderpick/World Championship/2026,Thunderpick/World Championship/2026,Isurus,"deco,atarax1a,Hezz,dott1,rzk",
Thunderpick/World Championship/2026,Thunderpick/World Championship/2026,UNO MILLE,"cLd,rem1x,ALLE,drg,pancc",
Thunderpick/World Championship/2026,Thunderpick/World Championship/2026,MIBR Academy,"stormzyn,flag=br,flag=br,flag=br,flag=br",
Thunderpick/World Championship/2026,Thunderpick/World Championship/2026,Metanoia Wolves,"spinnie,flag=br,flag=br,flag=br,flag=br",
Thunderpick/World Championship/2026,Thunderpick/World Championship/2026,paiN Gaming Academy,"flag=br,flag=br,flag=br,flag=br,Misfit",
ESL Pro League Season 24,ESL/Pro League/Season 24,Team Spirit,"magixx,zont1x,donk,sh1ro,tN1R",
ESL Pro League Season 24,ESL/Pro League/Season 24,Team Falcons,"NiKo,TeSeS,m0NESY,kyousuke,karrigan",
ESL Pro League Season 24,ESL/Pro League/Season 24,MOUZ,"torzsi,xertioN,Spinx,xelex,PR",
ESL Pro League Season 24,ESL/Pro League/Season 24,9z Team,"max,HUASOPEEK,luchov,meyern,dgt",
ESL Pro League Season 24,ESL/Pro League/Season 24,Team Vitality,"apEX,ZywOo,flameZ,mezii,ropz",
ESL Pro League Season 24,ESL/Pro League/Season 24,Natus Vincere,"b1t,Aleksib,iM,w0nderful,makazze",
ESL Pro League Season 24,ESL/Pro League/Season 24,Legacy,"latto,dumau,n1ssim,try,bobz",{{Notes |{{Notes|September 27th - {{player|bobz|flag=br}} stands in for {{player|arT|flag=br}} who misses the event due to health issues. }} }}
ESL Pro League Season 24,ESL/Pro League/Season 24,FURIA,"yuurih,KSCERATO,FalleN,molodoy,YEKINDAR",
ESL Pro League Season 24,ESL/Pro League/Season 24,BetBoom Team,"s1ren,zorte,Magnojez,Boombl4,d1Ledez",
ESL Pro League Season 24,ESL/Pro League/Season 24,Aurora Gaming,"XANTARES,Wicadia,woxic,Jimpphat,kyxsan",
ESL Pro League Season 24,ESL/Pro League/Season 24,G2 Esports,"huNter-,HeavyGod,matys,NertZ,r1nkle",
ESL Pro League Season 24,ESL/Pro League/Season 24,PARIVISION,"Jame,xiELO,zweih,FL1T,HObbit",{{Notes |{{Notes|September 17th - '''[[PARIVISION]]''' bench {{player|slaxejezzz|flag=ru}} and sign {{player|HObbit|flag=kz}}. }} }}
ESL Pro League Season 24,ESL/Pro League/Season 24,1w Team,"nafany,Ax1Le,ArtFr0st,fame,BELCHONOKK",{{Notes |{{Notes|July 15th - '''[[TDK]]''' part ways with {{player|sugaR|flag=az}} and {{player|Xant3r|flag=ru}}. }} |{{Notes|July 17th - '''[[TDK]]''' add {{player|fame|flag=ru}} and {{player|BELCHONOKK|flag=ru}}. }} |{{Notes|August 1st - '''[[TDK]]''' are signed by '''[[1w Team]]'''. }} }}
ESL Pro League Season 24,ESL/Pro League/Season 24,M80,"Swisher,slaxz-,s1n,Lake,JBa",
ESL Pro League Season 24,ESL/Pro League/Season 24,ShindeN,"abizz,ivz,naz,tom1jed,guty",
ESL Pro League Season 24,ESL/Pro League/Season 24,TYLOO,"JamYoung,Moseyuh,Mercury,Jee,link=Zero (Su Jingshen)",
StarLadder StarSeries Fall 2026,StarLadder/StarSeries/2026/Fall,Team Vitality,"apEX,ZywOo,flameZ,mezii,ropz",
StarLadder StarSeries Fall 2026,StarLadder/StarSeries/2026/Fall,Natus Vincere,"b1t,Aleksib,iM,w0nderful,makazze",
StarLadder StarSeries Fall 2026,StarLadder/StarSeries/2026/Fall,FURIA,"yuurih,KSCERATO,FalleN,molodoy,YEKINDAR",
StarLadder StarSeries Fall 2026,StarLadder/StarSeries/2026/Fall,MOUZ,"torzsi,xertioN,Spinx,xelex,PR",
StarLadder StarSeries Fall 2026,StarLadder/StarSeries/2026/Fall,Aurora Gaming,"XANTARES,Wicadia,woxic,Jimpphat,kyxsan",
StarLadder StarSeries Fall 2026,StarLadder/StarSeries/2026/Fall,Astralis,"Staehr,jabbi,HooXi,phzy,link=ryu (Lithuanian player)",
StarLadder StarSeries Fall 2026,StarLadder/StarSeries/2026/Fall,magic,"MaSvAl,tenzy,sFade8,AW,mo0N",
StarLadder StarSeries Fall 2026,StarLadder/StarSeries/2026/Fall,Ninjas in Pyjamas,"sjuush,Snappi,xKacpersky,stavn,n0te",
StarLadder StarSeries Fall 2026,StarLadder/StarSeries/2026/Fall,Nuclear TigeRES,"senka,flouzer,z1k4,m1QUSE,ayuki",
StarLadder StarSeries Fall 2026,StarLadder/StarSeries/2026/Fall,3DMAX,"link=Lucky (French player),Maka,Graviti,misutaaa,Kursy,Ex3rcice",
StarLadder StarSeries Fall 2026,StarLadder/StarSeries/2026/Fall,HOTU,"link=mizu (Russian player),kade0,frontales,n0rb3r7,dwushka",
StarLadder StarSeries Fall 2026,StarLadder/StarSeries/2026/Fall,INFINITE,"kreaz,Dytor,sl3nd,Blytz,volt",
StarLadder StarSeries Fall 2026,StarLadder/StarSeries/2026/Fall,Team Nemesis,"SELLTER,Sdaim,tex1y,mag1k3Y,r3salt",
StarLadder StarSeries Fall 2026,StarLadder/StarSeries/2026/Fall,HEROIC,"nilo,Chr1zN,susp,Martinez,Brollan",
StarLadder StarSeries Fall 2026,StarLadder/StarSeries/2026/Fall,Gentle Mates,"mopoz,dav1g,sausol,link=alex (Spanish player),CRUC1AL",
StarLadder StarSeries Fall 2026,StarLadder/StarSeries/2026/Fall,Echo,"Leakz,salazar,NickyB,IceBerg,Boye,Altekz",{{Notes |{{Notes|July 18th - {{Player|Rejin|flag=dk}} leaves '''[[Echo]]''' to join '''[[ASTRAL Esports]]'''. }} }}
StarLadder StarSeries Fall 2026,StarLadder/StarSeries/2026/Fall,100 Thieves,"rain,poiii,sirah,dev1ce,Gizmy",
StarLadder StarSeries Fall 2026,StarLadder/StarSeries/2026/Fall,Walczaki,"bajmi,SaMey,olimp,moonwalk,sk1tt",
StarLadder StarSeries Fall 2026,StarLadder/StarSeries/2026/Fall,FOKUS,"Matheos,Banjo,ztr,podi,jocab",
StarLadder StarSeries Fall 2026,StarLadder/StarSeries/2026/Fall,K27,"kashl1d,xeedo,qw1nk1,X5G7V,clax",
StarLadder StarSeries Fall 2026,StarLadder/StarSeries/2026/Fall,NRG,"nitr0,link=Sonic (South African player),Grim,Jeorge,hallzerk",
StarLadder StarSeries Fall 2026,StarLadder/StarSeries/2026/Fall,Team Voca,"snav,nosraC,junior,dare,MarKE",
StarLadder StarSeries Fall 2026,StarLadder/StarSeries/2026/Fall,Chicken Coop Esports,"Crisp,jared,REKMEISTER,link=Drop (Canadian player),link=mds (American player),team=villainous",
StarLadder StarSeries Fall 2026,StarLadder/StarSeries/2026/Fall,Marsborne,"Grizz,ogwizard,freshie,flag=us,nicx",
StarLadder StarSeries Fall 2026,StarLadder/StarSeries/2026/Fall,Life's A Game,"Sandman,djay,Cryptic,Bwills,SLIGHT",
StarLadder StarSeries Fall 2026,StarLadder/StarSeries/2026/Fall,SportsBetExpert,"Peeping,consti,Infinite,shane,motm",
StarLadder StarSeries Fall 2026,StarLadder/StarSeries/2026/Fall,regain,"Zucar,dvrk,sasha,grape,H0NeST",
StarLadder StarSeries Fall 2026,StarLadder/StarSeries/2026/Fall,Iowa Stormboar,"TyRa,Scorchyy,aelor,ayaneuu,flag=ca",{{Notes |{{Notes|July 21st - '''[[Iowa Stormboar]]''' sign {{player|carbs|flag=us}} as the team's coach. }} }}
StarLadder StarSeries Fall 2026,StarLadder/StarSeries/2026/Fall,MIBR,"brnz4n,insani,LNZ,venomzera,nqz",
StarLadder StarSeries Fall 2026,StarLadder/StarSeries/2026/Fall,BESTIA,"tomaszin,cass1n,timo,buda,nacho",{{Notes |{{Notes|July 22nd - '''[[BESTIA]]''' move {{player|shaRpy|flag=pt}} into an assistant coach role and sign {{Player|tge|flag=br}} as his replacement. }} }}
StarLadder StarSeries Fall 2026,StarLadder/StarSeries/2026/Fall,ShindeN,"abizz,ivz,naz,tom1jed,guty",
StarLadder StarSeries Fall 2026,StarLadder/StarSeries/2026/Fall,LargadosyPelados,"happ,zmb,Leomonster,link=divine (Brazilian player),Alisson",
StarLadder StarSeries Fall 2026,StarLadder/StarSeries/2026/Fall,Galorys,"tomate,gbb,destiny,PKL,detr0ittJ","{{Notes |{{Notes|July 24th - '''[[Galorys]]''' bench {{player|nython|flag=br}} and {{player|k1not1|flag=br}} while signing {{player|PKL|flag=br}}, {{player|detr0ittJ|flag=br}}, {{player|destiny|flag=br}}, and {{player|turner|flag=br}}, the latter as the team's coach. }} }}"
StarLadder StarSeries Fall 2026,StarLadder/StarSeries/2026/Fall,Imperial Esports,"VINI,noway,chelo,decenty,saadzin",
StarLadder StarSeries Fall 2026,StarLadder/StarSeries/2026/Fall,Fluxo W7M,"zevy,kye,exit,dav1deuS,ltz",{{Notes |{{Notes|July 19th - '''[[Gaimin Gladiators]]''' withdraw from the event; they are replaced by '''[[Fluxo W7M]]'''. }} }}
StarLadder StarSeries Fall 2026,StarLadder/StarSeries/2026/Fall,Bounty Hunters Esports,"KAISER,link=zock (Uruguayan player),fREQ,ponter,pepe",{{Notes |{{Notes|July 24th - '''[[Turma do Pagode]]''' withdraw from the event as they are unable to field an eligible lineup; they are replaced by '''[[Bounty Hunters Esports]]'''. }} }}
StarLadder StarSeries Fall 2026,StarLadder/StarSeries/2026/Fall,Gaimin Gladiators,,{{Notes |{{Notes|July 19th - '''[[Gaimin Gladiators]]''' withdraw from the event; they are replaced by '''[[Fluxo W7M]]'''. }} }}
StarLadder StarSeries Fall 2026,StarLadder/StarSeries/2026/Fall,Turma do Pagode,,{{Notes |{{Notes|July 24th - '''[[Turma do Pagode]]''' withdraw from the event as they are unable to field an eligible lineup; they are replaced by '''[[Bounty Hunters Esports]]'''. }} }}
FISSURE Playground #3,FISSURE/Playground/3,9z Team,"max,HUASOPEEK,luchov,meyern,dgt",
FISSURE Playground #3,FISSURE/Playground/3,Legacy,"latto,dumau,n1ssim,arT,try",
FISSURE Playground #3,FISSURE/Playground/3,FURIA,"yuurih,KSCERATO,FalleN,molodoy,YEKINDAR",
FISSURE Playground #3,FISSURE/Playground/3,BetBoom Team,"s1ren,zorte,Magnojez,Boombl4,d1Ledez",
FISSURE Playground #3,FISSURE/Playground/3,G2 Esports,"huNter-,HeavyGod,matys,NertZ,r1nkle",
FISSURE Playground #3,FISSURE/Playground/3,PARIVISION,"Jame,xiELO,zweih,slaxejezzz,FL1T",
FISSURE Playground #3,FISSURE/Playground/3,FaZe Clan,"frozen,jcobbb,Twistzz,JBOEN,Neityu",{{Notes |{{Notes|August 11th - '''[[FaZe Clan]]''' acquire {{player|Neityu|flag=fr}} from '''[[ENCE]]'''. }} }}
FISSURE Playground #3,FISSURE/Playground/3,The MongolZ,"bLitz,910,tikuak,flag=mn,cobrazera",{{Notes |{{Notes|September 3rd - {{player|cobrazera|flag=mn}} stands in for {{player|Techno4K|flag=mn}}. }} }}
FISSURE Playground #3,FISSURE/Playground/3,MIBR,"insani,LNZ,venomzera,nqz,tomaszin",{{Notes |{{Notes|August 25th - '''[[MIBR]]''' bench {{player|brnz4n|flag=br}}. }} |{{Notes|August 28th - '''[[MIBR]]''' sign {{player|tomaszin|flag=ar}} to complete their lineup. }} }}
FISSURE Playground #3,FISSURE/Playground/3,Alliance,"avid,twist,upE,eraa,bobeksde",
FISSURE Playground #3,FISSURE/Playground/3,TYLOO,"JamYoung,Moseyuh,Mercury,Jee,link=Zero (Su Jingshen)",
FISSURE Playground #3,FISSURE/Playground/3,Astralis,"Staehr,jabbi,HooXi,phzy,link=ryu (Lithuanian player)",
FISSURE Playground #3,FISSURE/Playground/3,BIG,"tabseN,JDC,gr1ks,blameF,faveN",
FISSURE Playground #3,FISSURE/Playground/3,GamerLegion,"Tauson,REZ,hypex,FL4MUS,Grashog",{{Notes |{{Notes|September 8th - {{player|Grashog|flag=bg}} stands in for {{player|Snax|flag=pl}} who misses the event due to travel complications. }} }}
FISSURE Playground #3,FISSURE/Playground/3,magic,"MaSvAl,tenzy,sFade8,AW,mo0N",{{Notes |{{Notes|August 29th - '''[[FUT Esports]]''' withdraw from the event due to visa issues; they are replaced by '''[[magic]]'''. }} }}
FISSURE Playground #3,FISSURE/Playground/3,5star eSports,"hoolig4n,clouden,ariucle,NEUZ,rate",
FISSURE Playground #3,FISSURE/Playground/3,FUT Esports,"dem0n,Krabeni,cmtry,dziugss,xfl0ud",{{Notes |{{Notes|August 29th - '''[[FUT Esports]]''' withdraw from the event due to visa issues; they are replaced by '''[[magic]]'''. }} }}
BLAST Open Fall 2026,BLAST/Open/2026/Fall,Team Spirit,"magixx,zont1x,donk,sh1ro,tN1R",
BLAST Open Fall 2026,BLAST/Open/2026/Fall,Team Falcons,"NiKo,TeSeS,m0NESY,kyousuke,karrigan",
BLAST Open Fall 2026,BLAST/Open/2026/Fall,Team Vitality,"apEX,ZywOo,flameZ,ropz,jL",{{Notes |{{Notes|August 4th - {{player|jL|flag=lt}} stands in for {{player|mezii|flag=uk}} who misses the event due to the birth of his second child. }} }}
BLAST Open Fall 2026,BLAST/Open/2026/Fall,Natus Vincere,"b1t,Aleksib,iM,w0nderful,makazze",
BLAST Open Fall 2026,BLAST/Open/2026/Fall,FURIA,"yuurih,KSCERATO,FalleN,molodoy,YEKINDAR",
BLAST Open Fall 2026,BLAST/Open/2026/Fall,MOUZ,"torzsi,xertioN,Spinx,xelex,PR",{{Notes |{{Notes|July 14th - '''[[MOUZ]]''' acquire {{player|PR|flag=cz}} from '''[[GamerLegion]]''' to complete their roster. }} }}
BLAST Open Fall 2026,BLAST/Open/2026/Fall,Legacy,"latto,dumau,n1ssim,arT,try",
BLAST Open Fall 2026,BLAST/Open/2026/Fall,Aurora Gaming,"XANTARES,Wicadia,woxic,Jimpphat,kyxsan",
BLAST Open Fall 2026,BLAST/Open/2026/Fall,G2 Esports,"huNter-,HeavyGod,matys,NertZ,r1nkle",
BLAST Open Fall 2026,BLAST/Open/2026/Fall,FUT Esports,"dem0n,Krabeni,cmtry,dziugss,xfl0ud",
BLAST Open Fall 2026,BLAST/Open/2026/Fall,9z Team,"max,HUASOPEEK,luchov,meyern,dgt",
BLAST Open Fall 2026,BLAST/Open/2026/Fall,paiN Gaming,"biguzera,snow,piriajr,v$m,saffee",{{Notes |{{Notes|August 11th - '''[[BetBoom Team]]''' withdraw from the event due to visa issues; they are replaced by '''[[paiN Gaming]]'''. }} }}
BLAST Open Fall 2026,BLAST/Open/2026/Fall,IC Esports,"onic,Dawy,zeRRoFIX,cptkurtka023,headtr1ck",
BLAST Open Fall 2026,BLAST/Open/2026/Fall,DENDELE CS,"gafolo,rdnzao,doc,koala,maxxkor",{{Notes |{{Notes|July 20th - '''[[Sharks Esports]]''' rebrand to '''[[DENDELE CS]]'''. }} }}
BLAST Open Fall 2026,BLAST/Open/2026/Fall,Lynn Vision Gaming,"westmelon,z4kr,EmiliaQAQ,Starry,C4LLM3SU3",
BLAST Open Fall 2026,BLAST/Open/2026/Fall,BetBoom Team,"s1ren,zorte,Magnojez,Boombl4,d1Ledez",{{Notes |{{Notes|August 11th - '''[[BetBoom Team]]''' withdraw from the event due to visa issues; they are replaced by '''[[paiN Gaming]]'''. }} }}
BLAST Open Fall 2026,BLAST/Open/2026/Fall,M80,"Swisher,slaxz-,s1n,Lake,JBa",
BLAST Open Fall 2026,BLAST/Open/2026/Fall,Team Voca,"snav,nosraC,junior,team=skinrave esports,kmrn",{{Notes |{{Notes|July 9th - {{player|Jeorge|flag=us}} is acquired by '''[[NRG]]'''. }} }}
BLAST Open Fall 2026,BLAST/Open/2026/Fall,Marsborne,"Grizz,ogwizard,freshie,flag=us,nicx",{{Notes |{{Notes|July 8th - '''[[Marsborne]]''' bench {{player|marekiew|flag=us}} and acquire {{player|nicx|flag=us}} from '''[[Passion UA]]'''. }} }}
BLAST Open Fall 2026,BLAST/Open/2026/Fall,Life's A Game,"Sandman,djay,kmrn,Bwills,SLIGHT",
BLAST Open Fall 2026,BLAST/Open/2026/Fall,regain,"Zucar,dvrk,sasha,grape,flag=ua",{{Notes |{{Notes|July 8th - '''[[regain]]''' claim a spot in the '''Closed Qualifier''' after '''[[Marsborne]]''' are invited to the event. }} }}
BLAST Open Fall 2026,BLAST/Open/2026/Fall,Overtake Sector,"flag=us,flag=us,flag=us,flag=br,flag=us",
BLAST Open Fall 2026,BLAST/Open/2026/Fall,WINNERS (American team),"Cooper,Pol0,team=playing for fun,jasonR,freakazoid",{{Notes |{{Notes|July 8th - '''[[WINNERS (American team)|WINNERS]]''' claim a spot in the '''Closed Qualifier''' after '''[[Life's A Game]]''' are invited to the event. }} }}
BLAST Open Fall 2026,BLAST/Open/2026/Fall,NuTorious,"flag=us,flag=us,flag=us,flag=us,Maze <!--Real Maze, I checked-->",
1win Private Club #2,1win Private Club/2,BIG,"tabseN,JDC,gr1ks,blameF,faveN",
1win Private Club #2,1win Private Club/2,Team Liquid,"NAF,EliGE,malbsMd,Jorko,JT",
1win Private Club #2,1win Private Club/2,PARIVISION,"Jame,xiELO,zweih,FL1T,HObbit",
1win Private Club #2,1win Private Club/2,The MongolZ,"bLitz,Techno4K,910,cobrazera,nin9",{{Notes |{{Notes|October 5th - '''[[The MongolZ]]''' acquire {{player|nin9|flag=mn}} from the '''[[The Huns Esports]]''' and reinstate {{player|cobrazera|flag=mn}} to the active roster. }} }}
1win Private Club #2,1win Private Club/2,Alliance,"avid,twist,upE,eraa,bobeksde",
1win Private Club #2,1win Private Club/2,magic,"MaSvAl,tenzy,sFade8,AW,mo0N",
1win Private Club/2,1win Private Club/2,HOTU,",,,,",
1win Private Club/2,1win Private Club/2,GamerLegion,",,,,",
1win Private Club/2,1win Private Club/2,Betclic Apogee Esports,",,,,",
1win Private Club/2,1win Private Club/2,Fnatic,",,,,",
1win Private Club/2,1win Private Club/2,K27,",,,,",
1win Private Club/2,1win Private Club/2,Nuclear TigeRES,",,,,",
1win Private Club/2,1win Private Club/2,Team Nemesis,",,,,",{{Notes |{{Notes|October 5th - '''[[Team Nemesis]]''' sign {{player|brain|flag=ru}} as their new coach. }} }}
1win Private Club/2,1win Private Club/2,Acend,",,,,",
1win Private Club/2,1win Private Club/2,Sashi Esport,",,,,",{{Notes |{{Notes|October 5th - '''[[Sashi Esport]]''' bench {{player|Cabbi|flag=dk}} and {{player|MistR|flag=dk}} while signing {{player|TjP|flag=au}} and {{player|Hatz|flag=au}} as their replacements. }} }}
1win Private Club/2,1win Private Club/2,SINNERS Esports,",,,,",
1win Private Club/2,1win Private Club/2,Color,",,,,",{{Notes |{{Notes|October 4th - {{player|Qikert|flag=kz}} steps down from '''[[Color]]'''. }} }}
1win Private Club/2,1win Private Club/2,Metizport,",,,,",
1win Private Club/2,1win Private Club/2,Phantom Esports,",,,,",
1win Private Club/2,1win Private Club/2,PRIVATE,",,,,",
1win Private Club/2,1win Private Club/2,KDA Team,"flag=ru,flag=ru,flag=ru,flag=ru,flag=ru",
1win Private Club/2,1win Private Club/2,SPARX.ru,"flag=ru,flag=ru,flag=ru,flag=ru,flag=ru",
1win Private Club/2,1win Private Club/2,ASTRAL Esports,"flag=lv,flag=ee,RaY5ive,gxx-,swiz",
1win Private Club/2,1win Private Club/2,VP.Future,"flag=ru,flag=by,flag=ru,flag=ru,TriBorgg1",
1win Private Club/2,1win Private Club/2,33,"executor,z1Nny,bluewh1te,Raijin,synyx",
1win Private Club/2,1win Private Club/2,ARGOS,"PsychoDoctor,facecrack,team=bebop,shg,team=endless journey",
1win Private Club/2,1win Private Club/2,Borealis,"flag=ru,flag=by,flag=ru,flag=ru,flag=ru",
1win Private Club/2,1win Private Club/2,Aurora Young Blud,"flag=ru,Re1GN,Sa1nTy,fluffy,flag=ru",
1win Private Club/2,1win Private Club/2,Just Players,"sstiNiX,sm3t,h1te,flag=ru,flag=ru",
1win Private Club/2,1win Private Club/2,SLIM-JIM,"flag=ru,flag=ru,flag=ru,flag=ru,flag=ru",
1win Private Club/2,1win Private Club/2,Teletubisie,"mASKED,Dycha,Sobol,byali,hades",
1win Private Club/2,1win Private Club/2,Vael,"flag=mk,flag=mk,flag=pl,flag=fr,flag=pt",
1win Private Club/2,1win Private Club/2,Chaos Enforcers,"flag=tr,flag=tr,flag=tr,flag=tr,swerzieN",
1win Private Club/2,1win Private Club/2,WOPA Esport,"Zanto,kwezz,sL1m3,Queenix,Altekz",
1win Private Club/2,1win Private Club/2,Rune Eaters Esports,"forkyz,her1tage,noni,demente,dukefissura",
1win Private Club/2,1win Private Club/2,BAKS Esports,"xdENiSZERA,turbo,whisper,danistzz,Norwi",
Stake Ranked Episode 4,Stake Ranked/Episode 4,FaZe Clan,"frozen,jcobbb,Twistzz,JBOEN,Neityu",
Stake Ranked Episode 4,Stake Ranked/Episode 4,Alliance,"avid,twist,upE,eraa,bobeksde",
Stake Ranked Episode 4,Stake Ranked/Episode 4,Astralis,"Staehr,jabbi,HooXi,phzy,link=ryu (Lithuanian player)",
Stake Ranked Episode 4,Stake Ranked/Episode 4,B8,"npl,esenthial,alex666,kensizor,s1zzi",
Stake Ranked Episode 4,Stake Ranked/Episode 4,BIG,"tabseN,JDC,gr1ks,blameF,faveN",
Stake Ranked Episode 4,Stake Ranked/Episode 4,Luminosity Gaming,"afro,AZUWU,Rainwaker,lux,yxngstxr",
Stake Ranked Episode 4,Stake Ranked/Episode 4,Fnatic,"fear,jambo,jackasmo,cairne,mazay",
Stake Ranked Episode 4,Stake Ranked/Episode 4,Nemiga Gaming,"khaN,SYPH0,KaiR0N-,robo,Xant3r",
1win Private Club #1,1win Private Club/1,Alliance,"avid,twist,upE,eraa,bobeksde",
1win Private Club #1,1win Private Club/1,GamerLegion,"Tauson,REZ,hypex,Snax,FL4MUS",
1win Private Club #1,1win Private Club/1,magic,"MaSvAl,tenzy,sFade8,AW,mo0N",
1win Private Club #1,1win Private Club/1,Ninjas in Pyjamas,"sjuush,xKacpersky,stavn,Krimbo,adamb",{{Notes |{{Notes|August 31st - '''[[Ninjas in Pyjamas]]''' bench {{player|Snappi|flag=dk}}. }} |{{Notes|September 2nd - '''[[Ninjas in Pyjamas]]''' acquire {{player|Krimbo|flag=de}} on loan from '''[[BIG]]''' until the end of the year. }} |{{Notes|September 14th - '''[[Ninjas in Pyjamas]]''' bench {{player|n0te|flag=be}} and acquire {{player|adamb|flag=se}} from '''[[OG]]''' as his replacement. }} }}
1win Private Club #1,1win Private Club/1,3DMAX,"link=Lucky (French player),Maka,Graviti,misutaaa,Kursy",
1win Private Club #1,1win Private Club/1,EYEBALLERS,"JW,dex,Ro1f,maxster,KRIMZ",
1win Private Club #1,1win Private Club/1,SINNERS Esports,"beastik,SHOCK,kisserek,stressarN,MoDo",
1win Private Club #1,1win Private Club/1,K27,"kashl1d,xeedo,qw1nk1,X5G7V,clax",
Logitech G Play Connect 2026,Logitech G Play Connect/2026,B8,"npl,esenthial,alex666,kensizor,s1zzi",
Logitech G Play Connect 2026,Logitech G Play Connect/2026,GamerLegion,"Tauson,hypex,Snax,FL4MUS,team=ence",{{Notes |{{Notes|September 17th - {{player|kRaSnaL|flag=pl}} stands in for {{player|REZ|flag=se}} who misses the event due to food poisoning. }} }}
Logitech G Play Connect 2026,Logitech G Play Connect/2026,Luminosity Gaming,"afro,AZUWU,Rainwaker,lux,yxngstxr","{{Notes |{{Notes|August 24th - '''[[Luminosity Gaming]]''' bench {{player|Bymas|flag=lt}}. }} |{{Notes|August 25th - '''[[Luminosity Gaming]]''' acquire {{player|kakafu|flag=at}} and {{player|yxngstxr|flag=se}} from '''[[Monte]]''' and '''[[HEROIC]]''', respectively, the former as their new coach. }} }}"
Logitech G Play Connect 2026,Logitech G Play Connect/2026,IC Esports,"onic,Dawy,zeRRoFIX,cptkurtka023,headtr1ck",
Logitech G Play Connect 2026,Logitech G Play Connect/2026,Ninjas in Pyjamas,"sjuush,xKacpersky,stavn,Krimbo,adamb",{{Notes |{{Notes|August 31st - '''[[Ninjas in Pyjamas]]''' bench {{player|Snappi|flag=dk}}. }} |{{Notes|September 2nd - '''[[Ninjas in Pyjamas]]''' acquire {{player|Krimbo|flag=de}} on loan from '''[[BIG]]''' until the end of the year. }} |{{Notes|September 14th - '''[[Ninjas in Pyjamas]]''' bench {{player|n0te|flag=be}} and acquire {{player|adamb|flag=se}} from '''[[OG]]''' as his replacement. }} }}
Logitech G Play Connect 2026,Logitech G Play Connect/2026,3DMAX,"link=Lucky (French player),Maka,Graviti,misutaaa,Kursy",
Logitech G Play Connect 2026,Logitech G Play Connect/2026,Team Liquid,"NAF,EliGE,Jorko,JT,VLDN",{{Notes |{{Notes|September 16th - {{player|VLDN|flag=rs}} stands in for {{player|malbsMd|flag=gt}} who misses the event due to personal reasons. }} |{{Notes|September 17th - {{player|DeMars DeRover|flag=ca}} stands in for {{player|flashie|flag=hu}} who misses the event due to his sister's wedding. }} }}
Logitech G Play Connect 2026,Logitech G Play Connect/2026,EYEBALLERS,"JW,dex,Ro1f,maxster,KRIMZ",
Logitech G Play Connect 2026,Logitech G Play Connect/2026,M80,"Swisher,slaxz-,s1n,Lake,JBa",
Logitech G Play Connect 2026,Logitech G Play Connect/2026,BBL Esports,"Leakz,salazar,NickyB,IceBerg,Boye",{{Notes |{{Notes|August 30th - '''[[Echo]]''' are signed by '''[[BBL Esports]]'''. }} |{{Notes|September 9th - '''[[BBL Esports]]''' acquire {{player|wezx|flag=dk}} from '''[[Esport Academy Copenhagen]]''' as the team's coach. }} }}
Logitech G Play Connect 2026,Logitech G Play Connect/2026,Iberian Soul,"mopoz,dav1g,sausol,link=alex (Spanish player),CRUC1AL",
Logitech G Play Connect 2026,Logitech G Play Connect/2026,INFINITE,"kreaz,Dytor,sl3nd,Blytz,volt",
Logitech G Play Connect 2026,Logitech G Play Connect/2026,SINNERS Esports,"beastik,SHOCK,kisserek,stressarN,MoDo",
Logitech G Play Connect 2026,Logitech G Play Connect/2026,Walczaki,"bajmi,SaMey,olimp,reiko,sNx",{{Notes |{{Notes|September 2nd - '''[[Walczaki]]''' part ways with {{player|moonwalk|flag=pl}} and add {{player|sNx|flag=pl}}. }} }}
Logitech G Play Connect 2026,Logitech G Play Connect/2026,Sashi Esport,"Cabbi,Zyphon,MistR,acoR,Anlelele",
Logitech G Play Connect 2026,Logitech G Play Connect/2026,OMEGA,"dan4o,Botpa1,adai,Aldikon,def1zer",
Logitech G Play Connect 2026,Logitech G Play Connect/2026,Phantom Esports,"Kylar,KEi,TMB,nicoodoz,cej0t",
Logitech G Play Connect 2026,Logitech G Play Connect/2026,NOVAQ,"Pump,tasman,neaLaN,link=AdreN (Kazakh player),link=nyx (Kazakh player)",
Logitech G Play Connect 2026,Logitech G Play Connect/2026,LargadosyPelados,"happ,zmb,Leomonster,link=divine (Brazilian player),Alisson",
Logitech G Play Connect 2026,Logitech G Play Connect/2026,WOPA,"Zanto,Patti,kwezz,sL1m3,Queenix",
Logitech G Play Connect 2026,Logitech G Play Connect/2026,BASEMENT BOYS,"Tr0ublE,OWNER,maggent,kr1vda,kAlash",
Logitech G Play Connect 2026,Logitech G Play Connect/2026,Metizport,"Plopski,MaiL09,forsyy,stanislaw,F1KU",
Logitech G Play Connect 2026,Logitech G Play Connect/2026,BRUTE,"hfah,nbqq,aidKiT,ZEDKO,tAk",{{Notes |{{Notes|August 27th - '''[[BRUTE]]''' bench {{player|majky|flag=cz}}. }} |{{Notes|August 28th - '''[[BRUTE]]''' acquire {{player|tAk|flag=lt}} on loan from '''[[G2 Ares]]'''. }} }}
Logitech G Play Connect 2026,Logitech G Play Connect/2026,Esport Academy Copenhagen,"bekker,n1Xen,sSen,anber,Fessor",
Logitech G Play Connect 2026,Logitech G Play Connect/2026,Rune Eaters Esports,"forkyz,her1tage,noni,demente,dukefissura",{{Notes |{{Notes|August 22nd - '''[[Rune Eaters Esports]]''' acquire {{player|dukefissura|flag=kz}} from '''[[HOTU]]'''. }} |{{Notes|August 23rd - '''[[Rune Eaters Esports]]''' bench {{Player|kumao|flag=kz}}. }} }}
Logitech G Play Connect 2026,Logitech G Play Connect/2026,OG,"spooke,adamb,cadiaN,bodyy,pr1metapz,status=sub",{{Notes |{{Notes|September 2nd - {{player|JACKZ|flag=fr}} will stand in for {{player|adamb|flag=se}} during the playoffs who misses the playoffs due to personal reasons. }} }}
Logitech G Play Connect 2026,Logitech G Play Connect/2026,Eternal Fire,"jottAAA,regali,MisteM,Kvem,soulfly",{{Notes |{{Notes|August 23rd - '''[[Eternal Fire]]''' bench {{player|br0|flag=dk}} and acquire {{player|jottAAA|flag=tr}} and {{player|soulfly|flag=tr}} from '''[[Aurora Gaming]]'''. }} }}
Logitech G Play Connect 2026,Logitech G Play Connect/2026,9INE,"raalz,kraghen,Flayy,rim3,b1elany",
Logitech G Play Connect 2026,Logitech G Play Connect/2026,QUAZAR,"gehji,flag=ru,flag=ru,flag=ru,Porya",
Logitech G Play Connect 2026,Logitech G Play Connect/2026,ASTRAL Esports,"flag=lv,flag=ee,RaY5ive,gxx-,swiz",
Logitech G Play Connect 2026,Logitech G Play Connect/2026,WRAITH PCIFIC,"jresy,lugseN,eNs,scolleN,flag=tr",
Logitech G Play Connect 2026,Logitech G Play Connect/2026,lavked,"sol,1NVISIBLEE,xm1nd,azukay,k4nfuz",
Logitech G Play Connect 2026,Logitech G Play Connect/2026,raccoons,"team=3dmax,hades,team=lg,nexa,team=ence",
Logitech G Play Connect 2026,Logitech G Play Connect/2026,G2 Ares,"hitori,Junyme,yksjupe,SHiNE,team=rebels gaming",{{Notes |{{Notes|August 28th - '''[[G2 Ares]]''' loan {{player|tAk|flag=lt}} to '''[[BRUTE]]'''. }} }}
CCT/2026/Europe/Series 12,CCT/2026/Europe/Series 12,Misa Esports,"Zuedsta,flag=tr,EMSTAR,flag=tr,cyber",
CCT/2026/Europe/Series 12,CCT/2026/Europe/Series 12,Bushido Wildcats,"darendeli,Vej,cadnyx,cacan,Muk0s",{{Notes |{{Notes|September 23rd - '''[[Bushido Wildcats]]''' sign {{player|yT|flag=tr}} as the team's coach. }} }}
NODWIN Gaming/Clutch Series/13,NODWIN Gaming/Clutch Series/13,Gothic,"shg,Ryujin,Get_Jeka,flag=no,flag=ru",
NODWIN Gaming/Clutch Series/13,NODWIN Gaming/Clutch Series/13,Just Players,"sstiNiX,sm3t,h1te,flag=ru,flag=ru",
NODWIN Gaming/Clutch Series/13,NODWIN Gaming/Clutch Series/13,lavked,"sol,1NVISIBLEE,xm1nd,azukay,k4nfuz",
NODWIN Gaming/Clutch Series/13,NODWIN Gaming/Clutch Series/13,Azuolas,"maty,yakuza,MAGILA,flag=lt,flag=lt",
NODWIN Gaming/Clutch Series/13,NODWIN Gaming/Clutch Series/13,Enjoy,"link=nbl (Russian player),flag=ru,flag=ru,reyoz,flag=ru",
NODWIN Gaming/Clutch Series/13,NODWIN Gaming/Clutch Series/13,mellren,"flag=ru,flag=ru,mdl,menddel,lollipop21k",
NODWIN Gaming/Clutch Series/13,NODWIN Gaming/Clutch Series/13,Lilmix,"Wonder,p1ke,flag=se,flag=se,flag=se",
NODWIN Gaming/Clutch Series/13,NODWIN Gaming/Clutch Series/13,Morrow Esports,"flag=by,flag=ru,flag=ru,flag=ru,flag=ru",
NODWIN Gaming/Clutch Series/13,NODWIN Gaming/Clutch Series/13,Noir Verse,"flag=ua,flag=ua,flag=lt,flag=ua,flag=ua",
NODWIN Gaming/Clutch Series/13,NODWIN Gaming/Clutch Series/13,Fire Flux Esports,"Cizzx,link=Quality (Turkish player),xEternaLxx,zemix,zer0UKY",
NODWIN Gaming/Clutch Series/13,NODWIN Gaming/Clutch Series/13,LPH Gaming,"flag=sk,flag=cz,N1KOLAJ,flag=cz,KAD1M",
NODWIN Gaming/Clutch Series/13,NODWIN Gaming/Clutch Series/13,6666 Esports,"flag=ua,rendysky,amster,kL1o,flag=ua",
NODWIN Gaming/Clutch Series/13,NODWIN Gaming/Clutch Series/13,Misa Esports,"Zuedsta,EMSTAR,flag=tr,cyber,S3NSEY",
NODWIN Gaming/Clutch Series/13,NODWIN Gaming/Clutch Series/13,Fortress Esport,"flag=dk,flag=dk,flag=dk,flag=dk,flag=dk",
NODWIN Gaming/Clutch Series/13,NODWIN Gaming/Clutch Series/13,MOUZ NXT,"ay0k,Nikodeon,flag=fr,flag=cn,flag=lv",
NODWIN Gaming/Clutch Series/13,NODWIN Gaming/Clutch Series/13,MAYBE.ua,"zogeN,flag=ua,flag=ua,flag=ua,flag=ua",
Stake Pulse Beat III,Stake Pulse/Beat III,100 Thieves,"rain,poiii,sirah,dev1ce,Gizmy",
Stake Pulse Beat III,Stake Pulse/Beat III,Astralis,"Staehr,jabbi,HooXi,phzy,link=ryu (Lithuanian player)",
Stake Pulse Beat III,Stake Pulse/Beat III,Betclic Apogee Esports,"Prism,Demho,Qlocuu,Ex1st,ultimate",
Stake Pulse Beat III,Stake Pulse/Beat III,ENVY,"link=Lucky (French player),Maka,Graviti,misutaaa,Kursy",{{Notes |{{Notes|September 29th - '''[[3DMAX]]''' are acquired by '''[[ENVY]]'''. }} }}
Stake Pulse Beat III,Stake Pulse/Beat III,Fnatic,"fear,jambo,jackasmo,cairne,mazay",
Stake Pulse Beat III,Stake Pulse/Beat III,HEROIC,"nilo,Chr1zN,susp,Martinez,Brollan",{{Notes |{{Notes|October 1st - '''[[HEROIC]]''' bench {{player|doto|flag=fi}} and acquire {{player|Snappi|flag=dk}} from '''[[Ninjas in Pyjamas]]''' as his replacement. }} }}
Stake Pulse Beat III,Stake Pulse/Beat III,HOTU,"link=mizu (Russian player),kade0,frontales,n0rb3r7,dwushka",
Stake Pulse Beat III,Stake Pulse/Beat III,IC Esports,"onic,Dawy,zeRRoFIX,cptkurtka023,headtr1ck",
Stake Pulse Beat III,Stake Pulse/Beat III,JiJieHao,"m1N1,bibu,0SAMAS,sinnopsyy,CacaNito",
Stake Pulse Beat III,Stake Pulse/Beat III,MIBR,"insani,LNZ,venomzera,nqz,tomaszin",
Stake Pulse Beat III,Stake Pulse/Beat III,Ninjas in Pyjamas,"sjuush,xKacpersky,stavn,Krimbo,adamb",
Stake Pulse Beat III,Stake Pulse/Beat III,Sashi,"Zyphon,acoR,Anlelele,Hatz,TjP",{{Notes |{{Notes|October 5th - '''[[Sashi Esport]]''' bench {{player|MistR|flag=dk}} and {{player|Cabbi|flag=dk}} and sign {{player|Hatz|flag=au}} and {{player|TjP|flag=au}}. }} }}
Stake Pulse Beat III,Stake Pulse/Beat III,Team Liquid,"NAF,EliGE,malbsMd,Jorko,JT",
Stake Pulse Beat III,Stake Pulse/Beat III,Alliance,"avid,twist,upE,eraa,bobeksde",
Stake Pulse Beat III,Stake Pulse/Beat III,B8,"npl,esenthial,alex666,kensizor,s1zzi",
Stake Pulse/Beat III,Stake Pulse/Beat III,x-city,"flag=ru,flag=ru,flag=ru,flag=ru,flag=ru",
Stake Pulse/Beat III,Stake Pulse/Beat III,WOPA Esport,"Zanto,Patti,kwezz,sL1m3,Queenix",
Stake Pulse/Beat III,Stake Pulse/Beat III,MOUZ NXT,"ay0k,Nikodeon,flag=fr,flag=cn,flag=lv",
Stake Pulse/Beat III,Stake Pulse/Beat III,Four Magic,"flag=de,flag=bg,flag=lt,flag=lt,flag=ro",
Stake Pulse/Beat III,Stake Pulse/Beat III,ex-RUSTEC,"Brilliance,jakekeS,youka,shalfey,yiksrezo",
Stake Pulse/Beat III,Stake Pulse/Beat III,HELLBOYS,"mini,flag=tr,flag=tr,flag=tr,flag=tr",
Stake Pulse/Beat III,Stake Pulse/Beat III,BBL Esports,"Leakz,salazar,NickyB,IceBerg,Boye",
Stake Pulse/Beat III,Stake Pulse/Beat III,Sangal Esports,"flag=tr,Joey,puuha,adamS,bnox",
Stake Pulse/Beat III,Stake Pulse/Beat III,Nexus Gaming,"s0und,fNk,Nexius,shield,flag=ro",
Stake Pulse/Beat III,Stake Pulse/Beat III,NPG,"k1to,Maze,Marix,Myltsi,flag=pl",
Stake Pulse/Beat III,Stake Pulse/Beat III,BC.Game Esports,"s1mple,electroNic,Senzu,Magisk,mzinho",
Stake Pulse/Beat III,Stake Pulse/Beat III,ARGOS,"PsychoDoctor,facecrack,team=bebop,shg,team=endless journey",
Stake Pulse/Beat III,Stake Pulse/Beat III,BRUTE,"hfah,nbqq,aidKiT,ZEDKO,tAk",
Stake Pulse/Beat III,Stake Pulse/Beat III,Insiders Esport,"flag=ro,flag=ro,flag=ro,flag=ro,flag=ro",
Stake Pulse/Beat III,Stake Pulse/Beat III,SINNERS Esports,"beastik,SHOCK,kisserek,stressarN,MoDo",
Stake Pulse/Beat III,Stake Pulse/Beat III,Teletubisie,"mASKED,Dycha,Sobol,byali,Markoś",
Stake Pulse/Beat III,Stake Pulse/Beat III,Phantom,"Kylar,KEi,TMB,nicoodoz,team=phantom academy",
Stake Pulse/Beat III,Stake Pulse/Beat III,Johnny Speeds,"link=draken (William Sundin),hampus,Rack,bsover,Svedjehed",
Stake Pulse/Beat III,Stake Pulse/Beat III,DINERO,"flag=ua,flag=ua,flag=ua,flag=ua,neiter",
Stake Pulse/Beat III,Stake Pulse/Beat III,Noir Verse,"flag=ua,flag=ua,flag=lt,flag=ua,flag=ua",
Stake Pulse/Beat III,Stake Pulse/Beat III,KLG.ua,"flag=ua,flag=ua,t3ns1on,flag=ua,flag=ua",
Stake Pulse/Beat III,Stake Pulse/Beat III,EAC,"bekker,n1Xen,sSen,anber,Fessor",
Stake Pulse/Beat III,Stake Pulse/Beat III,Sashi Esport,"Cabbi,Zyphon,MistR,acoR,Anlelele",
Stake Pulse/Beat III,Stake Pulse/Beat III,Entropy,"flag=se,dottie,flaw,Sapec,flag=se",
Stake Pulse/Beat III,Stake Pulse/Beat III,9INE,"raalz,kraghen,Flayy,rim3,b1elany",
Stake Pulse/Beat III,Stake Pulse/Beat III,Spirit White,"flag=ua,flag=ru,flag=ru,flag=ru,tokuzo",
ESL Challenger League Season 52: South America - Cup #3,ESL/Challenger League/Season 52/South America/Cup 3,Galorys,"tomate,gbb,PKL,detr0ittJ,destiny",
ESL Challenger League Season 52: South America - Cup #3,ESL/Challenger League/Season 52/South America/Cup 3,LargadosyPelados,"happ,zmb,link=divine (Brazilian player),Alisson,",
ESL Challenger League Season 52: South America - Cup #3,ESL/Challenger League/Season 52/South America/Cup 3,Bounty Hunters Esports,"KAISER,link=zock (Uruguayan player),ponter,pepe,urban0",
ESL Challenger League Season 52: South America - Cup #3,ESL/Challenger League/Season 52/South America/Cup 3,ex-Keyd Stars,"lash,xureba,zede,ckzao,drg",
ESL Challenger League Season 52: South America - Cup #3,ESL/Challenger League/Season 52/South America/Cup 3,Isurus,"deco,atarax1a,Hezz,dott1,rzk",
ESL Challenger League Season 52: South America - Cup #3,ESL/Challenger League/Season 52/South America/Cup 3,Alka Esports,"puni,proSHOW,vinaabEAST,cerolzin,bnc",
ESL Challenger League Season 52: South America - Cup #3,ESL/Challenger League/Season 52/South America/Cup 3,Turma do Pagode,"naitte,WOOD7,ksloks,Tuurtle,matios",
ESL Challenger League Season 52: South America - Cup #3,ESL/Challenger League/Season 52/South America/Cup 3,Yawara E-Sports,"j0w,tele,deemO,brn$,",
ESL Challenger League Season 52: South America - Cup #3,ESL/Challenger League/Season 52/South America/Cup 3,Low Cortisol,"stormzyn,flag=br,flag=br,flag=br,flag=br",
ESL Challenger League Season 52: South America - Cup #3,ESL/Challenger League/Season 52/South America/Cup 3,BORRACHEIROS,"flag=br,flag=br,flag=br,flag=br,flag=br",
ESL Challenger League Season 52: South America - Cup #3,ESL/Challenger League/Season 52/South America/Cup 3,BESTIA Academy,"flag=br,flag=ar,flag=br,flag=ar,flag=br",
ESL Challenger League Season 52: South America - Cup #3,ESL/Challenger League/Season 52/South America/Cup 3,MEIA NOITE,"link=abr (Brazilian player),nyezin,bsd,CutzMeretz,flag=br",
ESL Challenger League Season 52: South America - Cup #3,ESL/Challenger League/Season 52/South America/Cup 3,QUINTESSÊNCIA,"flag=br,flag=br,flag=br,edv,flag=br",
ESL Challenger League Season 52: South America - Cup #3,ESL/Challenger League/Season 52/South America/Cup 3,Procyon Team,"pavv+,lenci,nex7,MaxOff,laser",
ESL Challenger League Season 52: South America - Cup #3,ESL/Challenger League/Season 52/South America/Cup 3,Metanoia Wolves,"flag=br,flag=br,flag=br,flag=br,flag=br",
ESL Challenger League Season 52: South America - Cup #3,ESL/Challenger League/Season 52/South America/Cup 3,Grêmio Esports,"flag=br,flag=br,flag=br,flag=br,souz4h",
ESL Challenger League Season 52: North America - Cup #3,ESL/Challenger League/Season 52/North America/Cup 3,Chicken Coop Esports,"Crisp,jared,link=Drop (Canadian player),Wolffe,flag=dk",
ESL Challenger League Season 52: North America - Cup #3,ESL/Challenger League/Season 52/North America/Cup 3,Desi Boyz,"Momo,Pluto,mason,flag=pk,flag=pk",
ESL Challenger League Season 52: North America - Cup #3,ESL/Challenger League/Season 52/North America/Cup 3,regain,"Zucar,sasha,grape,fuzenko,z0mb1e",
ESL Challenger League Season 52: North America - Cup #3,ESL/Challenger League/Season 52/North America/Cup 3,Overtake Sector,"intra,LEARSI,jason,flag=us,flag=us",
ESL Challenger League Season 52: North America - Cup #3,ESL/Challenger League/Season 52/North America/Cup 3,Villainous,"flag=ca,flag=us,flag=ca,flag=us,flag=us",
ESL Challenger League Season 52: North America - Cup #3,ESL/Challenger League/Season 52/North America/Cup 3,Iowa Stormboar,"TyRa,Scorchyy,aelor,flag=us,H0NeST",
ESL Challenger League Season 52: North America - Cup #3,ESL/Challenger League/Season 52/North America/Cup 3,Zomblers,"CoolComs,CAJUN,Pose1doNN,flag=us,team=sportsbetexpert",
ESL Challenger League Season 52: North America - Cup #3,ESL/Challenger League/Season 52/North America/Cup 3,DETONATE,"tatm,flag=us,flag=us,CrePoW,Feral",
ESL Challenger League Season 52: North America - Cup #3,ESL/Challenger League/Season 52/North America/Cup 3,EMPIRE (American team),"flag=lb,flag=ca,Walco,kmrn,team=iowa stormboar",
ESL Challenger League Season 52: North America - Cup #3,ESL/Challenger League/Season 52/North America/Cup 3,Club 333,"Marro,SecretAgent,kobruh,flag=mx,flag=mx",
ESL Challenger League Season 52: North America - Cup #3,ESL/Challenger League/Season 52/North America/Cup 3,Wanted Goons,"flag=us,flag=us,flag=us,flag=us,flag=us",{{Notes |{{Notes|October 4th - '''[[Wanted Goons]]''' sign {{player|LUKE4k|flag=us}}. }} }}
ESL Challenger League Season 52: North America - Cup #3,ESL/Challenger League/Season 52/North America/Cup 3,FarmVille,"BeaKie,flag=us,calamity,flag=kz,N2o",
ESL Challenger League Season 52: North America - Cup #3,ESL/Challenger League/Season 52/North America/Cup 3,ex-Reign Above,"Nifty,flag=us,flag=us,flag=us,flag=us",
ESL Challenger League Season 52: North America - Cup #3,ESL/Challenger League/Season 52/North America/Cup 3,Day Traders,"flag=us,flag=us,flag=us,flag=ua,flag=us",
ESL Challenger League Season 52: North America - Cup #3,ESL/Challenger League/Season 52/North America/Cup 3,OverKnight,"flag=mx,4TAYLOR,cruzN,flag=ve,flag=gt",
CCT Europe 2026 Series #10,CCT/2026/Europe/Series 10,Acend,"SPELLAN,Skrimo,h4rn,REDSTAR,SHiPZ",
CCT Europe 2026 Series #10,CCT/2026/Europe/Series 10,Iberian Soul,"mopoz,dav1g,sausol,link=alex (Spanish player),Ag1l",
CCT Europe 2026 Series #10,CCT/2026/Europe/Series 10,Nemiga Gaming,"khaN,SYPH0,KaiR0N-,robo,Xant3r",
CCT Europe 2026 Series #10,CCT/2026/Europe/Series 10,SINNERS Esports,"beastik,SHOCK,kisserek,stressarN,MoDo",
CCT Europe 2026 Series #10,CCT/2026/Europe/Series 10,Walczaki,"bajmi,olimp,reiko,sNx,",
CCT Europe 2026 Series #10,CCT/2026/Europe/Series 10,Gothic,"shg,team=arcred,team=arcred,flag=no,flag=ru",
CCT Europe 2026 Series #10,CCT/2026/Europe/Series 10,OMEGA,"dan4o,Botpa1,adai,Aldikon,def1zer",
CCT Europe 2026 Series #10,CCT/2026/Europe/Series 10,CYBERSHOKE Esports,"alpha,Mokuj1n,Alkaren,nota,yiksrezo",{{Notes |{{Notes|September 28th - '''[[CYBERSHOKE Esports]]''' acquire {{player|yiksrezo|flag=ru}} from '''[[Team Nemesis]]'''. }} }}
CCT Europe 2026 Series #10,CCT/2026/Europe/Series 10,Butterfly,"k1ssly,ayano,Kurama,nitzie,Forester",
CCT Europe 2026 Series #10,CCT/2026/Europe/Series 10,Esport Academy Copenhagen,"bekker,n1Xen,sSen,anber,Fessor",
CCT Europe 2026 Series #10,CCT/2026/Europe/Series 10,Leo Team,"leen,next1me,aimy,Tarkky,drac",
CCT Europe 2026 Series #10,CCT/2026/Europe/Series 10,Black Phoenix,"4X1s,link=Salazar (Russian player),karnez,topo-,MRcreed",
CCT Europe 2026 Series #10,CCT/2026/Europe/Series 10,WRAITH PCIFIC,"jresy,lugseN,scolleN,flag=tr,l0gicman",
CCT Europe 2026 Series #10,CCT/2026/Europe/Series 10,MASONIC,"Botman,flag=dk,b0RUP,flag=dk,flag=dk",{{Notes |{{Notes|September 28th - '''[[MASONIC]]''' move {{player|Frøslev|flag=dk}} to a content creator role within the organization and acquire {{player|Bukhavez|flag=dk}} from '''[[AaB esport]]'''. }} }}
CCT Europe 2026 Series #10,CCT/2026/Europe/Series 10,lavked,"sol,1NVISIBLEE,xm1nd,azukay,k4nfuz",
CCT Europe 2026 Series #10,CCT/2026/Europe/Series 10,ex-RUSTEC,"Brilliance,jakekeS,youka,shalfey,team=cybershoke",
CCT Europe 2026 Series #10,CCT/2026/Europe/Series 10,Nexus Gaming,"s0und,fNk,Nexius,shield,flag=ro",
CCT Europe 2026 Series #10,CCT/2026/Europe/Series 10,Azuolas,"maty,yakuza,MAGILA,flag=lt,status=sub",
CCT Europe 2026 Series #10,CCT/2026/Europe/Series 10,ENJOY.ru,"link=nbl (Russian player),flag=ru,flag=ru,reyoz,flag=ru,status=sub",
CCT Europe 2026 Series #10,CCT/2026/Europe/Series 10,Esport BERG,"Rezst,Askan,flag=mk,flag=rs,flag=rs",
CCT Europe 2026 Series #10,CCT/2026/Europe/Series 10,Noir Verse,"flag=ua,flag=ua,flag=lt,flag=ua,flag=ua",
CCT Europe 2026 Series #10,CCT/2026/Europe/Series 10,Phantom Academy,"Ayteel,link=Brain (Polish player),flag=ua,team=apogee,flag=ua,status=sub",
CCT Europe 2026 Series #10,CCT/2026/Europe/Series 10,megoshort,"Twinkey,robiin,zen,jayzaR,siz,status=sub",
CCT Europe 2026 Series #10,CCT/2026/Europe/Series 10,ex-Zero Tenacity,"brutmonster,Cjoffo,Kind0,Dragon,VLDN",
Journey Autumn 2026,Journey/2026/Autumn,100 Thieves,"rain,poiii,sirah,dev1ce,Gizmy",
Journey Autumn 2026,Journey/2026/Autumn,9INE,"raalz,kraghen,Flayy,b1elany,rigoN",
Journey Autumn 2026,Journey/2026/Autumn,Anteiku,"flag=ua,flag=ua,flag=ua,link=impulse (Ukrainian player),flag=dk",
Journey Autumn 2026,Journey/2026/Autumn,BASEMENT BOYS,"Tr0ublE,OWNER,maggent,kr1vda,kAlash",
Journey Autumn 2026,Journey/2026/Autumn,BBL Esports,"Leakz,salazar,NickyB,IceBerg,Boye",
Journey Autumn 2026,Journey/2026/Autumn,BC.Game Esports,"s1mple,Senzu,Magisk,mzinho,asap",
Journey Autumn 2026,Journey/2026/Autumn,EAC Extra,"GA1De,flag=dk,flag=dk,flag=dk,Viggo",
Journey Autumn 2026,Journey/2026/Autumn,Eternal Fire,"jottAAA,regali,MisteM,Kvem,soulfly",
Journey Autumn 2026,Journey/2026/Autumn,FOKUS,"Matheos,Banjo,ztr,podi,jocab",
Journey Autumn 2026,Journey/2026/Autumn,Glitch Agency,"shaiK,smekk,rud,szejn,Brillo",
Journey Autumn 2026,Journey/2026/Autumn,HAVU,"uli,ottob,p3kko,Alxc,flag=fi",
Journey Autumn 2026,Journey/2026/Autumn,JiJieHao,"m1N1,bibu,0SAMAS,sinnopsyy,CacaNito",
Journey Autumn 2026,Journey/2026/Autumn,Johnny Speeds,"link=draken (William Sundin),hampus,Rack,bsover,Svedjehed",
Journey Autumn 2026,Journey/2026/Autumn,Lilmix,"Wonder,p1ke,flag=se,flag=se,flag=se",
Journey Autumn 2026,Journey/2026/Autumn,Matrix.ua,"flag=ua,flag=ua,flag=lt,flag=ua,yab0ku-",
Journey Autumn 2026,Journey/2026/Autumn,Ninjas in Pyjamas,"sjuush,xKacpersky,stavn,Krimbo,adamb",
Journey Autumn 2026,Journey/2026/Autumn,NPG,"k1to,myltsi,Marix,Maze,flag=pl",
Journey Autumn 2026,Journey/2026/Autumn,Prestige.dk,"fejtZ,qx,flag=dk,jelo,oopee",
Journey Autumn 2026,Journey/2026/Autumn,Sangal Esports,"flag=tr,Joey,puuha,adamS,bnox",
Journey Autumn 2026,Journey/2026/Autumn,Sashi Esport,"Cabbi,Zyphon,MistR,acoR,Anlelele",
Journey Autumn 2026,Journey/2026/Autumn,SINNERS Esports,"beastik,SHOCK,kisserek,stressarN,MoDo",
Journey Autumn 2026,Journey/2026/Autumn,SportsBetExpert,"Peeping,Infinite,consti,shane,motm",
Journey Autumn 2026,Journey/2026/Autumn,Team Voca,"snav,nosraC,junior,MarKE,dare",
Journey Autumn 2026,Journey/2026/Autumn,Xept,"flag=se,flag=se,flag=se,flag=se,flag=se",
iBUYPOWER Masters fl0m's Mythical LAN 2026,IBUYPOWER/Masters/2026/Fl0m's Mythical LAN,M80,"Swisher,slaxz-,s1n,Lake,JBa",
iBUYPOWER Masters fl0m's Mythical LAN 2026,IBUYPOWER/Masters/2026/Fl0m's Mythical LAN,Wildcard,"reck,HexT,nEMANHA,Cxzi,fr3nd",{{Notes |{{Notes|September 18th - '''[[Wildcard]]''' bench {{player|mhL|flag=pl}} and acquire {{player|fr3nd|flag=pl}} on loan from '''[[PURE]]''' as his replacement. }} }}
iBUYPOWER Masters fl0m's Mythical LAN 2026,IBUYPOWER/Masters/2026/Fl0m's Mythical LAN,Team Liquid,"NAF,EliGE,malbsMd,Jorko,JT",
iBUYPOWER Masters fl0m's Mythical LAN 2026,IBUYPOWER/Masters/2026/Fl0m's Mythical LAN,NRG,"nitr0,link=Sonic (South African player),Grim,Jeorge,hallzerk",{{Notes |{{Notes|September 25th - {{player|Ry|flag=co}} stands in for {{player|daps|flag=ca}} who misses the event due to illness. }} }}
iBUYPOWER Masters fl0m's Mythical LAN 2026,IBUYPOWER/Masters/2026/Fl0m's Mythical LAN,Team Voca,"snav,nosraC,junior,MarKE,dare",
iBUYPOWER Masters fl0m's Mythical LAN 2026,IBUYPOWER/Masters/2026/Fl0m's Mythical LAN,Chicken Coop,"Crisp,jared,REKMEISTER,link=Drop (Canadian player),WolfY",{{Notes |{{Notes|September 18th - '''[[Chicken Coop Esports]]''' part ways with {{player|mds|link=mds (American player)|flag=us}} by mutual agreement and add {{player|WolfY|flag=us}} as a stand-in for the event. }} }}
iBUYPOWER Masters fl0m's Mythical LAN 2026,IBUYPOWER/Masters/2026/Fl0m's Mythical LAN,DENDELE CS,"gafolo,rdnzao,doc,koala,maxxkor",
iBUYPOWER Masters fl0m's Mythical LAN 2026,IBUYPOWER/Masters/2026/Fl0m's Mythical LAN,BESTIA,"cass1n,timo,buda,drop,kauez",{{Notes |{{Notes|August 17th - '''[[BESTIA]]''' bench {{player|nacho|flag=ar}}. }} |{{Notes|August 25th - '''[[BESTIA]]''' part ways with {{player|tomaszin|flag=ar}}. }} |{{Notes|September 9th - '''[[BESTIA]]''' sign {{player|drop|flag=br}} and acquire {{player|kauez|flag=br}} on loan from '''[[paiN Gaming]]''' until the end of the year. }} }}
CCT Europe 2026 Series #9,CCT/2026/Europe/Series 9,ex-sashi academy,,
Stake Pulse Beat II,Stake Pulse/Beat II,100 Thieves,"rain,poiii,sirah,dev1ce,Gizmy",
Stake Pulse Beat II,Stake Pulse/Beat II,ASTRAL,"flag=lv,flag=ee,RaY5ive,gxx-,swiz",
Stake Pulse Beat II,Stake Pulse/Beat II,Astralis,"Staehr,jabbi,HooXi,phzy,link=ryu (Lithuanian player)",
Stake Pulse Beat II,Stake Pulse/Beat II,Betclic Apogee Esports,"Prism,Demho,Qlocuu,Ex1st,ultimate",
Stake Pulse Beat II,Stake Pulse/Beat II,EAC,"bekker,n1Xen,sSen,anber,Fessor",{{Notes |{{Notes|September 9th - {{player|wezx|flag=dk}} is acquired by '''[[BBL Esports]]'''. }} }}
Stake Pulse Beat II,Stake Pulse/Beat II,Eternal Fire,"jottAAA,regali,MisteM,Kvem,soulfly",{{Notes |{{Notes|September 8th - '''[[Eternal Fire]]''' part ways with {{player|yT|flag=tr}}. }} |{{Notes|September 11th - '''[[Eternal Fire]]''' acquire {{player|Fabre|flag=tr}} from '''[[Aurora Gaming]]''' as the team's coach. }} }}
Stake Pulse Beat II,Stake Pulse/Beat II,Fnatic,"fear,jambo,jackasmo,cairne,mazay",
Stake Pulse Beat II,Stake Pulse/Beat II,HEROIC,"nilo,Chr1zN,susp,Martinez,Brollan",
Stake Pulse Beat II,Stake Pulse/Beat II,JiJieHao,"m1N1,bibu,0SAMAS,sinnopsyy,CacaNito",
Stake Pulse Beat II,Stake Pulse/Beat II,Johnny Speeds,"link=draken (William Sundin),hampus,Rack,bsover,Svedjehed",{{Notes |{{Notes|August 22nd - '''[[Johnny Speeds]]''' sign {{player|Rack|flag=se}} and {{player|bsover|flag=se}}. }} |{{Notes|September 1st - '''[[Johnny Speeds]]''' re-sign {{player|Svedjehed|flag=se}}. }} }}
Stake Pulse Beat II,Stake Pulse/Beat II,Phantom Esports,"Kylar,KEi,TMB,nicoodoz,Kunai",{{Notes |{{Notes|September 21st - '''[[Phantom Esports]]''' part ways with {{player|lunAtic|flag=pl}}. }} }}
Stake Pulse Beat II,Stake Pulse/Beat II,Sangal,"flag=tr,Joey,puuha,adamS,bnox",
Stake Pulse Beat II,Stake Pulse/Beat II,Sashi,"Cabbi,Zyphon,MistR,acoR,Anlelele",
Stake Pulse Beat II,Stake Pulse/Beat II,VP,"tO0RO,b1st,mir,AquaRS,F0R3VER",
Stake Pulse Beat II,Stake Pulse/Beat II,FOKUS,"Matheos,Banjo,ztr,podi,jocab",
Stake Pulse Beat II,Stake Pulse/Beat II,BBL Esports,"Leakz,salazar,NickyB,IceBerg,Boye",{{Notes |{{Notes|August 30th - '''[[Echo]]''' are signed by '''[[BBL Esports]]'''. }} |{{Notes|September 9th - '''[[BBL Esports]]''' acquire {{player|wezx|flag=dk}} from '''[[Esport Academy Copenhagen]]''' as the team's coach. }} }}
Stake Pulse Beat II,Stake Pulse/Beat II,EYEBALLERS,"JW,dex,Ro1f,maxster,KRIMZ",
Stake Pulse Beat II,Stake Pulse/Beat II,INFINITE,"kreaz,Dytor,sl3nd,Blytz,volt",
CCT South America 2026 Series #5,CCT/2026/South America/Series 5,ex-guara,,
CCT South America 2026 Series #5,CCT/2026/South America/Series 5,pugdesonesto,,
CCT South America 2026 Series #5,CCT/2026/South America/Series 5,Galorys,"tomate,gbb,destiny,PKL,detr0ittJ",
CCT South America 2026 Series #5,CCT/2026/South America/Series 5,Imperial Esports,"VINI,noway,chelo,decenty,saadzin",
CCT South America 2026 Series #5,CCT/2026/South America/Series 5,Bounty Hunters Esports,"KAISER,link=zock (Uruguayan player),ponter,pepe,urban0",
CCT South America 2026 Series #5,CCT/2026/South America/Series 5,UNO MILLE,"rem1x,ALLE,drg,flag=br,flag=br",{{Notes |{{Notes|August 24th - {{player|cLd|flag=br}} steps down from '''[[UNO MILLE]]'''.}} }}
CCT South America 2026 Series #5,CCT/2026/South America/Series 5,Keyd Stars,"lash,xureba,zede,ckzao,f4stzin",{{Notes |{{Notes|August 25th - '''[[Keyd Stars]]''' part ways with {{player|Kaos|flag=br}}. }} }}
CCT South America 2026 Series #5,CCT/2026/South America/Series 5,Yawara E-Sports,"j0w,tele,deemO,pancc,brn$",
CCT South America 2026 Series #5,CCT/2026/South America/Series 5,Isurus,"deco,atarax1a,Hezz,dott1,rzk",{{Notes |{{Notes|August 25th - '''[[Isurus]]''' replace {{player|Xamp|flag=br}} with {{player|pino|flag=ar}}. }} }}
CCT South America 2026 Series #5,CCT/2026/South America/Series 5,Metanoia Wolves,"spinnie,flag=br,flag=br,flag=br,flag=br",{{Notes |{{Notes|August 31th - '''[[Metanoia Wolves]]''' sign {{player|khowy|flag=br}} and {{player|Tineu|flag=br}}.}} }}
CCT South America 2026 Series #5,CCT/2026/South America/Series 5,paiN Gaming Academy,"flag=br,flag=br,flag=br,Misfit,flag=br",
CCT South America 2026 Series #5,CCT/2026/South America/Series 5,MEIA NOITE,"link=abr (Brazilian player),nyezin,bsd,CutzMeretz,team=mibr academy",
CCT South America 2026 Series #5,CCT/2026/South America/Series 5,Procyon Team,"pavv+,lenci,flag=ar,flag=ar,laser",
CCT South America 2026 Series #5,CCT/2026/South America/Series 5,BESTIA Academy,"flag=br,flag=ar,flag=br,flag=ar,flag=br",
CCT South America 2026 Series #5,CCT/2026/South America/Series 5,Alka Esports,"flag=br,proSHOW,vinaabEAST,cerolzin,bnc",
CCT South America 2026 Series #5,CCT/2026/South America/Series 5,BORRACHEIROS,"flag=br,flag=br,flag=br,flag=br,flag=br",
CCT South America 2026 Series #5,CCT/2026/South America/Series 5,ex-Guará eSports,",,,,",
CCT South America 2026 Series #5,CCT/2026/South America/Series 5,Grêmio Esports,"flag=br,flag=br,flag=br,flag=br,souz4h",
CCT South America 2026 Series #5,CCT/2026/South America/Series 5,Sementes do Mal,"flag=br,flag=br,flag=br,flag=br,flag=br,status=sub",
CCT South America 2026 Series #5,CCT/2026/South America/Series 5,Blitzkrieg (Mexican team),"TORITO,flag=mx,flag=mx,spamzzy,flag=mx",
CCT South America 2026 Series #5,CCT/2026/South America/Series 5,DAMAJUANA,"flag=ar,flag=ar,flag=ar,flag=ar,flag=ar,nikito",
CCT South America 2026 Series #5,CCT/2026/South America/Series 5,Pugdesonesto,"flag=br,flag=br,flag=br,flag=br,flag=br",
CCT South America 2026 Series #5,CCT/2026/South America/Series 5,Zetta Games,"zockie,flag=pe,flag=co,flag=pe,flag=pe",
CCT South America 2026 Series #5,CCT/2026/South America/Series 5,Mansão Maromba,"flag=br,flag=br,flag=br,flag=br,flag=br",
CCT South America 2026 Series #5,CCT/2026/South America/Series 5,ODDIK,"nardes,diozera,flag=br,link=righi (Argentinian player),NEKIZ",{{Notes |{{Notes|August 20th - '''[[ODDIK]]''' sign {{Player|NEKIZ|flag=br}}. }} }}
CCT South America 2026 Series #5,CCT/2026/South America/Series 5,Peladona,"history,t9rnay,mlhzin,nicks,Noktse",
